[ITEN1 Reference Specific Tension],[ITEN2 Reference Specific Tension],[ITEN1 Actual Specific Tension],[ITEN2 Actual Specific Tension],[ITEN3 Reference Specific Tension],[ITEN4 Reference Specific Tension],[ITEN3 Actual Specific Tension],[ITEN4 Actual Specific Tension],[Rolling Speed]
ITEN1 Reference Specific Tension,ITEN2 Reference Specific Tension,ITEN1 Actual Specific Tension,ITEN2 Actual Specific Tension,ITEN3 Reference Specific Tension,ITEN4 Reference Specific Tension,ITEN3 Actual Specific Tension,ITEN4 Actual Specific Tension,Rolling Speed
76.4118,97.5388,76.4118,97.5388,79.7484,90.3286,79.7484,90.3286,0
76.4118,97.5388,76.4118,97.5388,79.7484,90.3286,79.7484,90.3286,0
76.3906,97.5216,76.3906,97.5216,79.7484,90.3286,79.7484,90.3286,0
76.3906,97.5216,76.3906,97.5216,79.7484,90.3286,79.7484,90.3286,0
76.3906,97.5216,76.3906,97.5216,79.841,90.2328,79.841,90.2328,0
76.3906,97.5216,76.3906,97.5216,79.841,90.2328,79.841,90.2328,0
76.3618,97.4832,76.3618,97.4832,79.841,90.2328,79.841,90.2328,0
76.3618,97.4832,76.3618,97.4832,79.841,90.2054,79.841,90.2054,0
76.3618,97.4832,76.3618,97.4832,79.933,90.2054,79.933,90.2054,0
76.3618,97.4832,76.3618,97.4832,79.933,90.2054,79.933,90.2054,0
76.3446,97.4786,76.3446,97.4786,79.933,90.2054,79.933,90.2054,0
76.3446,97.4786,76.3446,97.4786,79.933,90.1506,79.933,90.1506,0
76.3446,97.4786,76.3446,97.4786,79.9618,90.1506,79.9618,90.1506,0
76.3446,97.4786,76.3446,97.4786,79.9618,90.1506,79.9618,90.1506,0
76.3146,97.4503,76.3146,97.4503,79.9618,90.1506,79.9618,90.1506,0
76.3146,97.4503,76.3146,97.4503,79.9618,90.1506,79.9618,90.1506,0
76.3146,97.4503,76.3146,97.4503,79.9834,90.1182,79.9834,90.1182,0
76.3146,97.4503,76.3146,97.4503,79.9834,90.1182,79.9834,90.1182,0
76.2716,97.3898,76.2716,97.3898,79.9834,90.1182,79.9834,90.1182,0
76.2716,97.3898,76.2716,97.3898,79.9834,90.1215,79.9834,90.1215,0
76.2716,97.3898,76.2716,97.3898,79.9788,90.1215,79.9788,90.1215,0
76.2716,97.3898,76.2716,97.3898,79.9788,90.1215,79.9788,90.1215,0
76.2274,97.3451,76.2274,97.3451,79.9788,90.1215,79.9788,90.1215,0
76.2274,97.3451,76.2274,97.3451,79.9788,90.1589,79.9788,90.1589,0
76.2274,97.3451,76.2274,97.3451,79.9155,90.1589,79.9155,90.1589,0
76.2274,97.3451,76.2274,97.3451,79.9155,90.1589,79.9155,90.1589,0
76.2263,97.328,76.2263,97.328,79.9155,90.1589,79.9155,90.1589,0
76.2263,97.328,76.2263,97.328,79.9155,90.2417,79.9155,90.2417,0
76.2263,97.328,76.2263,97.328,79.8273,90.2417,79.8273,90.2417,0
76.2263,97.328,76.2263,97.328,79.8273,90.2417,79.8273,90.2417,0
76.2018,97.31,76.2018,97.31,79.8273,90.2417,79.8273,90.2417,0
76.2018,97.31,76.2018,97.31,79.8273,90.3008,79.8273,90.3008,0
76.2018,97.31,76.2018,97.31,79.7308,90.3008,79.7308,90.3008,0
76.2018,97.31,76.2018,97.31,79.7308,90.3008,79.7308,90.3008,0
76.1964,97.314,76.1964,97.314,79.7308,90.3008,79.7308,90.3008,0
76.1964,97.314,76.1964,97.314,79.7308,90.3008,79.7308,90.3008,0
76.1964,97.314,76.1964,97.314,79.6428,90.3715,79.6428,90.3715,0
76.1964,97.314,76.1964,97.314,79.6428,90.3715,79.6428,90.3715,0
76.2105,97.3156,76.2105,97.3156,79.6428,90.3715,79.6428,90.3715,0
76.2105,97.3156,76.2105,97.3156,79.6428,90.453,79.6428,90.453,0
76.2105,97.3156,76.2105,97.3156,79.505,90.453,79.505,90.453,0
76.2105,97.3156,76.2105,97.3156,79.505,90.453,79.505,90.453,0
76.2443,97.3169,76.2443,97.3169,79.505,90.453,79.505,90.453,0
76.2443,97.3169,76.2443,97.3169,79.505,90.5471,79.505,90.5471,0
76.2443,97.3169,76.2443,97.3169,79.3932,90.5471,79.3932,90.5471,0
76.2443,97.3169,76.2443,97.3169,79.3932,90.5471,79.3932,90.5471,0
76.2433,97.3408,76.2433,97.3408,79.3932,90.5471,79.3932,90.5471,0
76.2433,97.3408,76.2433,97.3408,79.3932,90.6104,79.3932,90.6104,0
76.2433,97.3408,76.2433,97.3408,79.2835,90.6104,79.2835,90.6104,0
76.2433,97.3408,76.2433,97.3408,79.2835,90.6104,79.2835,90.6104,0
76.2335,97.3237,76.2335,97.3237,79.2835,90.6104,79.2835,90.6104,0
76.2335,97.3237,76.2335,97.3237,79.2835,90.6499,79.2835,90.6499,0
76.2335,97.3237,76.2335,97.3237,79.2048,90.6499,79.2048,90.6499,0
76.2335,97.3237,76.2335,97.3237,79.2048,90.6499,79.2048,90.6499,0
76.2396,97.317,76.2396,97.317,79.2048,90.6499,79.2048,90.6499,0
76.2396,97.317,76.2396,97.317,79.2048,90.6499,79.2048,90.6499,0
76.2396,97.317,76.2396,97.317,79.1697,90.7145,79.1697,90.7145,0
76.2396,97.317,76.2396,97.317,79.1697,90.7145,79.1697,90.7145,0
76.2668,97.3621,76.2668,97.3621,79.1697,90.7145,79.1697,90.7145,0
76.2668,97.3621,76.2668,97.3621,79.1697,90.7934,79.1697,90.7934,0
76.2668,97.3621,76.2668,97.3621,79.0914,90.7934,79.0914,90.7934,0
76.2668,97.3621,76.2668,97.3621,79.0914,90.7934,79.0914,90.7934,0
76.2465,97.3542,76.2465,97.3542,79.0914,90.7934,79.0914,90.7934,0
76.2465,97.3542,76.2465,97.3542,79.0914,90.7786,79.0914,90.7786,0
76.2465,97.3542,76.2465,97.3542,79.0091,90.7786,79.0091,90.7786,0
76.2465,97.3542,76.2465,97.3542,79.0091,90.7786,79.0091,90.7786,0
76.2381,97.3656,76.2381,97.3656,79.0091,90.7786,79.0091,90.7786,0
76.2381,97.3656,76.2381,97.3656,79.0091,90.7416,79.0091,90.7416,0
76.2381,97.3656,76.2381,97.3656,78.9741,90.7416,78.9741,90.7416,0
76.2381,97.3656,76.2381,97.3656,78.9741,90.7416,78.9741,90.7416,0
76.2509,97.3562,76.2509,97.3562,78.9741,90.7416,78.9741,90.7416,0
76.2509,97.3562,76.2509,97.3562,78.9741,90.8131,78.9741,90.8131,0
76.2509,97.3562,76.2509,97.3562,78.9565,90.8131,78.9565,90.8131,0
76.2509,97.3562,76.2509,97.3562,78.9565,90.8131,78.9565,90.8131,0
76.2717,97.3917,76.2717,97.3917,78.9565,90.8131,78.9565,90.8131,0
76.2717,97.3917,76.2717,97.3917,78.9565,90.8131,78.9565,90.8131,0
76.2717,97.3917,76.2717,97.3917,78.8896,90.8593,78.8896,90.8593,0
76.2721,97.3917,76.2721,97.3917,78.8896,90.8593,78.8896,90.8593,0
76.2721,97.4102,76.2721,97.4102,78.8896,90.8593,78.8896,90.8593,0
76.2721,97.4102,76.2721,97.4102,78.8896,90.8176,78.8896,90.8176,0
76.2721,97.4102,76.2721,97.4102,78.8651,90.8176,78.8651,90.8176,0
76.2721,97.4102,76.2721,97.4102,78.8651,90.8176,78.8651,90.8176,0
76.2756,97.4074,76.2756,97.4074,78.8651,90.8176,78.8651,90.8176,0
76.2756,97.4074,76.2756,97.4074,78.8651,90.7947,78.8651,90.7947,0
76.2756,97.4074,76.2756,97.4074,78.8572,90.7947,78.8572,90.7947,0
76.2756,97.4074,76.2756,97.4074,78.8572,90.7947,78.8572,90.7947,0
76.3294,97.4263,76.3294,97.4263,78.8572,90.7947,78.8572,90.7947,0
76.3294,97.4263,76.3294,97.4263,78.8572,90.869,78.8572,90.869,0
76.3294,97.4263,76.3294,97.4263,78.8427,90.869,78.8427,90.869,0
76.3294,97.4263,76.3294,97.4263,78.8427,90.869,78.8427,90.869,0
76.4289,97.4735,76.4289,97.4735,78.8427,90.869,78.8427,90.869,0
76.4289,97.4735,76.4289,97.4735,78.8427,90.92,78.8427,90.92,0
76.4289,97.4735,76.4289,97.4735,78.7903,90.92,78.7903,90.92,0
76.4289,97.4735,76.4289,97.4735,78.7903,90.92,78.7903,90.92,0
76.4403,97.4894,76.4403,97.4894,78.7903,90.92,78.7903,90.92,0
76.4403,97.4894,76.4403,97.4894,78.7903,90.92,78.7903,90.92,0
76.4403,97.4894,76.4403,97.4894,78.798,90.8027,78.798,90.8027,0
76.4403,97.4894,76.4403,97.4894,78.798,90.8027,78.798,90.8027,0
76.4585,97.5032,76.4585,97.5032,78.798,90.8027,78.798,90.8027,0
76.4585,97.5032,76.4585,97.5032,78.798,90.7191,78.798,90.7191,0
76.4585,97.5032,76.4585,97.5032,78.8406,90.7191,78.8406,90.7191,0
76.4585,97.5032,76.4585,97.5032,78.8406,90.7191,78.8406,90.7191,0
76.5053,97.5422,76.5053,97.5422,78.8406,90.7191,78.8406,90.7191,0
76.5053,97.5422,76.5053,97.5422,78.8406,90.7364,78.8406,90.7364,0
76.5053,97.5422,76.5053,97.5422,78.8543,90.7364,78.8543,90.7364,0
76.5053,97.5422,76.5053,97.5422,78.8543,90.7364,78.8543,90.7364,0
76.5697,97.5587,76.5697,97.5587,78.8543,90.7364,78.8543,90.7364,0
76.5697,97.5587,76.5697,97.5587,78.8543,90.7803,78.8543,90.7803,0
76.5697,97.5587,76.5697,97.5587,78.8383,90.7803,78.8383,90.7803,0
76.5697,97.5587,76.5697,97.5587,78.8383,90.7803,78.8383,90.7803,0
76.5409,97.5396,76.5409,97.5396,78.8383,90.7803,78.8383,90.7803,0
76.5409,97.5396,76.5409,97.5396,78.8383,90.7169,78.8383,90.7169,0
76.5409,97.5396,76.5409,97.5396,78.8726,90.7169,78.8726,90.7169,0
76.5448,97.5565,76.5448,97.5565,78.8726,90.7169,78.8726,90.7169,0
76.5448,97.5565,76.5448,97.5565,78.8726,90.7169,78.8726,90.7169,0
76.5448,97.5565,76.5448,97.5565,78.8726,90.7169,78.8726,90.7169,0
76.5448,97.5565,76.5448,97.5565,78.8795,90.7172,78.8795,90.7172,0
76.5448,97.5565,76.5448,97.5565,78.8795,90.7172,78.8795,90.7172,0
76.5899,97.5475,76.5899,97.5475,78.8795,90.7172,78.8795,90.7172,0
76.5899,97.5475,76.5899,97.5475,78.8795,90.7559,78.8795,90.7559,0
76.5899,97.5475,76.5899,97.5475,78.876,90.7559,78.876,90.7559,0
76.5899,97.5475,76.5899,97.5475,78.876,90.7559,78.876,90.7559,0
76.5594,97.537,76.5594,97.537,78.876,90.7559,78.876,90.7559,0
76.5594,97.537,76.5594,97.537,78.876,90.769,78.876,90.769,0
76.5594,97.537,76.5594,97.537,78.9278,90.769,78.9278,90.769,0
76.5594,97.537,76.5594,97.537,78.9278,90.769,78.9278,90.769,0
76.5089,97.4908,76.5089,97.4908,78.9278,90.769,78.9278,90.769,0
76.5089,97.4908,76.5089,97.4908,78.9278,90.7126,78.9278,90.7126,0
76.5089,97.4908,76.5089,97.4908,79.0327,90.7126,79.0327,90.7126,0
76.5089,97.4908,76.5089,97.4908,79.0327,90.7126,79.0327,90.7126,0
76.4797,97.4759,76.4797,97.4759,79.0327,90.7126,79.0327,90.7126,0
76.4797,97.4759,76.4797,97.4759,79.0327,90.6715,79.0327,90.6715,0
76.4797,97.4759,76.4797,97.4759,79.0955,90.6715,79.0955,90.6715,0
76.459,97.4759,76.459,97.4759,79.0955,90.6715,79.0955,90.6715,0
76.459,97.4392,76.459,97.4392,79.0955,90.6715,79.0955,90.6715,0
76.459,97.4392,76.459,97.4392,79.0955,90.6715,79.0955,90.6715,0
76.459,97.4392,76.459,97.4392,79.1387,90.716,79.1387,90.716,0
76.442,97.4392,76.442,97.4392,79.1387,90.716,79.1387,90.716,0
76.442,97.4108,76.442,97.4108,79.1387,90.716,79.1387,90.716,0
76.442,97.4108,76.442,97.4108,79.1387,90.7524,79.1387,90.7524,0
76.442,97.4108,76.442,97.4108,79.1681,90.7524,79.1681,90.7524,0
76.442,97.4108,76.442,97.4108,79.1681,90.7524,79.1681,90.7524,0
76.3631,97.3313,76.3631,97.3313,79.1681,90.7524,79.1681,90.7524,0
76.3631,97.3313,76.3631,97.3313,79.1681,90.719,79.1681,90.719,0
76.3631,97.3313,76.3631,97.3313,79.2639,90.719,79.2639,90.719,0
76.3631,97.3313,76.3631,97.3313,79.2639,90.719,79.2639,90.719,0
76.3087,97.2882,76.3087,97.2882,79.2639,90.719,79.2639,90.719,0
76.3087,97.2882,76.3087,97.2882,79.2639,90.7785,79.2639,90.7785,0
76.3087,97.2882,76.3087,97.2882,79.3069,90.7785,79.3069,90.7785,0
76.3087,97.2882,76.3087,97.2882,79.3069,90.7785,79.3069,90.7785,0
76.2884,97.2725,76.2884,97.2725,79.3069,90.7785,79.3069,90.7785,0
76.2884,97.2725,76.2884,97.2725,79.3069,90.8148,79.3069,90.8148,0
76.2884,97.2725,76.2884,97.2725,79.3583,90.8148,79.3583,90.8148,0
76.2884,97.2725,76.2884,97.2725,79.3583,90.8148,79.3583,90.8148,0
76.2348,97.179,76.2348,97.179,79.3583,90.8148,79.3583,90.8148,0
76.2348,97.179,76.2348,97.179,79.3583,90.8148,79.3583,90.8148,0
76.2348,97.179,76.2348,97.179,79.4307,90.8172,79.4307,90.8172,0
76.1445,97.179,76.1445,97.179,79.4307,90.8172,79.4307,90.8172,0
76.1445,97.0788,76.1445,97.0788,79.4307,90.8172,79.4307,90.8172,0
76.1445,97.0788,76.1445,97.0788,79.4307,90.7707,79.4307,90.7707,0
76.1445,97.0788,76.1445,97.0788,79.4566,90.7707,79.4566,90.7707,0
76.1445,97.0788,76.1445,97.0788,79.4566,90.7707,79.4566,90.7707,0
76.0527,97.0074,76.0527,97.0074,79.4566,90.7707,79.4566,90.7707,0
76.0527,97.0074,76.0527,97.0074,79.4566,90.7339,79.4566,90.7339,0
76.0527,97.0074,76.0527,97.0074,79.4223,90.7339,79.4223,90.7339,0
76.0527,97.0074,76.0527,97.0074,79.4223,90.7339,79.4223,90.7339,0
76.0208,96.9921,76.0208,96.9921,79.4223,90.7339,79.4223,90.7339,0
76.0208,96.9921,76.0208,96.9921,79.4223,90.7162,79.4223,90.7162,0
76.0208,96.9921,76.0208,96.9921,79.3993,90.7162,79.3993,90.7162,0
75.9527,96.9299,75.9527,96.9299,79.3993,90.7162,79.3993,90.7162,0
75.9527,96.9299,75.9527,96.9299,79.3993,90.7162,79.3993,90.7162,0
75.9527,96.9299,75.9527,96.9299,79.3993,90.698,79.3993,90.698,0
75.9527,96.9299,75.9527,96.9299,79.4238,90.698,79.4238,90.698,0
75.8562,96.8683,75.8562,96.8683,79.4238,90.698,79.4238,90.698,0
75.8562,96.8683,75.8562,96.8683,79.4238,90.698,79.4238,90.698,0
75.8562,96.8683,75.8562,96.8683,79.4238,90.698,79.4238,90.698,0
75.8562,96.8683,75.8562,96.8683,79.4015,90.6793,79.4015,90.6793,0
75.7644,96.8683,75.7644,96.8683,79.4015,90.6793,79.4015,90.6793,0
75.7644,96.8106,75.7644,96.8106,79.4015,90.6793,79.4015,90.6793,0
75.7644,96.8106,75.7644,96.8106,79.4015,90.6541,79.4015,90.6541,0
75.7644,96.8106,75.7644,96.8106,79.3287,90.6541,79.3287,90.6541,0
75.7415,96.8106,75.7415,96.8106,79.3287,90.6541,79.3287,90.6541,0
75.7415,96.831,75.7415,96.831,79.3287,90.6541,79.3287,90.6541,0
75.7415,96.831,75.7415,96.831,79.3287,90.6434,79.3287,90.6434,0
75.7415,96.831,75.7415,96.831,79.2378,90.6434,79.2378,90.6434,0
75.7415,96.831,75.7415,96.831,79.2378,90.6434,79.2378,90.6434,0
75.7017,96.8705,75.7017,96.8705,79.2378,90.6434,79.2378,90.6434,0
75.7017,96.8705,75.7017,96.8705,79.2378,90.6223,79.2378,90.6223,0
75.7017,96.8705,75.7017,96.8705,79.1583,90.6223,79.1583,90.6223,0
75.6494,96.8705,75.6494,96.8705,79.1583,90.6223,79.1583,90.6223,0
75.6494,96.9085,75.6494,96.9085,79.1583,90.6223,79.1583,90.6223,0
75.6494,96.9085,75.6494,96.9085,79.1583,90.5826,79.1583,90.5826,0
75.6494,96.9085,75.6494,96.9085,79.0669,90.5826,79.0669,90.5826,0
75.6518,96.9085,75.6518,96.9085,79.0669,90.5826,79.0669,90.5826,0
75.6518,96.9763,75.6518,96.9763,79.0669,90.5826,79.0669,90.5826,0
75.6518,96.9763,75.6518,96.9763,79.0669,90.5826,79.0669,90.5826,0
75.6518,96.9763,75.6518,96.9763,78.9072,90.5451,78.9072,90.5451,0
75.6601,96.9763,75.6601,96.9763,78.9072,90.5451,78.9072,90.5451,0
75.6601,97.0758,75.6601,97.0758,78.9072,90.5451,78.9072,90.5451,0
75.6601,97.0758,75.6601,97.0758,78.9072,90.5318,78.9072,90.5318,0
75.6601,97.0758,75.6601,97.0758,78.8149,90.5318,78.8149,90.5318,0
75.6389,97.0758,75.6389,97.0758,78.8149,90.5318,78.8149,90.5318,0
75.6389,97.1597,75.6389,97.1597,78.8149,90.5318,78.8149,90.5318,0
75.6389,97.1597,75.6389,97.1597,78.8149,90.4775,78.8149,90.4775,0
75.6389,97.1597,75.6389,97.1597,78.7141,90.4775,78.7141,90.4775,0
75.6389,97.1597,75.6389,97.1597,78.7141,90.4775,78.7141,90.4775,0
75.6636,97.2732,75.6636,97.2732,78.7141,90.4775,78.7141,90.4775,0
75.6636,97.2732,75.6636,97.2732,78.7141,90.3945,78.7141,90.3945,0
75.6636,97.2732,75.6636,97.2732,78.6032,90.3945,78.6032,90.3945,0
75.7016,97.2732,75.7016,97.2732,78.6032,90.3945,78.6032,90.3945,0
75.7016,97.3889,75.7016,97.3889,78.6032,90.3945,78.6032,90.3945,0
75.7016,97.3889,75.7016,97.3889,78.6032,90.2732,78.6032,90.2732,0
75.7016,97.3889,75.7016,97.3889,78.3983,90.2732,78.3983,90.2732,0
75.7538,97.3889,75.7538,97.3889,78.3983,90.2732,78.3983,90.2732,0
75.7538,97.5455,75.7538,97.5455,78.3983,90.2732,78.3983,90.2732,0
75.7538,97.5455,75.7538,97.5455,78.3983,90.2732,78.3983,90.2732,0
75.7538,97.5455,75.7538,97.5455,78.2265,90.2819,78.2265,90.2819,0
75.7831,97.6331,75.7831,97.6331,78.2265,90.2819,78.2265,90.2819,0
75.7831,97.6331,75.7831,97.6331,78.2265,90.2819,78.2265,90.2819,0
75.7831,97.6331,75.7831,97.6331,78.2265,90.3337,78.2265,90.3337,0
75.7831,97.6331,75.7831,97.6331,78.2091,90.3337,78.2091,90.3337,0
75.8313,97.6331,75.8313,97.6331,78.2091,90.3337,78.2091,90.3337,0
75.8313,97.7235,75.8313,97.7235,78.2091,90.3337,78.2091,90.3337,0
75.8313,97.7235,75.8313,97.7235,78.2091,90.2184,78.2091,90.2184,0
75.8313,97.7235,75.8313,97.7235,78.1514,90.2184,78.1514,90.2184,0
75.8313,97.7235,75.8313,97.7235,78.1514,90.2184,78.1514,90.2184,0
75.8899,97.8342,75.8899,97.8342,78.1514,90.2184,78.1514,90.2184,0
75.8899,97.8342,75.8899,97.8342,78.1514,90.1253,78.1514,90.1253,0
75.8899,97.8342,75.8899,97.8342,78.087,90.1253,78.087,90.1253,0
75.9417,97.8342,75.9417,97.8342,78.087,90.1253,78.087,90.1253,0
75.9417,97.9133,75.9417,97.9133,78.087,90.1253,78.087,90.1253,0
75.9417,97.9133,75.9417,97.9133,78.087,90.0714,78.087,90.0714,0
75.9417,97.9133,75.9417,97.9133,78.0797,90.0714,78.0797,90.0714,0
75.9892,97.9133,75.9892,97.9133,78.0797,90.0714,78.0797,90.0714,0
75.9892,97.9367,75.9892,97.9367,78.0797,90.0714,78.0797,90.0714,0
75.9892,97.9367,75.9892,97.9367,78.0797,90.0714,78.0797,90.0714,0
75.9892,97.9367,75.9892,97.9367,78.2132,90.0695,78.2132,90.0695,0
76.0274,97.9367,76.0274,97.9367,78.2132,90.0695,78.2132,90.0695,0
76.0274,97.9313,76.0274,97.9313,78.2132,90.0695,78.2132,90.0695,0
76.0274,97.9313,76.0274,97.9313,78.2132,89.9052,78.2132,89.9052,0
76.0274,97.9313,76.0274,97.9313,78.3366,89.9052,78.3366,89.9052,0
76.0861,97.9554,76.0861,97.9554,78.3366,89.9052,78.3366,89.9052,0
76.0861,97.9554,76.0861,97.9554,78.3366,89.9052,78.3366,89.9052,0
76.0861,97.9554,76.0861,97.9554,78.3366,89.8316,78.3366,89.8316,0
76.0861,97.9554,76.0861,97.9554,78.4649,89.8316,78.4649,89.8316,0
76.0861,97.9554,76.0861,97.9554,78.4649,89.8316,78.4649,89.8316,0
76.1361,97.9711,76.1361,97.9711,78.4649,89.8316,78.4649,89.8316,0
76.1361,97.9711,76.1361,97.9711,78.4649,89.8508,78.4649,89.8508,0
76.1361,97.9711,76.1361,97.9711,78.68,89.8508,78.68,89.8508,0
76.1916,97.9711,76.1916,97.9711,78.68,89.8508,78.68,89.8508,0
76.1916,97.9408,76.1916,97.9408,78.68,89.8508,78.68,89.8508,0
76.1916,97.9408,76.1916,97.9408,78.68,89.828,78.68,89.828,0
76.1916,97.9408,76.1916,97.9408,79.0168,89.828,79.0168,89.828,0
76.2454,97.9408,76.2454,97.9408,79.0168,89.828,79.0168,89.828,0
76.2454,97.9037,76.2454,97.9037,79.0168,89.828,79.0168,89.828,0
76.2454,97.9037,76.2454,97.9037,79.0168,89.828,79.0168,89.828,0
76.2454,97.9037,76.2454,97.9037,79.3845,89.7212,79.3845,89.7212,0
76.3092,97.9051,76.3092,97.9051,79.3845,89.7212,79.3845,89.7212,0
76.3092,97.9051,76.3092,97.9051,79.3845,89.7212,79.3845,89.7212,0
76.3092,97.9051,76.3092,97.9051,79.3845,89.6511,79.3845,89.6511,0
76.3092,97.9051,76.3092,97.9051,79.6642,89.6511,79.6642,89.6511,0
76.3722,97.9051,76.3722,97.9051,79.6642,89.6511,79.6642,89.6511,0
76.3722,97.9031,76.3722,97.9031,79.6642,89.6511,79.6642,89.6511,0
76.3722,97.9031,76.3722,97.9031,79.6642,89.6285,79.6642,89.6285,0
76.3722,97.9031,76.3722,97.9031,79.9701,89.6285,79.9701,89.6285,0
76.3722,97.9031,76.3722,97.9031,79.9701,89.6285,79.9701,89.6285,0
76.4149,97.9046,76.4149,97.9046,79.9701,89.6285,79.9701,89.6285,0
76.4149,97.9046,76.4149,97.9046,79.9701,89.6684,79.9701,89.6684,0
76.4149,97.9046,76.4149,97.9046,80.3579,89.6684,80.3579,89.6684,0
76.4556,97.9091,76.4556,97.9091,80.3579,89.6684,80.3579,89.6684,0
76.4556,97.9091,76.4556,97.9091,80.3579,89.6684,80.3579,89.6684,0
76.4556,97.9091,76.4556,97.9091,80.3579,89.4825,80.3579,89.4825,0
76.4556,97.9091,76.4556,97.9091,80.7269,89.4825,80.7269,89.4825,0
76.4921,97.9091,76.4921,97.9091,80.7269,89.4825,80.7269,89.4825,0
76.4921,97.9389,76.4921,97.9389,80.7269,89.4825,80.7269,89.4825,0
76.4921,97.9389,76.4921,97.9389,80.7269,89.4825,80.7269,89.4825,0
76.4921,97.9389,76.4921,97.9389,81.0634,89.3452,81.0634,89.3452,0
76.5073,97.9608,76.5073,97.9608,81.0634,89.3452,81.0634,89.3452,0
76.5073,97.9608,76.5073,97.9608,81.0634,89.3452,81.0634,89.3452,0
76.5073,97.9608,76.5073,97.9608,81.0634,89.3395,81.0634,89.3395,0
76.5073,97.9608,76.5073,97.9608,81.2954,89.3395,81.2954,89.3395,0
76.5217,97.9608,76.5217,97.9608,81.2954,89.3395,81.2954,89.3395,0
76.5217,97.9731,76.5217,97.9731,81.2954,89.3395,81.2954,89.3395,0
76.5217,97.9731,76.5217,97.9731,81.2954,89.3709,81.2954,89.3709,0
76.5217,97.9731,76.5217,97.9731,81.5086,89.3709,81.5086,89.3709,0
76.5217,97.9731,76.5217,97.9731,81.5086,89.3709,81.5086,89.3709,0
76.5927,98.0491,76.5927,98.0491,81.5086,89.3709,81.5086,89.3709,0
76.5927,98.0491,76.5927,98.0491,81.5086,89.3709,81.5086,89.3709,0
76.5927,98.0491,76.5927,98.0491,81.7155,89.2837,81.7155,89.2837,0
76.6514,98.0999,76.6514,98.0999,81.7155,89.2837,81.7155,89.2837,0
76.6514,98.0999,76.6514,98.0999,81.7155,89.2837,81.7155,89.2837,0
76.6514,98.0999,76.6514,98.0999,81.7155,89.2109,81.7155,89.2109,0
76.6514,98.0999,76.6514,98.0999,81.8334,89.2109,81.8334,89.2109,0
76.6384,98.0999,76.6384,98.0999,81.8334,89.2109,81.8334,89.2109,0
76.6384,98.1033,76.6384,98.1033,81.8334,89.2109,81.8334,89.2109,0
76.6384,98.1033,76.6384,98.1033,81.8334,89.2109,81.8334,89.2109,0
76.6384,98.1033,76.6384,98.1033,81.845,89.2408,81.845,89.2408,0
76.6526,98.1549,76.6526,98.1549,81.845,89.2408,81.845,89.2408,0
76.6526,98.1549,76.6526,98.1549,81.845,89.2408,81.845,89.2408,0
76.6526,98.1549,76.6526,98.1549,81.845,89.4118,81.845,89.4118,0
76.6526,98.1549,76.6526,98.1549,81.8384,89.4118,81.8384,89.4118,0
76.682,98.1767,76.682,98.1767,81.8384,89.4118,81.8384,89.4118,0
76.682,98.1767,76.682,98.1767,81.8384,89.4118,81.8384,89.4118,0
76.682,98.1767,76.682,98.1767,81.8384,89.5369,81.8384,89.5369,0
76.682,98.1767,76.682,98.1767,81.8673,89.5369,81.8673,89.5369,0
76.682,98.1767,76.682,98.1767,81.8673,89.5369,81.8673,89.5369,0
76.6845,98.1873,76.6845,98.1873,81.8673,89.5369,81.8673,89.5369,0
76.6845,98.1873,76.6845,98.1873,81.8673,89.6964,81.8673,89.6964,0
76.6845,98.1873,76.6845,98.1873,81.7647,89.6964,81.7647,89.6964,0
76.6845,98.1873,76.6845,98.1873,81.7647,89.6964,81.7647,89.6964,0
76.6712,98.218,76.6712,98.218,81.7647,89.6964,81.7647,89.6964,0
76.6712,98.218,76.6712,98.218,81.7647,89.9761,81.7647,89.9761,0
76.6712,98.218,76.6712,98.218,81.6343,89.9761,81.6343,89.9761,0
76.6699,98.218,76.6699,98.218,81.6343,89.9761,81.6343,89.9761,0
76.6699,98.2187,76.6699,98.2187,81.6343,89.9761,81.6343,89.9761,0
76.6699,98.2187,76.6699,98.2187,81.6343,89.9761,81.6343,89.9761,0
76.6699,98.2187,76.6699,98.2187,81.5073,90.3006,81.5073,90.3006,0
76.7006,98.2241,76.7006,98.2241,81.5073,90.3006,81.5073,90.3006,0
76.7006,98.2241,76.7006,98.2241,81.5073,90.3006,81.5073,90.3006,0
76.7006,98.2241,76.7006,98.2241,81.374,90.4782,81.374,90.4782,0
76.7006,98.2241,76.7006,98.2241,81.374,90.4782,81.374,90.4782,0
76.6959,98.2155,76.6959,98.2155,81.374,90.4782,81.374,90.4782,0
76.6959,98.2155,76.6959,98.2155,81.374,90.4782,81.374,90.4782,0
76.6959,98.2155,76.6959,98.2155,81.374,90.6981,81.374,90.6981,0
76.6959,98.2155,76.6959,98.2155,81.1426,90.6981,81.1426,90.6981,0
76.6959,98.2155,76.6959,98.2155,81.1426,90.6981,81.1426,90.6981,0
76.6735,98.171,76.6735,98.171,81.1426,90.6981,81.1426,90.6981,0
76.6735,98.171,76.6735,98.171,81.1426,90.9129,81.1426,90.9129,0
76.6735,98.171,76.6735,98.171,80.8804,90.9129,80.8804,90.9129,0
76.6756,98.171,76.6756,98.171,80.8804,90.9129,80.8804,90.9129,0
76.6756,98.1346,76.6756,98.1346,80.8804,90.9129,80.8804,90.9129,0
76.6756,98.1346,76.6756,98.1346,80.8804,91.1856,80.8804,91.1856,0
76.6756,98.1346,76.6756,98.1346,80.6789,91.1856,80.6789,91.1856,0
76.6792,98.1346,76.6792,98.1346,80.6789,91.1856,80.6789,91.1856,0
76.6792,98.0933,76.6792,98.0933,80.6789,91.1856,80.6789,91.1856,0
76.6792,98.0933,76.6792,98.0933,80.6789,91.1856,80.6789,91.1856,0
76.6792,98.0933,76.6792,98.0933,80.4524,91.3331,80.4524,91.3331,0
76.6471,98.0531,76.6471,98.0531,80.4524,91.3331,80.4524,91.3331,0
76.6471,98.0531,76.6471,98.0531,80.4524,91.3331,80.4524,91.3331,0
76.6471,98.0531,76.6471,98.0531,80.4524,91.4775,80.4524,91.4775,0
76.6471,98.0531,76.6471,98.0531,80.1577,91.4775,80.1577,91.4775,0
76.5999,98.0103,76.5999,98.0103,80.1577,91.4775,80.1577,91.4775,0
76.5999,98.0103,76.5999,98.0103,80.1577,91.4775,80.1577,91.4775,0
76.5999,98.0103,76.5999,98.0103,80.1577,91.6317,80.1577,91.6317,0
76.5999,98.0103,76.5999,98.0103,79.9155,91.6317,79.9155,91.6317,0
76.5999,98.0103,76.5999,98.0103,79.9155,91.6317,79.9155,91.6317,0
76.6128,97.9606,76.6128,97.9606,79.9155,91.6317,79.9155,91.6317,0
76.6128,97.9606,76.6128,97.9606,79.9155,91.7691,79.9155,91.7691,0
76.6128,97.9606,76.6128,97.9606,79.7222,91.7691,79.7222,91.7691,0
76.5972,97.9232,76.5972,97.9232,79.7222,91.7691,79.7222,91.7691,0
76.5972,97.9232,76.5972,97.9232,79.7222,91.7691,79.7222,91.7691,0
76.5972,97.9232,76.5972,97.9232,79.7222,91.7389,79.7222,91.7389,0
76.5972,97.9232,76.5972,97.9232,79.5044,91.7389,79.5044,91.7389,0
76.5653,97.9232,76.5653,97.9232,79.5044,91.7389,79.5044,91.7389,0
76.5653,97.8739,76.5653,97.8739,79.5044,91.7389,79.5044,91.7389,0
76.5653,97.8739,76.5653,97.8739,79.5044,91.7389,79.5044,91.7389,0
76.5653,97.8739,76.5653,97.8739,79.2957,91.6296,79.2957,91.6296,0
76.5768,97.8359,76.5768,97.8359,79.2957,91.6296,79.2957,91.6296,0
76.5768,97.8359,76.5768,97.8359,79.2957,91.6296,79.2957,91.6296,0
76.5768,97.8359,76.5768,97.8359,79.2957,91.5849,79.2957,91.5849,0
76.5768,97.8359,76.5768,97.8359,79.1502,91.5849,79.1502,91.5849,0
76.5996,97.7682,76.5996,97.7682,79.1502,91.5849,79.1502,91.5849,0
76.5996,97.7682,76.5996,97.7682,79.1502,91.5849,79.1502,91.5849,0
76.5996,97.7682,76.5996,97.7682,79.1502,91.4713,79.1502,91.4713,0
76.5996,97.7682,76.5996,97.7682,79.0815,91.4713,79.0815,91.4713,0
76.5996,97.7682,76.5996,97.7682,79.0815,91.4713,79.0815,91.4713,0
76.5559,97.7453,76.5559,97.7453,79.0815,91.4713,79.0815,91.4713,0
76.5559,97.7453,76.5559,97.7453,79.0815,91.3261,79.0815,91.3261,0
76.5559,97.7453,76.5559,97.7453,79.0162,91.3261,79.0162,91.3261,0
76.5181,97.7453,76.5181,97.7453,79.0162,91.3261,79.0162,91.3261,0
76.5181,97.694,76.5181,97.694,79.0162,91.3261,79.0162,91.3261,0
76.5181,97.694,76.5181,97.694,79.0162,91.031,79.0162,91.031,0
76.5181,97.694,76.5181,97.694,78.9758,91.031,78.9758,91.031,0
76.5076,97.6397,76.5076,97.6397,78.9758,91.031,78.9758,91.031,0
76.5076,97.6397,76.5076,97.6397,78.9758,91.031,78.9758,91.031,0
76.5076,97.6397,76.5076,97.6397,78.9758,91.031,78.9758,91.031,0
76.5076,97.6397,76.5076,97.6397,79.0135,90.7483,79.0135,90.7483,0
76.4863,97.6336,76.4863,97.6336,79.0135,90.7483,79.0135,90.7483,0
76.4863,97.6336,76.4863,97.6336,79.0135,90.7483,79.0135,90.7483,0
76.4863,97.6336,76.4863,97.6336,79.0135,90.5852,79.0135,90.5852,0
76.4863,97.6336,76.4863,97.6336,79.0575,90.5852,79.0575,90.5852,0
76.3726,97.6669,76.3726,97.6669,79.0575,90.5852,79.0575,90.5852,0
76.3726,97.6669,76.3726,97.6669,79.0575,90.5852,79.0575,90.5852,0
76.3726,97.6669,76.3726,97.6669,79.0575,90.4218,79.0575,90.4218,0
76.3726,97.6669,76.3726,97.6669,79.1733,90.4218,79.1733,90.4218,0
76.3726,97.6669,76.3726,97.6669,79.1733,90.4218,79.1733,90.4218,0
76.3866,97.6379,76.3866,97.6379,79.1733,90.4218,79.1733,90.4218,0
76.3866,97.6379,76.3866,97.6379,79.1733,90.1428,79.1733,90.1428,0
76.3866,97.6379,76.3866,97.6379,79.2398,90.1428,79.2398,90.1428,0
76.4139,97.6379,76.4139,97.6379,79.2398,90.1428,79.2398,90.1428,0
76.4139,97.6094,76.4139,97.6094,79.2398,90.1428,79.2398,90.1428,0
76.4139,97.6094,76.4139,97.6094,79.2398,89.9765,79.2398,89.9765,0
76.4139,97.6094,76.4139,97.6094,79.3175,89.9765,79.3175,89.9765,0
76.4535,97.6283,76.4535,97.6283,79.3175,89.9765,79.3175,89.9765,0
76.4535,97.6283,76.4535,97.6283,79.3175,89.9765,79.3175,89.9765,0
76.4535,97.6283,76.4535,97.6283,79.3175,89.9765,79.3175,89.9765,0
76.4535,97.6283,76.4535,97.6283,79.465,89.9284,79.465,89.9284,0
76.328,97.7033,76.328,97.7033,79.465,89.9284,79.465,89.9284,0
76.328,97.7033,76.328,97.7033,79.465,89.9284,79.465,89.9284,0
76.328,97.7033,76.328,97.7033,79.6252,89.8717,79.6252,89.8717,0
76.328,97.7033,76.328,97.7033,79.6252,89.8717,79.6252,89.8717,0
76.371,97.6506,76.371,97.6506,79.6252,89.8717,79.6252,89.8717,0
76.371,97.6506,76.371,97.6506,79.6252,89.8717,79.6252,89.8717,0
76.371,97.6506,76.371,97.6506,79.6252,89.7843,79.6252,89.7843,0
76.371,97.6506,76.371,97.6506,79.6977,89.7843,79.6977,89.7843,0
76.371,97.6506,76.371,97.6506,79.6977,89.7843,79.6977,89.7843,0
76.4452,97.6238,76.4452,97.6238,79.6977,89.7843,79.6977,89.7843,0
76.4452,97.6238,76.4452,97.6238,79.8096,89.7785,79.8096,89.7785,0
76.4452,97.6238,76.4452,97.6238,79.8096,89.7785,79.8096,89.7785,0
76.4937,97.5725,76.4937,97.5725,79.8096,89.7785,79.8096,89.7785,0
76.4937,97.5725,76.4937,97.5725,79.8096,89.7785,79.8096,89.7785,0
76.4937,97.5725,76.4937,97.5725,79.8096,89.8198,79.8096,89.8198,0
76.4937,97.5725,76.4937,97.5725,79.9082,89.8198,79.9082,89.8198,0
76.5182,97.5725,76.5182,97.5725,79.9082,89.8198,79.9082,89.8198,0
76.5182,97.5379,76.5182,97.5379,79.9082,89.8198,79.9082,89.8198,0
76.5182,97.5379,76.5182,97.5379,79.9082,89.8198,79.9082,89.8198,0
76.5182,97.5379,76.5182,97.5379,79.9527,89.8734,79.9527,89.8734,0
76.5421,97.5217,76.5421,97.5217,79.9527,89.8734,79.9527,89.8734,0
76.5421,97.5217,76.5421,97.5217,79.9527,89.8734,79.9527,89.8734,0
76.5421,97.5217,76.5421,97.5217,79.9446,89.9086,79.9446,89.9086,0
76.5421,97.5217,76.5421,97.5217,79.9446,89.9086,79.9446,89.9086,0
76.6068,97.4889,76.6068,97.4889,79.9446,89.9086,79.9446,89.9086,0
76.6068,97.4889,76.6068,97.4889,79.9446,89.9086,79.9446,89.9086,0
76.6068,97.4889,76.6068,97.4889,79.9946,90.0157,79.9946,90.0157,0
76.6068,97.4889,76.6068,97.4889,79.9946,90.0157,79.9946,90.0157,0
76.6068,97.4889,76.6068,97.4889,79.9946,90.0157,79.9946,90.0157,0
76.628,97.4702,76.628,97.4702,79.9946,90.0157,79.9946,90.0157,0
76.628,97.4702,76.628,97.4702,80.0284,90.2374,80.0284,90.2374,0
76.628,97.4702,76.628,97.4702,80.0284,90.2374,80.0284,90.2374,0
76.667,97.4354,76.667,97.4354,80.0284,90.2374,80.0284,90.2374,0
76.667,97.4354,76.667,97.4354,80.0284,90.2374,80.0284,90.2374,0
76.667,97.4354,76.667,97.4354,80.0086,90.455,80.0086,90.455,0
76.667,97.4354,76.667,97.4354,80.0086,90.455,80.0086,90.455,0
76.6932,97.437,76.6932,97.437,80.0086,90.455,80.0086,90.455,0
76.6932,97.437,76.6932,97.437,80.0086,90.455,80.0086,90.455,0
76.6932,97.437,76.6932,97.437,80.0086,90.455,80.0086,90.455,0
76.6932,97.437,76.6932,97.437,79.9399,90.5984,79.9399,90.5984,0
76.7012,97.4359,76.7012,97.4359,79.9399,90.5984,79.9399,90.5984,0
76.7012,97.4359,76.7012,97.4359,79.9399,90.5984,79.9399,90.5984,0
76.7012,97.4359,76.7012,97.4359,79.9271,90.8461,79.9271,90.8461,0
76.7012,97.4359,76.7012,97.4359,79.9271,90.8461,79.9271,90.8461,0
76.7289,97.4284,76.7289,97.4284,79.9271,90.8461,79.9271,90.8461,0
76.7289,97.4284,76.7289,97.4284,79.9271,90.8461,79.9271,90.8461,0
76.7289,97.4284,76.7289,97.4284,79.8994,91.09,79.8994,91.09,0
76.7289,97.4284,76.7289,97.4284,79.8994,91.09,79.8994,91.09,0
76.7289,97.4284,76.7289,97.4284,79.8994,91.09,79.8994,91.09,0
76.7381,97.4614,76.7381,97.4614,79.8994,91.09,79.8994,91.09,0
76.7381,97.4614,76.7381,97.4614,79.8994,91.2561,79.8994,91.2561,0
76.7381,97.4614,76.7381,97.4614,79.8182,91.2561,79.8182,91.2561,0
76.738,97.5227,76.738,97.5227,79.8182,91.2561,79.8182,91.2561,0
76.738,97.5227,76.738,97.5227,79.8182,91.2561,79.8182,91.2561,0
76.738,97.5227,76.738,97.5227,79.7001,91.3287,79.7001,91.3287,0
76.738,97.5227,76.738,97.5227,79.7001,91.3287,79.7001,91.3287,0
76.7851,97.5227,76.7851,97.5227,79.7001,91.3287,79.7001,91.3287,0
76.7851,97.528,76.7851,97.528,79.7001,91.3287,79.7001,91.3287,0
76.7851,97.528,76.7851,97.528,79.7001,91.3287,79.7001,91.3287,0
76.7851,97.528,76.7851,97.528,79.6439,91.4155,79.6439,91.4155,0
76.7861,97.5177,76.7861,97.5177,79.6439,91.4155,79.6439,91.4155,0
76.7861,97.5177,76.7861,97.5177,79.6439,91.4155,79.6439,91.4155,0
76.7861,97.5177,76.7861,97.5177,79.6439,91.5326,79.6439,91.5326,0
76.7861,97.5177,76.7861,97.5177,79.6271,91.5326,79.6271,91.5326,0
76.7792,97.581,76.7792,97.581,79.6271,91.5326,79.6271,91.5326,0
76.7792,97.581,76.7792,97.581,79.6271,91.5326,79.6271,91.5326,0
76.7792,97.581,76.7792,97.581,79.6271,91.5737,79.6271,91.5737,0
76.7792,97.581,76.7792,97.581,79.5417,91.5737,79.5417,91.5737,0
76.7792,97.581,76.7792,97.581,79.5417,91.5737,79.5417,91.5737,0
76.7672,97.5993,76.7672,97.5993,79.5417,91.5737,79.5417,91.5737,0
76.7672,97.5993,76.7672,97.5993,79.5417,91.4907,79.5417,91.4907,0
76.7672,97.5993,76.7672,97.5993,79.4314,91.4907,79.4314,91.4907,0
76.7873,97.5973,76.7873,97.5973,79.4314,91.4907,79.4314,91.4907,0
76.7873,97.5973,76.7873,97.5973,79.4314,91.4907,79.4314,91.4907,0
76.7873,97.5973,76.7873,97.5973,79.4314,91.3929,79.4314,91.3929,0
76.7873,97.5973,76.7873,97.5973,79.4147,91.3929,79.4147,91.3929,0
76.8197,97.5598,76.8197,97.5598,79.4147,91.3929,79.4147,91.3929,0
76.8197,97.5598,76.8197,97.5598,79.4147,91.3929,79.4147,91.3929,0
76.8197,97.5598,76.8197,97.5598,79.4147,91.3929,79.4147,91.3929,0
76.8197,97.5598,76.8197,97.5598,79.4153,91.3526,79.4153,91.3526,0
76.8144,97.5649,76.8144,97.5649,79.4153,91.3526,79.4153,91.3526,0
76.8144,97.5649,76.8144,97.5649,79.4153,91.3526,79.4153,91.3526,0
76.8144,97.5649,76.8144,97.5649,79.3763,91.2265,79.3763,91.2265,0
76.8144,97.5649,76.8144,97.5649,79.3763,91.2265,79.3763,91.2265,0
76.8113,97.5895,76.8113,97.5895,79.3763,91.2265,79.3763,91.2265,0
76.8113,97.5895,76.8113,97.5895,79.3763,91.2265,79.3763,91.2265,0
76.8113,97.5895,76.8113,97.5895,79.3763,90.9978,79.3763,90.9978,0
76.8113,97.5895,76.8113,97.5895,79.3293,90.9978,79.3293,90.9978,0
76.8113,97.5895,76.8113,97.5895,79.3293,90.9978,79.3293,90.9978,0
76.812,97.5957,76.812,97.5957,79.3293,90.9978,79.3293,90.9978,0
76.812,97.5957,76.812,97.5957,79.3019,90.7783,79.3019,90.7783,0
76.812,97.5957,76.812,97.5957,79.3019,90.7783,79.3019,90.7783,0
76.8527,97.6383,76.8527,97.6383,79.3019,90.7783,79.3019,90.7783,0
76.8527,97.6383,76.8527,97.6383,79.3019,90.7783,79.3019,90.7783,0
76.8527,97.6383,76.8527,97.6383,79.3019,90.7783,79.3019,90.7783,0
76.8527,97.6383,76.8527,97.6383,79.2805,90.6979,79.2805,90.6979,0
76.8535,97.6528,76.8535,97.6528,79.2805,90.6979,79.2805,90.6979,0
76.8535,97.6528,76.8535,97.6528,79.2805,90.6979,79.2805,90.6979,0
76.8535,97.6528,76.8535,97.6528,79.2805,90.6979,79.2805,90.6979,0
76.8535,97.6528,76.8535,97.6528,79.2771,90.5849,79.2771,90.5849,0
76.8363,97.6378,76.8363,97.6378,79.2771,90.5849,79.2771,90.5849,0
76.8363,97.6378,76.8363,97.6378,79.2771,90.5849,79.2771,90.5849,0
76.8363,97.6378,76.8363,97.6378,79.244,90.3992,79.244,90.3992,0
76.8363,97.6378,76.8363,97.6378,79.244,90.3992,79.244,90.3992,0
76.8477,97.6117,76.8477,97.6117,79.244,90.3992,79.244,90.3992,0
76.8477,97.6117,76.8477,97.6117,79.244,90.3992,79.244,90.3992,0
76.8477,97.6117,76.8477,97.6117,79.2543,90.3031,79.2543,90.3031,0
76.8477,97.6117,76.8477,97.6117,79.2543,90.3031,79.2543,90.3031,0
76.8477,97.6117,76.8477,97.6117,79.2543,90.3031,79.2543,90.3031,0
76.8316,97.5879,76.8316,97.5879,79.2543,90.3031,79.2543,90.3031,0
76.8316,97.5879,76.8316,97.5879,79.2647,90.3399,79.2647,90.3399,0
76.8316,97.5879,76.8316,97.5879,79.2647,90.3399,79.2647,90.3399,0
76.8171,97.5806,76.8171,97.5806,79.2647,90.3399,79.2647,90.3399,0
76.8171,97.5806,76.8171,97.5806,79.2647,90.3399,79.2647,90.3399,0
76.8171,97.5806,76.8171,97.5806,79.245,90.3067,79.245,90.3067,0
76.8171,97.5806,76.8171,97.5806,79.245,90.3067,79.245,90.3067,0
76.8078,97.5738,76.8078,97.5738,79.245,90.3067,79.245,90.3067,0
76.8078,97.5738,76.8078,97.5738,79.245,90.3067,79.245,90.3067,0
76.8078,97.5738,76.8078,97.5738,79.245,90.3067,79.245,90.3067,0
76.8078,97.5738,76.8078,97.5738,79.2036,90.3006,79.2036,90.3006,0
76.7906,97.5527,76.7906,97.5527,79.2036,90.3006,79.2036,90.3006,0
76.7906,97.5527,76.7906,97.5527,79.2036,90.3006,79.2036,90.3006,0
76.7906,97.5527,76.7906,97.5527,79.2383,90.3652,79.2383,90.3652,0
76.7906,97.5527,76.7906,97.5527,79.2383,90.3652,79.2383,90.3652,0
76.79,97.5567,76.79,97.5567,79.2383,90.3652,79.2383,90.3652,0
76.79,97.5567,76.79,97.5567,79.2383,90.3652,79.2383,90.3652,0
76.79,97.5567,76.79,97.5567,79.3254,90.4814,79.3254,90.4814,0
76.79,97.5567,76.79,97.5567,79.3254,90.4814,79.3254,90.4814,0
76.79,97.5567,76.79,97.5567,79.3254,90.4814,79.3254,90.4814,0
76.79,97.5567,76.79,97.5567,79.3254,90.4814,79.3254,90.4814,0
76.7945,97.5534,76.7945,97.5534,79.3254,90.5479,79.3254,90.5479,0
76.7945,97.5534,76.7945,97.5534,79.3916,90.5479,79.3916,90.5479,0
76.7562,97.5524,76.7562,97.5524,79.3916,90.5479,79.3916,90.5479,0
76.7562,97.5524,76.7562,97.5524,79.3916,90.5479,79.3916,90.5479,0
76.7562,97.5524,76.7562,97.5524,79.4439,90.5503,79.4439,90.5503,0
76.7562,97.5524,76.7562,97.5524,79.4439,90.5503,79.4439,90.5503,0
76.7293,97.4953,76.7293,97.4953,79.4439,90.5503,79.4439,90.5503,0
76.7293,97.4953,76.7293,97.4953,79.4439,90.5503,79.4439,90.5503,0
76.7293,97.4953,76.7293,97.4953,79.4439,90.5503,79.4439,90.5503,0
76.7293,97.4953,76.7293,97.4953,79.5412,90.6317,79.5412,90.6317,0
76.7212,97.4868,76.7212,97.4868,79.5412,90.6317,79.5412,90.6317,0
76.7212,97.4868,76.7212,97.4868,79.5412,90.6317,79.5412,90.6317,0
76.7212,97.4868,76.7212,97.4868,79.6642,90.7827,79.6642,90.7827,0
76.7212,97.4868,76.7212,97.4868,79.6642,90.7827,79.6642,90.7827,0
76.7357,97.4954,76.7357,97.4954,79.6642,90.7827,79.6642,90.7827,0
76.7357,97.4954,76.7357,97.4954,79.6642,90.7827,79.6642,90.7827,0
76.7357,97.4954,76.7357,97.4954,79.8095,90.8319,79.8095,90.8319,0
76.7357,97.4954,76.7357,97.4954,79.8095,90.8319,79.8095,90.8319,0
76.7357,97.4954,76.7357,97.4954,79.8095,90.8319,79.8095,90.8319,0
76.7411,97.5212,76.7411,97.5212,79.8095,90.8319,79.8095,90.8319,0
76.7411,97.5212,76.7411,97.5212,79.9304,90.7965,79.9304,90.7965,0
76.7411,97.5212,76.7411,97.5212,79.9304,90.7965,79.9304,90.7965,0
76.7418,97.5129,76.7418,97.5129,79.9304,90.7965,79.9304,90.7965,0
76.7418,97.5129,76.7418,97.5129,79.9304,90.7965,79.9304,90.7965,0
76.7418,97.5129,76.7418,97.5129,80.0314,90.8382,80.0314,90.8382,0
76.7418,97.5129,76.7418,97.5129,80.0314,90.8382,80.0314,90.8382,0
76.7601,97.5591,76.7601,97.5591,80.0314,90.8382,80.0314,90.8382,0
76.7601,97.5591,76.7601,97.5591,80.0314,90.8382,80.0314,90.8382,0
76.7601,97.5591,76.7601,97.5591,80.0314,90.8382,80.0314,90.8382,0
76.7601,97.5591,76.7601,97.5591,80.2414,90.9084,80.2414,90.9084,0
76.7784,97.61,76.7784,97.61,80.2414,90.9084,80.2414,90.9084,0
76.7784,97.61,76.7784,97.61,80.2414,90.9084,80.2414,90.9084,0
76.7784,97.61,76.7784,97.61,80.4245,90.8876,80.4245,90.8876,0
76.7784,97.61,76.7784,97.61,80.4245,90.8876,80.4245,90.8876,0
76.792,97.659,76.792,97.659,80.4245,90.8876,80.4245,90.8876,0
76.792,97.659,76.792,97.659,80.4245,90.8876,80.4245,90.8876,0
76.792,97.659,76.792,97.659,80.5915,90.7502,80.5915,90.7502,0
76.792,97.659,76.792,97.659,80.5915,90.7502,80.5915,90.7502,0
76.792,97.659,76.792,97.659,80.5915,90.7502,80.5915,90.7502,0
76.7866,97.7145,76.7866,97.7145,80.5915,90.7502,80.5915,90.7502,0
76.7866,97.7145,76.7866,97.7145,80.7818,90.7258,80.7818,90.7258,0
76.7866,97.7145,76.7866,97.7145,80.7818,90.7258,80.7818,90.7258,0
76.8115,97.7641,76.8115,97.7641,80.7818,90.7258,80.7818,90.7258,0
76.8115,97.7641,76.8115,97.7641,80.7818,90.7258,80.7818,90.7258,0
76.8115,97.7641,76.8115,97.7641,81.0386,90.6648,81.0386,90.6648,0
76.8115,97.7641,76.8115,97.7641,81.0386,90.6648,81.0386,90.6648,0
77.0401,97.7477,77.0401,97.7477,81.0386,90.6648,81.0386,90.6648,0
77.0401,97.7477,77.0401,97.7477,81.0386,90.6648,81.0386,90.6648,0
77.0401,97.7477,77.0401,97.7477,81.0386,90.6648,81.0386,90.6648,0
77.0401,97.7477,77.0401,97.7477,81.2671,90.4796,81.2671,90.4796,0
77.0401,97.7477,77.0401,97.7477,81.2671,90.4796,81.2671,90.4796,0
77.0076,97.81,77.0076,97.81,81.2671,90.4796,81.2671,90.4796,0
77.0076,97.81,77.0076,97.81,81.3985,90.3006,81.3985,90.3006,0
77.0076,97.81,77.0076,97.81,81.3985,90.3006,81.3985,90.3006,0
76.9829,97.8756,76.9829,97.8756,81.3985,90.3006,81.3985,90.3006,0
76.9829,97.8756,76.9829,97.8756,81.3985,90.3006,81.3985,90.3006,0
76.9829,97.8756,76.9829,97.8756,81.4658,90.2336,81.4658,90.2336,0
76.9829,97.8756,76.9829,97.8756,81.4658,90.2336,81.4658,90.2336,0
76.9829,97.8756,76.9829,97.8756,81.4658,90.2336,81.4658,90.2336,0
76.9613,97.9318,76.9613,97.9318,81.4658,90.2336,81.4658,90.2336,0
76.9613,97.9318,76.9613,97.9318,81.5572,90.0321,81.5572,90.0321,0
76.9613,97.9318,76.9613,97.9318,81.5572,90.0321,81.5572,90.0321,0
76.9628,97.9876,76.9628,97.9876,81.5572,90.0321,81.5572,90.0321,0
76.9628,97.9876,76.9628,97.9876,81.5572,90.0321,81.5572,90.0321,0
76.9628,97.9876,76.9628,97.9876,81.6563,89.9243,81.6563,89.9243,0
76.9628,97.9876,76.9628,97.9876,81.6563,89.9243,81.6563,89.9243,0
76.9411,98.0423,76.9411,98.0423,81.6563,89.9243,81.6563,89.9243,0
76.9411,98.0423,76.9411,98.0423,81.6563,89.9243,81.6563,89.9243,0
76.9411,98.0423,76.9411,98.0423,81.6563,89.9243,81.6563,89.9243,0
76.9411,98.0423,76.9411,98.0423,81.7273,89.6945,81.7273,89.6945,0
76.8845,98.0585,76.8845,98.0585,81.7273,89.6945,81.7273,89.6945,0
76.8845,98.0585,76.8845,98.0585,81.7273,89.6945,81.7273,89.6945,0
76.8845,98.0585,76.8845,98.0585,81.7329,89.6914,81.7329,89.6914,0
76.8845,98.0585,76.8845,98.0585,81.7329,89.6914,81.7329,89.6914,0
76.8745,98.0702,76.8745,98.0702,81.7329,89.6914,81.7329,89.6914,0
76.8745,98.0702,76.8745,98.0702,81.7329,89.6914,81.7329,89.6914,0
76.8745,98.0702,76.8745,98.0702,81.7123,89.8105,81.7123,89.8105,0
76.8745,98.0702,76.8745,98.0702,81.7123,89.8105,81.7123,89.8105,0
76.8745,98.0702,76.8745,98.0702,81.7123,89.8105,81.7123,89.8105,0
76.8484,98.1041,76.8484,98.1041,81.7123,89.8105,81.7123,89.8105,0
76.8484,98.1041,76.8484,98.1041,81.6327,89.8248,81.6327,89.8248,0
76.8484,98.1041,76.8484,98.1041,81.6327,89.8248,81.6327,89.8248,0
76.8213,98.1124,76.8213,98.1124,81.6327,89.8248,81.6327,89.8248,0
76.8213,98.1124,76.8213,98.1124,81.6327,89.8248,81.6327,89.8248,0
76.8213,98.1124,76.8213,98.1124,81.6262,89.8626,81.6262,89.8626,0
76.8213,98.1124,76.8213,98.1124,81.6262,89.8626,81.6262,89.8626,0
76.7711,98.089,76.7711,98.089,81.6262,89.8626,81.6262,89.8626,0
76.7711,98.089,76.7711,98.089,81.6262,89.8626,81.6262,89.8626,0
76.7711,98.089,76.7711,98.089,81.6262,89.8626,81.6262,89.8626,0
76.7711,98.089,76.7711,98.089,81.5098,89.9582,81.5098,89.9582,0
76.7358,98.0667,76.7358,98.0667,81.5098,89.9582,81.5098,89.9582,0
76.7358,98.0667,76.7358,98.0667,81.5098,89.9582,81.5098,89.9582,0
76.7358,98.0667,76.7358,98.0667,81.4013,90.1283,81.4013,90.1283,0
76.7358,98.0667,76.7358,98.0667,81.4013,90.1283,81.4013,90.1283,0
76.6998,98.0589,76.6998,98.0589,81.4013,90.1283,81.4013,90.1283,0
76.6998,98.0589,76.6998,98.0589,81.4013,90.1283,81.4013,90.1283,0
76.6998,98.0589,76.6998,98.0589,81.1498,90.2241,81.1498,90.2241,0
76.6998,98.0589,76.6998,98.0589,81.1498,90.2241,81.1498,90.2241,0
76.6998,98.0589,76.6998,98.0589,81.1498,90.2241,81.1498,90.2241,0
76.6818,98.0428,76.6818,98.0428,81.1498,90.2241,81.1498,90.2241,0
76.6818,98.0428,76.6818,98.0428,80.9439,90.3249,80.9439,90.3249,0
76.6818,98.0428,76.6818,98.0428,80.9439,90.3249,80.9439,90.3249,0
76.6353,97.9946,76.6353,97.9946,80.9439,90.3249,80.9439,90.3249,0
76.6353,97.9946,76.6353,97.9946,80.9439,90.3249,80.9439,90.3249,0
76.6353,97.9946,76.6353,97.9946,80.7077,90.5142,80.7077,90.5142,0
76.6353,97.9946,76.6353,97.9946,80.7077,90.5142,80.7077,90.5142,0
76.6163,97.9738,76.6163,97.9738,80.7077,90.5142,80.7077,90.5142,0
76.6163,97.9738,76.6163,97.9738,80.7077,90.5142,80.7077,90.5142,0
76.6163,97.9738,76.6163,97.9738,80.7077,90.5142,80.7077,90.5142,0
76.6163,97.9738,76.6163,97.9738,80.5072,90.7685,80.5072,90.7685,0
76.6154,97.9756,76.6154,97.9756,80.5072,90.7685,80.5072,90.7685,0
76.6154,97.9756,76.6154,97.9756,80.5072,90.7685,80.5072,90.7685,0
76.6154,97.9756,76.6154,97.9756,80.2471,90.9432,80.2471,90.9432,0
76.6154,97.9756,76.6154,97.9756,80.2471,90.9432,80.2471,90.9432,0
76.649,97.9811,76.649,97.9811,80.2471,90.9432,80.2471,90.9432,0
76.649,97.9811,76.649,97.9811,80.2471,90.9432,80.2471,90.9432,0
76.649,97.9811,76.649,97.9811,80.0422,91.0539,80.0422,91.0539,0
76.649,97.9811,76.649,97.9811,80.0422,91.0539,80.0422,91.0539,0
76.649,97.9811,76.649,97.9811,80.0422,91.0539,80.0422,91.0539,0
76.6141,97.918,76.6141,97.918,80.0422,91.0539,80.0422,91.0539,0
76.6141,97.918,76.6141,97.918,79.827,91.2862,79.827,91.2862,0
76.6141,97.918,76.6141,97.918,79.827,91.2862,79.827,91.2862,0
76.5913,97.8785,76.5913,97.8785,79.827,91.2862,79.827,91.2862,0
76.5913,97.8785,76.5913,97.8785,79.827,91.2862,79.827,91.2862,0
76.5913,97.8785,76.5913,97.8785,79.7245,91.5645,79.7245,91.5645,0
76.5913,97.8785,76.5913,97.8785,79.7245,91.5645,79.7245,91.5645,0
76.5962,97.8454,76.5962,97.8454,79.7245,91.5645,79.7245,91.5645,0
76.5962,97.8454,76.5962,97.8454,79.7245,91.5645,79.7245,91.5645,0
76.5962,97.8454,76.5962,97.8454,79.7245,91.5645,79.7245,91.5645,0
76.5962,97.8454,76.5962,97.8454,79.6002,91.7228,79.6002,91.7228,0
76.6015,97.8175,76.6015,97.8175,79.6002,91.7228,79.6002,91.7228,0
76.6015,97.8175,76.6015,97.8175,79.6002,91.7228,79.6002,91.7228,0
76.6015,97.8175,76.6015,97.8175,79.4419,91.8127,79.4419,91.8127,0
76.6015,97.8175,76.6015,97.8175,79.4419,91.8127,79.4419,91.8127,0
76.6191,97.749,76.6191,97.749,79.4419,91.8127,79.4419,91.8127,0
76.6191,97.749,76.6191,97.749,79.4419,91.8127,79.4419,91.8127,0
76.6191,97.749,76.6191,97.749,79.3739,91.9496,79.3739,91.9496,0
76.6191,97.749,76.6191,97.749,79.3739,91.9496,79.3739,91.9496,0
76.6191,97.749,76.6191,97.749,79.3739,91.9496,79.3739,91.9496,0
76.5865,97.7044,76.5865,97.7044,79.3739,91.9496,79.3739,91.9496,0
76.5865,97.7044,76.5865,97.7044,79.398,92.089,79.398,92.089,0
76.5865,97.7044,76.5865,97.7044,79.398,92.089,79.398,92.089,0
76.6075,97.6906,76.6075,97.6906,79.398,92.089,79.398,92.089,0
76.6075,97.6906,76.6075,97.6906,79.398,92.089,79.398,92.089,0
76.6075,97.6906,76.6075,97.6906,79.4339,92.0765,79.4339,92.0765,0
76.6075,97.6906,76.6075,97.6906,79.4339,92.0765,79.4339,92.0765,0
76.5955,97.6802,76.5955,97.6802,79.4339,92.0765,79.4339,92.0765,0
76.5955,97.6802,76.5955,97.6802,79.4339,92.0765,79.4339,92.0765,0
76.5955,97.6802,76.5955,97.6802,79.4339,92.0765,79.4339,92.0765,0
76.5955,97.6802,76.5955,97.6802,79.4502,92.0526,79.4502,92.0526,0
76.5983,97.6537,76.5983,97.6537,79.4502,92.0526,79.4502,92.0526,0
76.5983,97.6537,76.5983,97.6537,79.4502,92.0526,79.4502,92.0526,0
76.5983,97.6537,76.5983,97.6537,79.4857,91.9759,79.4857,91.9759,0
76.5983,97.6537,76.5983,97.6537,79.4857,91.9759,79.4857,91.9759,0
76.6166,97.6736,76.6166,97.6736,79.4857,91.9759,79.4857,91.9759,0
76.6166,97.6736,76.6166,97.6736,79.4857,91.9759,79.4857,91.9759,0
76.6166,97.6736,76.6166,97.6736,79.6249,91.8759,79.6249,91.8759,0
76.6166,97.6736,76.6166,97.6736,79.6249,91.8759,79.6249,91.8759,0
76.6166,97.6736,76.6166,97.6736,79.6249,91.8759,79.6249,91.8759,0
76.6462,97.7094,76.6462,97.7094,79.6249,91.8759,79.6249,91.8759,0
76.6462,97.7094,76.6462,97.7094,79.7025,91.6934,79.7025,91.6934,0
76.6462,97.7094,76.6462,97.7094,79.7025,91.6934,79.7025,91.6934,0
76.7729,97.6719,76.7729,97.6719,79.7025,91.6934,79.7025,91.6934,0
76.7729,97.6719,76.7729,97.6719,79.7025,91.6934,79.7025,91.6934,0
76.7729,97.6719,76.7729,97.6719,79.8034,91.5055,79.8034,91.5055,0
76.7729,97.6719,76.7729,97.6719,79.8034,91.5055,79.8034,91.5055,0
76.7761,97.6852,76.7761,97.6852,79.8034,91.5055,79.8034,91.5055,0
76.7761,97.6852,76.7761,97.6852,79.8034,91.5055,79.8034,91.5055,0
76.7761,97.6852,76.7761,97.6852,79.8034,91.5055,79.8034,91.5055,0
76.7761,97.6852,76.7761,97.6852,79.9032,91.3429,79.9032,91.3429,0
76.7933,97.7417,76.7933,97.7417,79.9032,91.3429,79.9032,91.3429,0
76.7933,97.7417,76.7933,97.7417,79.9032,91.3429,79.9032,91.3429,0
76.7933,97.7417,76.7933,97.7417,79.9971,91.1801,79.9971,91.1801,0
76.7933,97.7417,76.7933,97.7417,79.9971,91.1801,79.9971,91.1801,0
76.8049,97.8002,76.8049,97.8002,79.9971,91.1801,79.9971,91.1801,0
76.8049,97.8002,76.8049,97.8002,79.9971,91.1801,79.9971,91.1801,0
76.8049,97.8002,76.8049,97.8002,80.0981,91.0778,80.0981,91.0778,0
76.8049,97.8002,76.8049,97.8002,80.0981,91.0778,80.0981,91.0778,0
76.8049,97.8002,76.8049,97.8002,80.0981,91.0778,80.0981,91.0778,0
76.8252,97.8212,76.8252,97.8212,80.0981,91.0778,80.0981,91.0778,0
76.8252,97.8212,76.8252,97.8212,80.1263,90.9617,80.1263,90.9617,0
76.8252,97.8212,76.8252,97.8212,80.1263,90.9617,80.1263,90.9617,0
76.8036,97.8661,76.8036,97.8661,80.1263,90.9617,80.1263,90.9617,0
76.8036,97.8661,76.8036,97.8661,80.1263,90.9617,80.1263,90.9617,0
76.8036,97.8661,76.8036,97.8661,80.2524,90.8108,80.2524,90.8108,0
76.8036,97.8661,76.8036,97.8661,80.2524,90.8108,80.2524,90.8108,0
76.8331,97.8923,76.8331,97.8923,80.2524,90.8108,80.2524,90.8108,0
76.8331,97.8923,76.8331,97.8923,80.2524,90.8108,80.2524,90.8108,0
76.8331,97.8923,76.8331,97.8923,80.2524,90.8108,80.2524,90.8108,0
76.8331,97.8923,76.8331,97.8923,80.3486,90.737,80.3486,90.737,0
76.817,97.8974,76.817,97.8974,80.3486,90.737,80.3486,90.737,0
76.817,97.8974,76.817,97.8974,80.3486,90.737,80.3486,90.737,0
76.817,97.8974,76.817,97.8974,80.3375,90.715,80.3375,90.715,0
76.817,97.8974,76.817,97.8974,80.3375,90.715,80.3375,90.715,0
76.8205,97.8356,76.8205,97.8356,80.3375,90.715,80.3375,90.715,0
76.8205,97.8356,76.8205,97.8356,80.3375,90.715,80.3375,90.715,0
76.8205,97.8356,76.8205,97.8356,80.291,90.6933,80.291,90.6933,0
76.8205,97.8356,76.8205,97.8356,80.291,90.6933,80.291,90.6933,0
76.8205,97.8356,76.8205,97.8356,80.291,90.6933,80.291,90.6933,0
76.8628,97.7573,76.8628,97.7573,80.291,90.6933,80.291,90.6933,0
76.8628,97.7573,76.8628,97.7573,80.3095,90.6481,80.3095,90.6481,0
76.8628,97.7573,76.8628,97.7573,80.3095,90.6481,80.3095,90.6481,0
76.842,97.7503,76.842,97.7503,80.3095,90.6481,80.3095,90.6481,0
76.842,97.7503,76.842,97.7503,80.3095,90.6481,80.3095,90.6481,0
76.842,97.7503,76.842,97.7503,80.3297,90.6559,80.3297,90.6559,0
76.842,97.7503,76.842,97.7503,80.3297,90.6559,80.3297,90.6559,0
76.7996,97.7559,76.7996,97.7559,80.3297,90.6559,80.3297,90.6559,0
76.7996,97.7559,76.7996,97.7559,80.3297,90.6559,80.3297,90.6559,0
76.7996,97.7559,76.7996,97.7559,80.3297,90.6559,80.3297,90.6559,0
76.7996,97.7559,76.7996,97.7559,80.2825,90.6461,80.2825,90.6461,0
76.7539,97.7475,76.7539,97.7475,80.2825,90.6461,80.2825,90.6461,0
76.7539,97.7475,76.7539,97.7475,80.2825,90.6461,80.2825,90.6461,0
76.7539,97.7475,76.7539,97.7475,80.2127,90.6655,80.2127,90.6655,0
76.7539,97.7475,76.7539,97.7475,80.2127,90.6655,80.2127,90.6655,0
76.7287,97.7088,76.7287,97.7088,80.2127,90.6655,80.2127,90.6655,0
76.7287,97.7088,76.7287,97.7088,80.2127,90.6655,80.2127,90.6655,0
76.7287,97.7088,76.7287,97.7088,80.2292,90.6626,80.2292,90.6626,0
76.7287,97.7088,76.7287,97.7088,80.2292,90.6626,80.2292,90.6626,0
76.7287,97.7088,76.7287,97.7088,80.2292,90.6626,80.2292,90.6626,0
76.7947,97.6804,76.7947,97.6804,80.2292,90.6626,80.2292,90.6626,0
76.7947,97.6804,76.7947,97.6804,80.3165,90.6367,80.3165,90.6367,0
76.7947,97.6804,76.7947,97.6804,80.3165,90.6367,80.3165,90.6367,0
76.7334,97.7215,76.7334,97.7215,80.3165,90.6367,80.3165,90.6367,0
76.7334,97.7215,76.7334,97.7215,80.3165,90.6367,80.3165,90.6367,0
76.7334,97.7215,76.7334,97.7215,80.2616,90.7161,80.2616,90.7161,0
76.7334,97.7215,76.7334,97.7215,80.2616,90.7161,80.2616,90.7161,0
76.652,97.7535,76.652,97.7535,80.2616,90.7161,80.2616,90.7161,0
76.652,97.7535,76.652,97.7535,80.2616,90.7161,80.2616,90.7161,0
76.652,97.7535,76.652,97.7535,80.2616,90.7161,80.2616,90.7161,0
76.652,97.7535,76.652,97.7535,80.2925,90.6433,80.2925,90.6433,0
76.7357,97.7202,76.7357,97.7202,80.2925,90.6433,80.2925,90.6433,0
76.7357,97.7202,76.7357,97.7202,80.2925,90.6433,80.2925,90.6433,0
76.7357,97.7202,76.7357,97.7202,80.4006,90.5985,80.4006,90.5985,0
76.7357,97.7202,76.7357,97.7202,80.4006,90.5985,80.4006,90.5985,0
76.7074,97.772,76.7074,97.772,80.4006,90.5985,80.4006,90.5985,0
76.7074,97.772,76.7074,97.772,80.4006,90.5985,80.4006,90.5985,0
76.7074,97.772,76.7074,97.772,80.5235,90.5768,80.5235,90.5768,0
76.7074,97.772,76.7074,97.772,80.5235,90.5768,80.5235,90.5768,0
76.7074,97.772,76.7074,97.772,80.5235,90.5768,80.5235,90.5768,0
76.5938,97.8185,76.5938,97.8185,80.5235,90.5768,80.5235,90.5768,0
76.5938,97.8185,76.5938,97.8185,80.5918,90.4572,80.5918,90.4572,0
76.5938,97.8185,76.5938,97.8185,80.5918,90.4572,80.5918,90.4572,0
76.5186,97.8118,76.5186,97.8118,80.5918,90.4572,80.5918,90.4572,0
76.5186,97.8118,76.5186,97.8118,80.5918,90.4572,80.5918,90.4572,0
76.5186,97.8118,76.5186,97.8118,80.6416,90.3655,80.6416,90.3655,0
76.5186,97.8118,76.5186,97.8118,80.6416,90.3655,80.6416,90.3655,0
76.4252,97.8152,76.4252,97.8152,80.6416,90.3655,80.6416,90.3655,0
76.4252,97.8152,76.4252,97.8152,80.6416,90.3655,80.6416,90.3655,0
76.4252,97.8152,76.4252,97.8152,80.6416,90.3655,80.6416,90.3655,0
76.4252,97.8152,76.4252,97.8152,80.7582,90.3289,80.7582,90.3289,0
76.3532,97.8506,76.3532,97.8506,80.7582,90.3289,80.7582,90.3289,0
76.3532,97.8506,76.3532,97.8506,80.7582,90.3289,80.7582,90.3289,0
76.3532,97.8506,76.3532,97.8506,80.894,90.2952,80.894,90.2952,0
76.3532,97.8506,76.3532,97.8506,80.894,90.2952,80.894,90.2952,0
76.2873,97.9252,76.2873,97.9252,80.894,90.2952,80.894,90.2952,0
76.2873,97.9252,76.2873,97.9252,80.894,90.2952,80.894,90.2952,0
76.2873,97.9252,76.2873,97.9252,80.9719,90.1608,80.9719,90.1608,0
76.2873,97.9252,76.2873,97.9252,80.9719,90.1608,80.9719,90.1608,0
76.2873,97.9252,76.2873,97.9252,80.9719,90.1608,80.9719,90.1608,0
76.2314,97.9447,76.2314,97.9447,80.9719,90.1608,80.9719,90.1608,0
76.2314,97.9447,76.2314,97.9447,81.0417,90.0806,81.0417,90.0806,0
76.2314,97.9447,76.2314,97.9447,81.0417,90.0806,81.0417,90.0806,0
76.2187,97.933,76.2187,97.933,81.0417,90.0806,81.0417,90.0806,0
76.2187,97.933,76.2187,97.933,81.0417,90.0806,81.0417,90.0806,0
76.2187,97.933,76.2187,97.933,81.0417,90.0806,81.0417,90.0806,0
76.2187,97.933,76.2187,97.933,81.1999,90.0124,81.1999,90.0124,0
76.2077,97.9886,76.2077,97.9886,81.1999,90.0124,81.1999,90.0124,0
76.2077,97.9886,76.2077,97.9886,81.1999,89.9517,81.1999,89.9517,0
76.2077,97.9886,76.2077,97.9886,81.1999,89.9517,81.1999,89.9517,0
76.2077,97.9886,76.2077,97.9886,81.3031,89.9517,81.3031,89.9517,0
76.1726,98.0089,76.1726,98.0089,81.3031,89.9517,81.3031,89.9517,0
76.1726,98.0089,76.1726,98.0089,81.3031,89.9517,81.3031,89.9517,0
76.1726,98.0089,76.1726,98.0089,81.317,89.9069,81.317,89.9069,0
76.1726,98.0089,76.1726,98.0089,81.317,89.9069,81.317,89.9069,0
76.1234,97.9651,76.1234,97.9651,81.317,89.9069,81.317,89.9069,0
76.1234,97.9651,76.1234,97.9651,81.317,89.9069,81.317,89.9069,0
76.1234,97.9651,76.1234,97.9651,81.3394,89.8777,81.3394,89.8777,0
76.1234,97.9651,76.1234,97.9651,81.3394,89.8777,81.3394,89.8777,0
76.1234,97.9651,76.1234,97.9651,81.3394,89.8777,81.3394,89.8777,0
76.1272,97.9481,76.1272,97.9481,81.3394,89.8777,81.3394,89.8777,0
76.1272,97.9481,76.1272,97.9481,81.3921,89.9369,81.3921,89.9369,0
76.1272,97.9481,76.1272,97.9481,81.3921,89.9369,81.3921,89.9369,0
76.1461,97.9464,76.1461,97.9464,81.3921,89.9369,81.3921,89.9369,0
76.1461,97.9464,76.1461,97.9464,81.3921,89.9369,81.3921,89.9369,0
76.1461,97.9464,76.1461,97.9464,81.3979,89.9855,81.3979,89.9855,0
76.1461,97.9464,76.1461,97.9464,81.3979,89.9855,81.3979,89.9855,0
76.133,97.9173,76.133,97.9173,81.3979,89.9855,81.3979,89.9855,0
76.133,97.9173,76.133,97.9173,81.3979,89.9855,81.3979,89.9855,0
76.133,97.9173,76.133,97.9173,81.3979,89.9855,81.3979,89.9855,0
76.133,97.9173,76.133,97.9173,81.3979,89.9855,81.3979,89.9855,0
76.133,97.9173,76.133,97.9173,81.3349,90.0165,81.3349,90.0165,0
76.1057,97.847,76.1057,97.847,81.3349,90.0165,81.3349,90.0165,0
76.1057,97.847,76.1057,97.847,81.2531,90.0928,81.2531,90.0928,0
76.1057,97.847,76.1057,97.847,81.2531,90.0928,81.2531,90.0928,0
76.1133,97.8465,76.1133,97.8465,81.2531,90.0928,81.2531,90.0928,0
76.1133,97.8465,76.1133,97.8465,81.2531,90.0928,81.2531,90.0928,0
76.1133,97.8465,76.1133,97.8465,81.1921,90.1764,81.1921,90.1764,0
76.1133,97.8465,76.1133,97.8465,81.1921,90.1764,81.1921,90.1764,0
76.1133,97.8465,76.1133,97.8465,81.1921,90.1764,81.1921,90.1764,0
76.1468,97.8461,76.1468,97.8461,81.1921,90.1764,81.1921,90.1764,0
76.1468,97.8461,76.1468,97.8461,81.0786,90.2809,81.0786,90.2809,0
76.1468,97.8461,76.1468,97.8461,81.0786,90.2809,81.0786,90.2809,0
76.1686,97.8392,76.1686,97.8392,81.0786,90.2809,81.0786,90.2809,0
76.1686,97.8392,76.1686,97.8392,81.0786,90.2809,81.0786,90.2809,0
76.1686,97.8392,76.1686,97.8392,80.8886,90.3826,80.8886,90.3826,0
76.1686,97.8392,76.1686,97.8392,80.8886,90.3826,80.8886,90.3826,0
76.1533,97.7823,76.1533,97.7823,80.8886,90.3826,80.8886,90.3826,0
76.1533,97.7823,76.1533,97.7823,80.8886,90.3826,80.8886,90.3826,0
76.1533,97.7823,76.1533,97.7823,80.8886,90.3826,80.8886,90.3826,0
76.1533,97.7823,76.1533,97.7823,80.7261,90.5192,80.7261,90.5192,0
76.1803,97.7821,76.1803,97.7821,80.7261,90.5192,80.7261,90.5192,0
76.1803,97.7821,76.1803,97.7821,80.7261,90.5192,80.7261,90.5192,0
76.1803,97.7821,76.1803,97.7821,80.5637,90.6459,80.5637,90.6459,0
76.1803,97.7821,76.1803,97.7821,80.5637,90.6459,80.5637,90.6459,0
76.2195,97.7852,76.2195,97.7852,80.5637,90.6459,80.5637,90.6459,0
76.2195,97.7852,76.2195,97.7852,80.5637,90.6459,80.5637,90.6459,0
76.2195,97.7852,76.2195,97.7852,80.3953,90.7671,80.3953,90.7671,0
76.2195,97.7852,76.2195,97.7852,80.3953,90.7671,80.3953,90.7671,0
76.2195,97.7852,76.2195,97.7852,80.3953,90.7671,80.3953,90.7671,0
76.2485,97.7682,76.2485,97.7682,80.3953,90.7671,80.3953,90.7671,0
76.2485,97.7682,76.2485,97.7682,80.208,90.8539,80.208,90.8539,0
76.2485,97.7682,76.2485,97.7682,80.208,90.8539,80.208,90.8539,0
76.2671,97.7192,76.2671,97.7192,80.208,90.8539,80.208,90.8539,0
76.2671,97.7192,76.2671,97.7192,80.208,90.8539,80.208,90.8539,0
76.2671,97.7192,76.2671,97.7192,79.992,90.915,79.992,90.915,0
76.2671,97.7192,76.2671,97.7192,79.992,90.915,79.992,90.915,0
76.2919,97.6727,76.2919,97.6727,79.992,90.915,79.992,90.915,0
76.2919,97.6727,76.2919,97.6727,79.992,90.915,79.992,90.915,0
76.2919,97.6727,76.2919,97.6727,79.992,90.915,79.992,90.915,0
76.2919,97.6727,76.2919,97.6727,79.8213,91.0247,79.8213,91.0247,0
76.3135,97.6296,76.3135,97.6296,79.8213,91.0247,79.8213,91.0247,0
76.3135,97.6296,76.3135,97.6296,79.8213,91.0247,79.8213,91.0247,0
76.3135,97.6296,76.3135,97.6296,79.6562,91.0275,79.6562,91.0275,0
76.3135,97.6296,76.3135,97.6296,79.6562,91.0275,79.6562,91.0275,0
76.3414,97.5968,76.3414,97.5968,79.6562,91.0275,79.6562,91.0275,0
76.3414,97.5968,76.3414,97.5968,79.6562,90.9653,79.6562,90.9653,0
76.3414,97.5968,76.3414,97.5968,79.5211,90.9653,79.5211,90.9653,0
76.3414,97.5968,76.3414,97.5968,79.5211,90.9653,79.5211,90.9653,0
76.3414,97.5968,76.3414,97.5968,79.5211,90.9653,79.5211,90.9653,0
76.368,97.5757,76.368,97.5757,79.5211,90.9653,79.5211,90.9653,0
76.368,97.5757,76.368,97.5757,79.4377,91.0099,79.4377,91.0099,0
76.368,97.5757,76.368,97.5757,79.4377,91.0099,79.4377,91.0099,0
76.3834,97.5453,76.3834,97.5453,79.4377,91.0099,79.4377,91.0099,0
76.3834,97.5453,76.3834,97.5453,79.4377,91.0099,79.4377,91.0099,0
76.3834,97.5453,76.3834,97.5453,79.3876,90.9199,79.3876,90.9199,0
76.3834,97.5453,76.3834,97.5453,79.3876,90.9199,79.3876,90.9199,0
76.4018,97.5425,76.4018,97.5425,79.3876,90.9199,79.3876,90.9199,0
76.4018,97.5425,76.4018,97.5425,79.3876,90.9199,79.3876,90.9199,0
76.4018,97.5425,76.4018,97.5425,79.3876,90.9199,79.3876,90.9199,0
76.4018,97.5425,76.4018,97.5425,79.3385,90.7865,79.3385,90.7865,0
76.4232,97.5304,76.4232,97.5304,79.3385,90.7865,79.3385,90.7865,0
76.4232,97.5304,76.4232,97.5304,79.3385,90.7865,79.3385,90.7865,0
76.4232,97.5304,76.4232,97.5304,79.265,90.6711,79.265,90.6711,0
76.4232,97.5304,76.4232,97.5304,79.265,90.6711,79.265,90.6711,0
76.4452,97.4977,76.4452,97.4977,79.265,90.6711,79.265,90.6711,0
76.4452,97.4977,76.4452,97.4977,79.265,90.5853,79.265,90.5853,0
76.4452,97.4977,76.4452,97.4977,79.265,90.5853,79.265,90.5853,0
76.4452,97.4977,76.4452,97.4977,79.2169,90.5853,79.2169,90.5853,0
76.4663,97.5206,76.4663,97.5206,79.2169,90.5853,79.2169,90.5853,0
76.4663,97.5206,76.4663,97.5206,79.2169,90.4766,79.2169,90.4766,0
76.4663,97.5206,76.4663,97.5206,79.2887,90.4766,79.2887,90.4766,0
76.4663,97.5206,76.4663,97.5206,79.2887,90.4766,79.2887,90.4766,0
76.5041,97.5874,76.5041,97.5874,79.2887,90.4766,79.2887,90.4766,0
76.5041,97.5874,76.5041,97.5874,79.2887,90.3354,79.2887,90.3354,0
76.5041,97.5874,76.5041,97.5874,79.3282,90.3354,79.3282,90.3354,0
76.5041,97.5874,76.5041,97.5874,79.3282,90.3354,79.3282,90.3354,0
76.5534,97.6282,76.5534,97.6282,79.3282,90.3354,79.3282,90.3354,0
76.5534,97.6282,76.5534,97.6282,79.3282,90.3354,79.3282,90.3354,0
76.5534,97.6282,76.5534,97.6282,79.3282,90.3354,79.3282,90.3354,0
76.5534,97.6282,76.5534,97.6282,79.3606,90.2794,79.3606,90.2794,0
76.5862,97.6706,76.5862,97.6706,79.3606,90.2794,79.3606,90.2794,0
76.5862,97.6706,76.5862,97.6706,79.3606,90.2794,79.3606,90.2794,0
76.5862,97.6706,76.5862,97.6706,79.4235,90.2596,79.4235,90.2596,0
76.5862,97.6706,76.5862,97.6706,79.4235,90.2596,79.4235,90.2596,0
76.7901,97.6206,76.7901,97.6206,79.4235,90.2596,79.4235,90.2596,0
76.7901,97.6206,76.7901,97.6206,79.4235,90.1988,79.4235,90.1988,0
76.7901,97.6206,76.7901,97.6206,79.5548,90.1988,79.5548,90.1988,0
76.7901,97.6206,76.7901,97.6206,79.5548,90.1988,79.5548,90.1988,0
76.7901,97.6206,76.7901,97.6206,79.5548,90.1988,79.5548,90.1988,0
76.7857,97.6815,76.7857,97.6815,79.5548,90.1988,79.5548,90.1988,0
76.7857,97.6815,76.7857,97.6815,79.6411,90.1315,79.6411,90.1315,0
76.7857,97.6815,76.7857,97.6815,79.6411,90.1315,79.6411,90.1315,0
76.805,97.7175,76.805,97.7175,79.6411,90.1315,79.6411,90.1315,0
76.805,97.7175,76.805,97.7175,79.6411,90.1315,79.6411,90.1315,0
76.805,97.7175,76.805,97.7175,79.7127,90.1572,79.7127,90.1572,0
76.805,97.7175,76.805,97.7175,79.7127,90.1572,79.7127,90.1572,0
76.8023,97.7722,76.8023,97.7722,79.7127,90.1572,79.7127,90.1572,0
76.8023,97.7722,76.8023,97.7722,79.7127,90.1572,79.7127,90.1572,0
76.8023,97.7722,76.8023,97.7722,79.7127,90.1572,79.7127,90.1572,0
76.8023,97.7722,76.8023,97.7722,79.7653,90.182,79.7653,90.182,0
76.7944,97.8057,76.7944,97.8057,79.7653,90.182,79.7653,90.182,0
76.7944,97.8057,76.7944,97.8057,79.7653,90.1674,79.7653,90.1674,0
76.7944,97.8057,76.7944,97.8057,79.8286,90.1674,79.8286,90.1674,0
76.7944,97.8057,76.7944,97.8057,79.8286,90.1674,79.8286,90.1674,0
76.788,97.798,76.788,97.798,79.8286,90.1674,79.8286,90.1674,0
76.788,97.798,76.788,97.798,79.8286,90.0798,79.8286,90.0798,0
76.788,97.798,76.788,97.798,79.839,90.0798,79.839,90.0798,0
76.788,97.798,76.788,97.798,79.839,90.0798,79.839,90.0798,0
76.788,97.798,76.788,97.798,79.839,90.0798,79.839,90.0798,0
76.788,97.798,76.788,97.798,79.839,90.0798,79.839,90.0798,0
76.7795,97.7738,76.7795,97.7738,79.839,90.1248,79.839,90.1248,0
76.7795,97.7738,76.7795,97.7738,79.8071,90.1248,79.8071,90.1248,0
76.7999,97.7857,76.7999,97.7857,79.8071,90.1248,79.8071,90.1248,0
76.7999,97.7857,76.7999,97.7857,79.8071,90.1248,79.8071,90.1248,0
76.7999,97.7857,76.7999,97.7857,79.8032,90.1939,79.8032,90.1939,0
76.7999,97.7857,76.7999,97.7857,79.8032,90.1939,79.8032,90.1939,0
76.7999,97.7857,76.7999,97.7857,79.8032,90.1939,79.8032,90.1939,0
76.7766,97.7817,76.7766,97.7817,79.8032,90.1939,79.8032,90.1939,0
76.7766,97.7817,76.7766,97.7817,79.8323,90.2753,79.8323,90.2753,0
76.7766,97.7817,76.7766,97.7817,79.8323,90.2753,79.8323,90.2753,0
76.7638,97.7686,76.7638,97.7686,79.8323,90.2753,79.8323,90.2753,0
76.7638,97.7686,76.7638,97.7686,79.8323,90.3631,79.8323,90.3631,0
76.7638,97.7686,76.7638,97.7686,79.7703,90.3631,79.7703,90.3631,0
76.7638,97.7686,76.7638,97.7686,79.7703,90.3631,79.7703,90.3631,0
76.7368,97.6918,76.7368,97.6918,79.7703,90.3631,79.7703,90.3631,0
76.7368,97.6918,76.7368,97.6918,79.7703,90.4747,79.7703,90.4747,0
76.7368,97.6918,76.7368,97.6918,79.7104,90.4747,79.7104,90.4747,0
76.7368,97.6918,76.7368,97.6918,79.7104,90.4747,79.7104,90.4747,0
76.7368,97.6918,76.7368,97.6918,79.7104,90.4747,79.7104,90.4747,0
76.728,97.6437,76.728,97.6437,79.7104,90.4747,79.7104,90.4747,0
76.728,97.6437,76.728,97.6437,79.6271,90.5835,79.6271,90.5835,0
76.728,97.6437,76.728,97.6437,79.6271,90.5835,79.6271,90.5835,0
76.7056,97.6255,76.7056,97.6255,79.6271,90.5835,79.6271,90.5835,0
76.7056,97.6255,76.7056,97.6255,79.6271,90.6626,79.6271,90.6626,0
76.7056,97.6255,76.7056,97.6255,79.5527,90.6626,79.5527,90.6626,0
76.7056,97.6255,76.7056,97.6255,79.5527,90.6626,79.5527,90.6626,0
76.6993,97.5951,76.6993,97.5951,79.5527,90.6626,79.5527,90.6626,0
76.6993,97.5951,76.6993,97.5951,79.5527,90.6626,79.5527,90.6626,0
76.6993,97.5951,76.6993,97.5951,79.5527,90.6626,79.5527,90.6626,0
76.6993,97.5951,76.6993,97.5951,79.5505,90.7534,79.5505,90.7534,0
76.6999,97.5555,76.6999,97.5555,79.5505,90.7534,79.5505,90.7534,0
76.6999,97.5555,76.6999,97.5555,79.5505,90.9172,79.5505,90.9172,0
76.6999,97.5555,76.6999,97.5555,79.4173,90.9172,79.4173,90.9172,0
76.6999,97.5555,76.6999,97.5555,79.4173,90.9172,79.4173,90.9172,0
76.7246,97.5695,76.7246,97.5695,79.4173,90.9172,79.4173,90.9172,0
76.7246,97.5695,76.7246,97.5695,79.4173,90.9668,79.4173,90.9668,0
76.7246,97.5695,76.7246,97.5695,79.3851,90.9668,79.3851,90.9668,0
76.7246,97.5695,76.7246,97.5695,79.3851,90.9668,79.3851,90.9668,0
76.7246,97.5695,76.7246,97.5695,79.3851,90.9668,79.3851,90.9668,0
76.6862,97.5428,76.6862,97.5428,79.3851,90.9668,79.3851,90.9668,0
76.6862,97.5428,76.6862,97.5428,79.39,90.9864,79.39,90.9864,0
76.6862,97.5428,76.6862,97.5428,79.39,90.9864,79.39,90.9864,0
76.6764,97.5379,76.6764,97.5379,79.39,90.9864,79.39,90.9864,0
76.6764,97.5379,76.6764,97.5379,79.39,91.0086,79.39,91.0086,0
76.6764,97.5379,76.6764,97.5379,79.4082,91.0086,79.4082,91.0086,0
76.6764,97.5379,76.6764,97.5379,79.4082,91.0086,79.4082,91.0086,0
76.6996,97.5258,76.6996,97.5258,79.4082,91.0086,79.4082,91.0086,0
76.6996,97.5258,76.6996,97.5258,79.4082,91.0479,79.4082,91.0479,0
76.6996,97.5258,76.6996,97.5258,79.4082,91.0479,79.4082,91.0479,0
76.6996,97.5258,76.6996,97.5258,79.3988,91.0479,79.3988,91.0479,0
76.7231,97.5379,76.7231,97.5379,79.3988,91.0479,79.3988,91.0479,0
76.7231,97.5379,76.7231,97.5379,79.3988,91.0479,79.3988,91.0479,0
76.7231,97.5379,76.7231,97.5379,79.4113,91.0105,79.4113,91.0105,0
76.7231,97.5379,76.7231,97.5379,79.4113,91.0105,79.4113,91.0105,0
76.7028,97.5136,76.7028,97.5136,79.4113,91.0105,79.4113,91.0105,0
76.7028,97.5136,76.7028,97.5136,79.4113,90.9638,79.4113,90.9638,0
76.7028,97.5136,76.7028,97.5136,79.4761,90.9638,79.4761,90.9638,0
76.7028,97.5136,76.7028,97.5136,79.4761,90.9638,79.4761,90.9638,0
76.669,97.5136,76.669,97.5136,79.4761,90.9638,79.4761,90.9638,0
76.669,97.4693,76.669,97.4693,79.4761,90.9404,79.4761,90.9404,0
76.669,97.4693,76.669,97.4693,79.5272,90.9404,79.5272,90.9404,0
76.669,97.4693,76.669,97.4693,79.5272,90.9404,79.5272,90.9404,0
76.7031,97.4843,76.7031,97.4843,79.5272,90.9404,79.5272,90.9404,0
76.7031,97.4843,76.7031,97.4843,79.5272,90.8803,79.5272,90.8803,0
76.7031,97.4843,76.7031,97.4843,79.5275,90.8803,79.5275,90.8803,0
76.7031,97.4843,76.7031,97.4843,79.5275,90.8803,79.5275,90.8803,0
76.7247,97.5283,76.7247,97.5283,79.5275,90.8803,79.5275,90.8803,0
76.7247,97.5283,76.7247,97.5283,79.5275,90.8348,79.5275,90.8348,0
76.7247,97.5283,76.7247,97.5283,79.5275,90.8348,79.5275,90.8348,0
76.7247,97.5283,76.7247,97.5283,79.4884,90.8348,79.4884,90.8348,0
76.7207,97.5538,76.7207,97.5538,79.4884,90.8348,79.4884,90.8348,0
76.7207,97.5538,76.7207,97.5538,79.4884,90.8348,79.4884,90.8348,0
76.7207,97.5538,76.7207,97.5538,79.5423,90.779,79.5423,90.779,0
76.7207,97.5538,76.7207,97.5538,79.5423,90.779,79.5423,90.779,0
76.7091,97.5413,76.7091,97.5413,79.5423,90.779,79.5423,90.779,0
76.7091,97.5413,76.7091,97.5413,79.5423,90.7605,79.5423,90.7605,0
76.7091,97.5413,76.7091,97.5413,79.5874,90.7605,79.5874,90.7605,0
76.7091,97.5413,76.7091,97.5413,79.5874,90.7605,79.5874,90.7605,0
76.7091,97.5413,76.7091,97.5413,79.5874,90.7605,79.5874,90.7605,0
76.7442,97.5514,76.7442,97.5514,79.5874,90.7529,79.5874,90.7529,0
76.7442,97.5514,76.7442,97.5514,79.5344,90.7529,79.5344,90.7529,0
76.7442,97.5514,76.7442,97.5514,79.5344,90.7529,79.5344,90.7529,0
76.7717,97.5768,76.7717,97.5768,79.5344,90.7529,79.5344,90.7529,0
76.7717,97.5768,76.7717,97.5768,79.5344,90.7355,79.5344,90.7355,0
76.7717,97.5768,76.7717,97.5768,79.5052,90.7355,79.5052,90.7355,0
76.7717,97.5768,76.7717,97.5768,79.5052,90.7355,79.5052,90.7355,0
76.77,97.5747,76.77,97.5747,79.5052,90.7355,79.5052,90.7355,0
76.77,97.5747,76.77,97.5747,79.5052,90.7361,79.5052,90.7361,0
76.77,97.5747,76.77,97.5747,79.5052,90.7361,79.5052,90.7361,0
76.77,97.5747,76.77,97.5747,79.4843,90.7361,79.4843,90.7361,0
76.8673,97.503,76.8673,97.503,79.4843,90.7361,79.4843,90.7361,0
76.8673,97.503,76.8673,97.503,79.4843,90.7317,79.4843,90.7317,0
76.8673,97.503,76.8673,97.503,79.5359,90.7317,79.5359,90.7317,0
76.8673,97.503,76.8673,97.503,79.5359,90.7317,79.5359,90.7317,0
76.8604,97.5266,76.8604,97.5266,79.5359,90.7317,79.5359,90.7317,0
76.8604,97.5266,76.8604,97.5266,79.5359,90.7193,79.5359,90.7193,0
76.8604,97.5266,76.8604,97.5266,79.5185,90.7193,79.5185,90.7193,0
76.8604,97.5266,76.8604,97.5266,79.5185,90.7193,79.5185,90.7193,0
76.8604,97.5266,76.8604,97.5266,79.5185,90.7193,79.5185,90.7193,0
76.8617,97.541,76.8617,97.541,79.5185,90.7193,79.5185,90.7193,0
76.8617,97.541,76.8617,97.541,79.5164,90.7142,79.5164,90.7142,0
76.8617,97.541,76.8617,97.541,79.5164,90.7142,79.5164,90.7142,0
76.8405,97.565,76.8405,97.565,79.5164,90.7142,79.5164,90.7142,0
76.8405,97.565,76.8405,97.565,79.5164,90.6628,79.5164,90.6628,0
76.8405,97.565,76.8405,97.565,79.5702,90.6628,79.5702,90.6628,0
76.8405,97.565,76.8405,97.565,79.5702,90.6628,79.5702,90.6628,0
76.818,97.5561,76.818,97.5561,79.5702,90.6628,79.5702,90.6628,0
76.818,97.5561,76.818,97.5561,79.5702,90.617,79.5702,90.617,0
76.818,97.5561,76.818,97.5561,79.5702,90.617,79.5702,90.617,0
76.818,97.5561,76.818,97.5561,79.6113,90.617,79.6113,90.617,0
76.7283,97.6442,76.7283,97.6442,79.6113,90.617,79.6113,90.617,0
76.7283,97.6442,76.7283,97.6442,79.6113,90.5584,79.6113,90.5584,0
76.7283,97.6442,76.7283,97.6442,79.6792,90.5584,79.6792,90.5584,0
76.7283,97.6442,76.7283,97.6442,79.6792,90.5584,79.6792,90.5584,0
76.7625,97.6625,76.7625,97.6625,79.6792,90.5584,79.6792,90.5584,0
76.7625,97.6625,76.7625,97.6625,79.6792,90.4036,79.6792,90.4036,0
76.7625,97.6625,76.7625,97.6625,79.7541,90.4036,79.7541,90.4036,0
76.7625,97.6625,76.7625,97.6625,79.7541,90.4036,79.7541,90.4036,0
76.7625,97.6625,76.7625,97.6625,79.7541,90.4036,79.7541,90.4036,0
76.7656,97.6409,76.7656,97.6409,79.7541,90.4036,79.7541,90.4036,0
76.7656,97.6409,76.7656,97.6409,79.8578,90.3142,79.8578,90.3142,0
76.7656,97.6409,76.7656,97.6409,79.8578,90.3142,79.8578,90.3142,0
76.7841,97.6818,76.7841,97.6818,79.8578,90.3142,79.8578,90.3142,0
76.7841,97.6818,76.7841,97.6818,79.8578,90.3142,79.8578,90.3142,0
76.7841,97.6818,76.7841,97.6818,80.0103,90.2471,80.0103,90.2471,0
76.7841,97.6818,76.7841,97.6818,80.0103,90.2471,80.0103,90.2471,0
76.784,97.7063,76.784,97.7063,80.0103,90.2471,80.0103,90.2471,0
76.784,97.7063,76.784,97.7063,80.0103,90.2471,80.0103,90.2471,0
76.784,97.7063,76.784,97.7063,80.0103,90.2471,80.0103,90.2471,0
76.784,97.7063,76.784,97.7063,80.1797,90.1339,80.1797,90.1339,0
76.8062,97.7484,76.8062,97.7484,80.1797,90.1339,80.1797,90.1339,0
76.8062,97.7484,76.8062,97.7484,80.1797,89.9915,80.1797,89.9915,0
76.8062,97.7484,76.8062,97.7484,80.2679,89.9915,80.2679,89.9915,0
76.8062,97.7484,76.8062,97.7484,80.2679,89.9915,80.2679,89.9915,0
76.8275,97.7862,76.8275,97.7862,80.2679,89.9915,80.2679,89.9915,0
76.8275,97.7862,76.8275,97.7862,80.2679,89.9395,80.2679,89.9395,0
76.8275,97.7862,76.8275,97.7862,80.3744,89.9395,80.3744,89.9395,0
76.8275,97.7862,76.8275,97.7862,80.3744,89.9395,80.3744,89.9395,0
76.8275,97.7862,76.8275,97.7862,80.3744,89.9395,80.3744,89.9395,0
76.8182,97.8211,76.8182,97.8211,80.3744,89.9395,80.3744,89.9395,0
76.8182,97.8211,76.8182,97.8211,80.5717,89.8597,80.5717,89.8597,0
76.8182,97.8211,76.8182,97.8211,80.5717,89.8597,80.5717,89.8597,0
76.8367,97.8668,76.8367,97.8668,80.5717,89.8597,80.5717,89.8597,0
76.8367,97.8668,76.8367,97.8668,80.5717,89.7223,80.5717,89.7223,0
76.8367,97.8668,76.8367,97.8668,80.7161,89.7223,80.7161,89.7223,0
76.8367,97.8668,76.8367,97.8668,80.7161,89.7223,80.7161,89.7223,0
76.9672,97.866,76.9672,97.866,80.7161,89.7223,80.7161,89.7223,0
76.9672,97.866,76.9672,97.866,80.7161,89.6719,80.7161,89.6719,0
76.9672,97.866,76.9672,97.866,80.7161,89.6719,80.7161,89.6719,0
76.9672,97.866,76.9672,97.866,80.7363,89.6719,80.7363,89.6719,0
76.9498,97.9142,76.9498,97.9142,80.7363,89.6719,80.7363,89.6719,0
76.9498,97.9142,76.9498,97.9142,80.7363,89.617,80.7363,89.617,0
76.9498,97.9142,76.9498,97.9142,80.8175,89.617,80.8175,89.617,0
76.9498,97.9142,76.9498,97.9142,80.8175,89.617,80.8175,89.617,0
76.9464,97.9699,76.9464,97.9699,80.8175,89.617,80.8175,89.617,0
76.9464,97.9699,76.9464,97.9699,80.8175,89.5136,80.8175,89.5136,0
76.9464,97.9699,76.9464,97.9699,80.9285,89.5136,80.9285,89.5136,0
76.9464,97.9699,76.9464,97.9699,80.9285,89.5136,80.9285,89.5136,0
76.9464,97.9699,76.9464,97.9699,80.9285,89.5136,80.9285,89.5136,0
76.9748,97.9813,76.9748,97.9813,80.9285,89.5136,80.9285,89.5136,0
76.9748,97.9813,76.9748,97.9813,80.9607,89.4576,80.9607,89.4576,0
76.9748,97.9813,76.9748,97.9813,80.9607,89.4576,80.9607,89.4576,0
77.0076,97.9988,77.0076,97.9988,80.9607,89.4576,80.9607,89.4576,0
77.0076,97.9988,77.0076,97.9988,80.9607,89.4453,80.9607,89.4453,0
77.0076,97.9988,77.0076,97.9988,80.975,89.4453,80.975,89.4453,0
77.0076,97.9988,77.0076,97.9988,80.975,89.4453,80.975,89.4453,0
76.9841,98.0124,76.9841,98.0124,80.975,89.4453,80.975,89.4453,0
76.9841,98.0124,76.9841,98.0124,80.975,89.4438,80.975,89.4438,0
76.9841,98.0124,76.9841,98.0124,80.975,89.4438,80.975,89.4438,0
76.9841,98.0124,76.9841,98.0124,81.0655,89.4438,81.0655,89.4438,0
76.9618,97.9998,76.9618,97.9998,81.0655,89.4438,81.0655,89.4438,0
76.9618,97.9998,76.9618,97.9998,81.0655,89.4438,81.0655,89.4438,0
76.9618,97.9998,76.9618,97.9998,81.0655,89.4613,81.0655,89.4613,0
76.9618,97.9998,76.9618,97.9998,81.0436,89.4613,81.0436,89.4613,0
76.932,97.9797,76.932,97.9797,81.0436,89.4613,81.0436,89.4613,0
76.932,97.9797,76.932,97.9797,81.0436,89.4955,81.0436,89.4955,0
76.932,97.9797,76.932,97.9797,80.967,89.4955,80.967,89.4955,0
76.905,97.9797,76.905,97.9797,80.967,89.4955,80.967,89.4955,0
76.905,97.9797,76.905,97.9797,80.967,89.4955,80.967,89.4955,0
76.905,97.9584,76.905,97.9584,80.967,89.4955,80.967,89.4955,0
76.905,97.9584,76.905,97.9584,80.9226,89.5234,80.9226,89.5234,0
76.905,97.9584,76.905,97.9584,80.9226,89.5234,80.9226,89.5234,0
76.8817,97.9434,76.8817,97.9434,80.9226,89.5234,80.9226,89.5234,0
76.8817,97.9434,76.8817,97.9434,80.9226,89.6208,80.9226,89.6208,0
76.8817,97.9434,76.8817,97.9434,80.8811,89.6208,80.8811,89.6208,0
76.8817,97.9434,76.8817,97.9434,80.8811,89.6208,80.8811,89.6208,0
76.8569,97.9059,76.8569,97.9059,80.8811,89.6208,80.8811,89.6208,0
76.8569,97.9059,76.8569,97.9059,80.8811,89.6208,80.8811,89.6208,0
76.8569,97.9059,76.8569,97.9059,80.8811,89.6208,80.8811,89.6208,0
76.8569,97.9059,76.8569,97.9059,80.7927,89.6845,80.7927,89.6845,0
76.8219,97.88,76.8219,97.88,80.7927,89.6845,80.7927,89.6845,0
76.8219,97.88,76.8219,97.88,80.7927,89.7614,80.7927,89.7614,0
76.8219,97.88,76.8219,97.88,80.6222,89.7614,80.6222,89.7614,0
76.8219,97.88,76.8219,97.88,80.6222,89.7614,80.6222,89.7614,0
76.7964,97.8801,76.7964,97.8801,80.6222,89.7614,80.6222,89.7614,0
76.7964,97.8801,76.7964,97.8801,80.6222,89.9137,80.6222,89.9137,0
76.7964,97.8801,76.7964,97.8801,80.51,89.9137,80.51,89.9137,0
76.7964,97.8801,76.7964,97.8801,80.51,89.9137,80.51,89.9137,0
76.7964,97.8801,76.7964,97.8801,80.51,89.9137,80.51,89.9137,0
76.7801,97.854,76.7801,97.854,80.51,90.0472,80.51,90.0472,0
76.7801,97.854,76.7801,97.854,80.3524,90.0472,80.3524,90.0472,0
76.7801,97.854,76.7801,97.854,80.3524,90.0472,80.3524,90.0472,0
76.7342,97.8343,76.7342,97.8343,80.3524,90.0472,80.3524,90.0472,0
76.7342,97.8343,76.7342,97.8343,80.3524,90.2657,80.3524,90.2657,0
76.7342,97.8343,76.7342,97.8343,80.187,90.2657,80.187,90.2657,0
76.7049,97.8343,76.7049,97.8343,80.187,90.2657,80.187,90.2657,0
76.7049,97.8182,76.7049,97.8182,80.187,90.2657,80.187,90.2657,0
76.7049,97.8182,76.7049,97.8182,80.187,90.4657,80.187,90.4657,0
76.7049,97.8182,76.7049,97.8182,80.187,90.4657,80.187,90.4657,0
76.7049,97.8182,76.7049,97.8182,79.9647,90.4657,79.9647,90.4657,0
76.672,97.7642,76.672,97.7642,79.9647,90.4657,79.9647,90.4657,0
76.672,97.7642,76.672,97.7642,79.9647,90.709,79.9647,90.709,0
76.672,97.7642,76.672,97.7642,79.8252,90.709,79.8252,90.709,0
76.672,97.7642,76.672,97.7642,79.8252,90.709,79.8252,90.709,0
76.661,97.7421,76.661,97.7421,79.8252,90.709,79.8252,90.709,0
76.661,97.7421,76.661,97.7421,79.8252,90.9429,79.8252,90.9429,0
76.661,97.7421,76.661,97.7421,79.6968,90.9429,79.6968,90.9429,0
76.661,97.7421,76.661,97.7421,79.6968,90.9429,79.6968,90.9429,0
76.661,97.7421,76.661,97.7421,79.6968,90.9429,79.6968,90.9429,0
76.6303,97.7141,76.6303,97.7141,79.6968,91.1121,79.6968,91.1121,0
76.6303,97.7141,76.6303,97.7141,79.5553,91.1121,79.5553,91.1121,0
76.6303,97.7141,76.6303,97.7141,79.5553,91.1121,79.5553,91.1121,0
76.5848,97.6799,76.5848,97.6799,79.5553,91.1121,79.5553,91.1121,0
76.5848,97.6799,76.5848,97.6799,79.5553,91.3002,79.5553,91.3002,0
76.5848,97.6799,76.5848,97.6799,79.3667,91.3002,79.3667,91.3002,0
76.559,97.6799,76.559,97.6799,79.3667,91.3002,79.3667,91.3002,0
76.559,97.6258,76.559,97.6258,79.3667,91.3002,79.3667,91.3002,0
76.559,97.6258,76.559,97.6258,79.3667,91.4617,79.3667,91.4617,0
76.559,97.6258,76.559,97.6258,79.3667,91.4617,79.3667,91.4617,0
76.559,97.6258,76.559,97.6258,79.2709,91.4617,79.2709,91.4617,0
76.508,97.6067,76.508,97.6067,79.2709,91.4617,79.2709,91.4617,0
76.508,97.6067,76.508,97.6067,79.2709,91.5406,79.2709,91.5406,0
76.508,97.6067,76.508,97.6067,79.2329,91.5406,79.2329,91.5406,0
76.508,97.6067,76.508,97.6067,79.2329,91.5406,79.2329,91.5406,0
76.4471,97.5561,76.4471,97.5561,79.2329,91.5406,79.2329,91.5406,0
76.4471,97.5561,76.4471,97.5561,79.2329,91.5729,79.2329,91.5729,0
76.4471,97.5561,76.4471,97.5561,79.129,91.5729,79.129,91.5729,0
76.3679,97.5561,76.3679,97.5561,79.129,91.5729,79.129,91.5729,0
76.3679,97.5561,76.3679,97.5561,79.129,91.5729,79.129,91.5729,0
76.3679,97.4902,76.3679,97.4902,79.129,91.5099,79.129,91.5099,0
76.3679,97.4902,76.3679,97.4902,79.052,91.5099,79.052,91.5099,0
76.3178,97.4902,76.3178,97.4902,79.052,91.5099,79.052,91.5099,0
76.3178,97.424,76.3178,97.424,79.052,91.5099,79.052,91.5099,0
76.3178,97.424,76.3178,97.424,79.052,91.467,79.052,91.467,0
76.3178,97.424,76.3178,97.424,79.0102,91.467,79.0102,91.467,0
76.2856,97.424,76.2856,97.424,79.0102,91.467,79.0102,91.467,0
76.2856,97.3902,76.2856,97.3902,79.0102,91.467,79.0102,91.467,0
76.2856,97.3902,76.2856,97.3902,79.0102,91.3387,79.0102,91.3387,0
76.2856,97.3902,76.2856,97.3902,79.0102,91.3387,79.0102,91.3387,0
76.2856,97.3902,76.2856,97.3902,79.0659,91.3387,79.0659,91.3387,0
76.2453,97.356,76.2453,97.356,79.0659,91.3387,79.0659,91.3387,0
76.2453,97.356,76.2453,97.356,79.0659,91.1928,79.0659,91.1928,0
76.2453,97.356,76.2453,97.356,79.1004,91.1928,79.1004,91.1928,0
76.2014,97.356,76.2014,97.356,79.1004,91.1928,79.1004,91.1928,0
76.2014,97.3248,76.2014,97.3248,79.1004,91.1928,79.1004,91.1928,0
76.2014,97.3248,76.2014,97.3248,79.1004,91.0224,79.1004,91.0224,0
76.2014,97.3248,76.2014,97.3248,79.1539,91.0224,79.1539,91.0224,0
76.149,97.3248,76.149,97.3248,79.1539,91.0224,79.1539,91.0224,0
76.149,97.3248,76.149,97.3248,79.1539,91.0224,79.1539,91.0224,0
76.149,97.3122,76.149,97.3122,79.1539,90.9797,79.1539,90.9797,0
76.149,97.3122,76.149,97.3122,79.2411,90.9797,79.2411,90.9797,0
76.1379,97.3122,76.1379,97.3122,79.2411,90.9797,79.2411,90.9797,0
76.1379,97.3255,76.1379,97.3255,79.2411,90.9797,79.2411,90.9797,0
76.1379,97.3255,76.1379,97.3255,79.2411,90.7461,79.2411,90.7461,0
76.1379,97.3255,76.1379,97.3255,79.3236,90.7461,79.3236,90.7461,0
76.0912,97.3255,76.0912,97.3255,79.3236,90.7461,79.3236,90.7461,0
76.0912,97.312,76.0912,97.312,79.3236,90.7461,79.3236,90.7461,0
76.0912,97.312,76.0912,97.312,79.3236,90.5324,79.3236,90.5324,0
76.0912,97.312,76.0912,97.312,79.3236,90.5324,79.3236,90.5324,0
76.0912,97.312,76.0912,97.312,79.3963,90.5324,79.3963,90.5324,0
76.0747,97.3205,76.0747,97.3205,79.3963,90.5324,79.3963,90.5324,0
76.0747,97.3205,76.0747,97.3205,79.3963,90.3563,79.3963,90.3563,0
76.0747,97.3205,76.0747,97.3205,79.4456,90.3563,79.4456,90.3563,0
76.0694,97.3205,76.0694,97.3205,79.4456,90.3563,79.4456,90.3563,0
76.0694,97.3649,76.0694,97.3649,79.4456,90.3563,79.4456,90.3563,0
76.0694,97.3649,76.0694,97.3649,79.4456,90.3563,79.4456,90.3563,0
76.0694,97.3649,76.0694,97.3649,79.5729,90.1425,79.5729,90.1425,0
76.0694,97.3649,76.0694,97.3649,79.5729,90.1425,79.5729,90.1425,0
76.0694,97.3649,76.0694,97.3649,79.5729,90.1425,79.5729,90.1425,0
76.0606,97.3875,76.0606,97.3875,79.5729,90.1425,79.5729,90.1425,0
76.0606,97.3875,76.0606,97.3875,79.6296,90.0197,79.6296,90.0197,0
76.07,97.3875,76.07,97.3875,79.6296,90.0197,79.6296,90.0197,0
76.07,97.4051,76.07,97.4051,79.6296,90.0197,79.6296,90.0197,0
76.07,97.4051,76.07,97.4051,79.6296,89.9738,79.6296,89.9738,0
76.07,97.4051,76.07,97.4051,79.5488,89.9738,79.5488,89.9738,0
76.0694,97.4051,76.0694,97.4051,79.5488,89.9738,79.5488,89.9738,0
76.0694,97.4399,76.0694,97.4399,79.5488,89.9738,79.5488,89.9738,0
76.0694,97.4399,76.0694,97.4399,79.5488,89.9374,79.5488,89.9374,0
76.0694,97.4399,76.0694,97.4399,79.5488,89.9374,79.5488,89.9374,0
76.0694,97.4399,76.0694,97.4399,79.5998,89.9374,79.5998,89.9374,0
76.0657,97.448,76.0657,97.448,79.5998,89.9374,79.5998,89.9374,0
76.0657,97.448,76.0657,97.448,79.5998,89.9287,79.5998,89.9287,0
76.0657,97.448,76.0657,97.448,79.6193,89.9287,79.6193,89.9287,0
76.0799,97.448,76.0799,97.448,79.6193,89.9287,79.6193,89.9287,0
76.0799,97.5019,76.0799,97.5019,79.6193,89.9287,79.6193,89.9287,0
76.0799,97.5019,76.0799,97.5019,79.6193,89.8968,79.6193,89.8968,0
76.0799,97.5019,76.0799,97.5019,79.6171,89.8968,79.6171,89.8968,0
76.0928,97.5019,76.0928,97.5019,79.6171,89.8968,79.6171,89.8968,0
76.0928,97.5019,76.0928,97.5019,79.6171,89.8968,79.6171,89.8968,0
76.0928,97.5305,76.0928,97.5305,79.6171,89.8893,79.6171,89.8893,0
76.0928,97.5305,76.0928,97.5305,79.6275,89.8893,79.6275,89.8893,0
76.0619,97.5305,76.0619,97.5305,79.6275,89.8893,79.6275,89.8893,0
76.0619,97.5719,76.0619,97.5719,79.6275,89.8893,79.6275,89.8893,0
76.0619,97.5719,76.0619,97.5719,79.6275,89.9203,79.6275,89.9203,0
76.0619,97.5719,76.0619,97.5719,79.7026,89.9203,79.7026,89.9203,0
76.1023,97.5719,76.1023,97.5719,79.7026,89.9203,79.7026,89.9203,0
76.1023,97.6343,76.1023,97.6343,79.7026,89.9203,79.7026,89.9203,0
76.1023,97.6343,76.1023,97.6343,79.7026,89.916,79.7026,89.916,0
76.1023,97.6343,76.1023,97.6343,79.7026,89.916,79.7026,89.916,0
76.1023,97.6343,76.1023,97.6343,79.6419,89.916,79.6419,89.916,0
76.1264,97.7001,76.1264,97.7001,79.6419,89.916,79.6419,89.916,0
76.1264,97.7001,76.1264,97.7001,79.6419,89.9659,79.6419,89.9659,0
76.1264,97.7001,76.1264,97.7001,79.5659,89.9659,79.5659,89.9659,0
76.1264,97.7001,76.1264,97.7001,79.5659,89.9659,79.5659,89.9659,0
76.1633,97.7514,76.1633,97.7514,79.5659,89.9659,79.5659,89.9659,0
76.1633,97.7514,76.1633,97.7514,79.5659,90.0216,79.5659,90.0216,0
76.1633,97.7514,76.1633,97.7514,79.4956,90.0216,79.4956,90.0216,0
76.2082,97.7514,76.2082,97.7514,79.4956,90.0216,79.4956,90.0216,0
76.2082,97.7514,76.2082,97.7514,79.4956,90.0216,79.4956,90.0216,0
76.2082,97.8464,76.2082,97.8464,79.4956,90.0858,79.4956,90.0858,0
76.2082,97.8464,76.2082,97.8464,79.43,90.0858,79.43,90.0858,0
76.2698,97.8464,76.2698,97.8464,79.43,90.0858,79.43,90.0858,0
76.2698,97.9633,76.2698,97.9633,79.43,90.0858,79.43,90.0858,0
76.2698,97.9633,76.2698,97.9633,79.43,90.2154,79.43,90.2154,0
76.2698,97.9633,76.2698,97.9633,79.451,90.2154,79.451,90.2154,0
76.3196,97.9633,76.3196,97.9633,79.451,90.2154,79.451,90.2154,0
76.3196,98.0542,76.3196,98.0542,79.451,90.2154,79.451,90.2154,0
76.3196,98.0542,76.3196,98.0542,79.451,90.3028,79.451,90.3028,0
76.3196,98.0542,76.3196,98.0542,79.451,90.3028,79.451,90.3028,0
76.3196,98.0542,76.3196,98.0542,79.4702,90.3028,79.4702,90.3028,0
76.3482,98.1367,76.3482,98.1367,79.4702,90.3028,79.4702,90.3028,0
76.3482,98.1367,76.3482,98.1367,79.4702,90.4042,79.4702,90.4042,0
76.3482,98.1367,76.3482,98.1367,79.5476,90.4042,79.5476,90.4042,0
76.3685,98.1367,76.3685,98.1367,79.5476,90.4042,79.5476,90.4042,0
76.3685,98.2123,76.3685,98.2123,79.5476,90.4042,79.5476,90.4042,0
76.3685,98.2123,76.3685,98.2123,79.5476,90.4835,79.5476,90.4835,0
76.3685,98.2123,76.3685,98.2123,79.6594,90.4835,79.6594,90.4835,0
76.4061,98.2123,76.4061,98.2123,79.6594,90.4835,79.6594,90.4835,0
76.4061,98.2123,76.4061,98.2123,79.6594,90.4835,79.6594,90.4835,0
76.4061,98.2841,76.4061,98.2841,79.6594,90.515,79.6594,90.515,0
76.4061,98.2841,76.4061,98.2841,79.7823,90.515,79.7823,90.515,0
76.4338,98.2841,76.4338,98.2841,79.7823,90.515,79.7823,90.515,0
76.4338,98.3306,76.4338,98.3306,79.7823,90.515,79.7823,90.515,0
76.4338,98.3306,76.4338,98.3306,79.7823,90.5891,79.7823,90.5891,0
76.4338,98.3306,76.4338,98.3306,79.9091,90.5891,79.9091,90.5891,0
76.4481,98.354,76.4481,98.354,79.9091,90.5891,79.9091,90.5891,0
76.4481,98.354,76.4481,98.354,79.9091,90.5891,79.9091,90.5891,0
76.4481,98.354,76.4481,98.354,79.9091,90.6299,79.9091,90.6299,0
76.4481,98.354,76.4481,98.354,79.9091,90.6299,79.9091,90.6299,0
76.4481,98.354,76.4481,98.354,80.0888,90.6299,80.0888,90.6299,0
76.4738,98.3985,76.4738,98.3985,80.0888,90.6299,80.0888,90.6299,0
76.4738,98.3985,76.4738,98.3985,80.0888,90.6373,80.0888,90.6373,0
76.4738,98.3985,76.4738,98.3985,80.2914,90.6373,80.2914,90.6373,0
76.5255,98.3985,76.5255,98.3985,80.2914,90.6373,80.2914,90.6373,0
76.5255,98.4145,76.5255,98.4145,80.2914,90.6373,80.2914,90.6373,0
76.5255,98.4145,76.5255,98.4145,80.2914,90.58,80.2914,90.58,0
76.5255,98.4145,76.5255,98.4145,80.4624,90.58,80.4624,90.58,0
76.5493,98.4023,76.5493,98.4023,80.4624,90.58,80.4624,90.58,0
76.5493,98.4023,76.5493,98.4023,80.4624,90.58,80.4624,90.58,0
76.5493,98.4023,76.5493,98.4023,80.4624,90.5169,80.4624,90.5169,0
76.5493,98.4023,76.5493,98.4023,80.6043,90.5169,80.6043,90.5169,0
76.5733,98.3761,76.5733,98.3761,80.6043,90.5169,80.6043,90.5169,0
76.5733,98.3761,76.5733,98.3761,80.6043,90.5169,80.6043,90.5169,0
76.5733,98.3761,76.5733,98.3761,80.6043,90.4628,80.6043,90.4628,0
76.5733,98.3761,76.5733,98.3761,80.7307,90.4628,80.7307,90.4628,0
76.6037,98.3761,76.6037,98.3761,80.7307,90.4628,80.7307,90.4628,0
76.6037,98.3595,76.6037,98.3595,80.7307,90.4628,80.7307,90.4628,0
76.6037,98.3595,76.6037,98.3595,80.7307,90.457,80.7307,90.457,0
76.6037,98.3595,76.6037,98.3595,80.7307,90.457,80.7307,90.457,0
76.6037,98.3595,76.6037,98.3595,80.823,90.457,80.823,90.457,0
76.628,98.3215,76.628,98.3215,80.823,90.457,80.823,90.457,0
76.628,98.3215,76.628,98.3215,80.823,90.3032,80.823,90.3032,0
76.628,98.3215,76.628,98.3215,80.9026,90.3032,80.9026,90.3032,0
76.6619,98.3215,76.6619,98.3215,80.9026,90.3032,80.9026,90.3032,0
76.6619,98.2936,76.6619,98.2936,80.9026,90.3032,80.9026,90.3032,0
76.6619,98.2936,76.6619,98.2936,80.9026,90.2146,80.9026,90.2146,0
76.6619,98.2936,76.6619,98.2936,81.0022,90.2146,81.0022,90.2146,0
76.6699,98.2936,76.6699,98.2936,81.0022,90.2146,81.0022,90.2146,0
76.6699,98.2936,76.6699,98.2936,81.0022,90.2146,81.0022,90.2146,0
76.6699,98.2716,76.6699,98.2716,81.0022,90.1383,81.0022,90.1383,0
76.6699,98.2716,76.6699,98.2716,81.0059,90.1383,81.0059,90.1383,0
76.7089,98.2748,76.7089,98.2748,81.0059,90.1383,81.0059,90.1383,0
76.7089,98.2748,76.7089,98.2748,81.0059,90.1383,81.0059,90.1383,0
76.7089,98.2748,76.7089,98.2748,81.0059,90.0646,81.0059,90.0646,0
76.7089,98.2748,76.7089,98.2748,80.9696,90.0646,80.9696,90.0646,0
76.7345,98.2505,76.7345,98.2505,80.9696,90.0646,80.9696,90.0646,0
76.7345,98.2505,76.7345,98.2505,80.9696,90.0646,80.9696,90.0646,0
76.7345,98.2505,76.7345,98.2505,80.9696,89.9422,80.9696,89.9422,0
76.7345,98.2505,76.7345,98.2505,80.9696,89.9422,80.9696,89.9422,0
76.7345,98.2505,76.7345,98.2505,81.0408,89.9422,81.0408,89.9422,0
76.7345,98.2505,76.7345,98.2505,81.0408,89.9422,81.0408,89.9422,0
76.8657,98.1247,76.8657,98.1247,81.0408,89.9422,81.0408,89.9422,0
76.8657,98.1247,76.8657,98.1247,81.1002,89.8892,81.1002,89.8892,0
76.8354,98.0771,76.8354,98.0771,81.1002,89.8892,81.1002,89.8892,0
76.8354,98.0771,76.8354,98.0771,81.1002,89.8892,81.1002,89.8892,0
76.8354,98.0771,76.8354,98.0771,81.1002,89.8744,81.1002,89.8744,0
76.8354,98.0771,76.8354,98.0771,81.078,89.8744,81.078,89.8744,0
76.8254,98.0771,76.8254,98.0771,81.078,89.8744,81.078,89.8744,0
76.8254,98.0771,76.8254,98.0771,81.078,89.8744,81.078,89.8744,0
76.8254,98.0414,76.8254,98.0414,81.078,89.8076,81.078,89.8076,0
76.8254,98.0414,76.8254,98.0414,81.078,89.8076,81.078,89.8076,0
76.8254,98.0414,76.8254,98.0414,81.0367,89.8076,81.0367,89.8076,0
76.8254,98.0414,76.8254,98.0414,81.0367,89.8076,81.0367,89.8076,0
76.8209,98.0325,76.8209,98.0325,81.0367,89.8076,81.0367,89.8076,0
76.8209,98.0325,76.8209,98.0325,81.0564,89.7703,81.0564,89.7703,0
76.7759,97.9772,76.7759,97.9772,81.0564,89.7703,81.0564,89.7703,0
76.7759,97.9772,76.7759,97.9772,81.0564,89.7703,81.0564,89.7703,0
76.7759,97.9772,76.7759,97.9772,81.0564,89.8006,81.0564,89.8006,0
76.7759,97.9772,76.7759,97.9772,81.0564,89.8006,81.0564,89.8006,0
76.7759,97.9772,76.7759,97.9772,81.0735,89.8006,81.0735,89.8006,0
76.7091,97.9221,76.7091,97.9221,81.0735,89.8006,81.0735,89.8006,0
76.7091,97.9221,76.7091,97.9221,81.0735,89.8776,81.0735,89.8776,0
76.7091,97.9221,76.7091,97.9221,81.0562,89.8776,81.0562,89.8776,0
76.7251,97.9221,76.7251,97.9221,81.0562,89.8776,81.0562,89.8776,0
76.7251,97.9178,76.7251,97.9178,81.0562,89.8776,81.0562,89.8776,0
76.7251,97.9178,76.7251,97.9178,81.0562,89.9207,81.0562,89.9207,0
76.7251,97.9178,76.7251,97.9178,81.0168,89.9207,81.0168,89.9207,0
76.5504,97.9949,76.5504,97.9949,81.0168,89.9207,81.0168,89.9207,0
76.5504,97.9949,76.5504,97.9949,81.0168,89.9207,81.0168,89.9207,0
76.5504,97.9949,76.5504,97.9949,81.0168,89.9734,81.0168,89.9734,0
76.5504,97.9949,76.5504,97.9949,81.0068,89.9734,81.0068,89.9734,0
76.5748,97.9949,76.5748,97.9949,81.0068,89.9734,81.0068,89.9734,0
76.5748,97.957,76.5748,97.957,81.0068,89.9734,81.0068,89.9734,0
76.5748,97.957,76.5748,97.957,81.0068,90.0936,81.0068,90.0936,0
76.5748,97.957,76.5748,97.957,80.9319,90.0936,80.9319,90.0936,0
76.6565,97.9373,76.6565,97.9373,80.9319,90.0936,80.9319,90.0936,0
76.6565,97.9373,76.6565,97.9373,80.9319,90.0936,80.9319,90.0936,0
76.6565,97.9373,76.6565,97.9373,80.9319,90.336,80.9319,90.336,0
76.6565,97.9373,76.6565,97.9373,80.9319,90.336,80.9319,90.336,0
76.6565,97.9373,76.6565,97.9373,80.8211,90.336,80.8211,90.336,0
76.6744,97.9351,76.6744,97.9351,80.8211,90.336,80.8211,90.336,0
76.6744,97.9351,76.6744,97.9351,80.8211,90.522,80.8211,90.522,0
76.6744,97.9351,76.6744,97.9351,80.7313,90.522,80.7313,90.522,0
76.6903,97.9374,76.6903,97.9374,80.7313,90.522,80.7313,90.522,0
76.6903,97.9374,76.6903,97.9374,80.7313,90.522,80.7313,90.522,0
76.6903,97.9374,76.6903,97.9374,80.7313,90.7153,80.7313,90.7153,0
76.6903,97.9374,76.6903,97.9374,80.6336,90.7153,80.6336,90.7153,0
76.6709,97.9374,76.6709,97.9374,80.6336,90.7153,80.6336,90.7153,0
76.6709,97.9374,76.6709,97.9374,80.6336,90.7153,80.6336,90.7153,0
76.6709,97.9465,76.6709,97.9465,80.6336,90.9022,80.6336,90.9022,0
76.6709,97.9465,76.6709,97.9465,80.494,90.9022,80.494,90.9022,0
76.6977,97.9215,76.6977,97.9215,80.494,90.9022,80.494,90.9022,0
76.6977,97.9215,76.6977,97.9215,80.494,90.9022,80.494,90.9022,0
76.6977,97.9215,76.6977,97.9215,80.494,91.1247,80.494,91.1247,0
76.6977,97.9215,76.6977,97.9215,80.3666,91.1247,80.3666,91.1247,0
76.7075,97.9376,76.7075,97.9376,80.3666,91.1247,80.3666,91.1247,0
76.7075,97.9376,76.7075,97.9376,80.3666,91.1247,80.3666,91.1247,0
76.7075,97.9376,76.7075,97.9376,80.3666,91.3453,80.3666,91.3453,0
76.7075,97.9376,76.7075,97.9376,80.3666,91.3453,80.3666,91.3453,0
76.7075,97.9376,76.7075,97.9376,80.2845,91.3453,80.2845,91.3453,0
76.7098,97.9101,76.7098,97.9101,80.2845,91.3453,80.2845,91.3453,0
76.7098,97.9101,76.7098,97.9101,80.2845,91.4949,80.2845,91.4949,0
76.7098,97.9101,76.7098,97.9101,80.1557,91.4949,80.1557,91.4949,0
76.7429,97.8729,76.7429,97.8729,80.1557,91.4949,80.1557,91.4949,0
76.7429,97.8729,76.7429,97.8729,80.1557,91.4949,80.1557,91.4949,0
76.7429,97.8729,76.7429,97.8729,80.1557,91.6423,80.1557,91.6423,0
76.7429,97.8729,76.7429,97.8729,80.0492,91.6423,80.0492,91.6423,0
76.7534,97.8913,76.7534,97.8913,80.0492,91.6423,80.0492,91.6423,0
76.7534,97.8913,76.7534,97.8913,80.0492,91.6423,80.0492,91.6423,0
76.7534,97.8913,76.7534,97.8913,80.0492,91.7294,80.0492,91.7294,0
76.7534,97.8913,76.7534,97.8913,79.8954,91.7294,79.8954,91.7294,0
76.7575,97.8913,76.7575,97.8913,79.8954,91.7294,79.8954,91.7294,0
76.7575,97.9251,76.7575,97.9251,79.8954,91.7294,79.8954,91.7294,4e-06
76.7575,97.9251,76.7575,97.9251,79.8954,91.7895,79.8954,91.7895,4e-06
76.7575,97.9251,76.7575,97.9251,79.8057,91.7895,79.8057,91.7895,1.2e-05
76.7508,97.9292,76.7508,97.9292,79.8057,91.7895,79.8057,91.7895,1.2e-05
76.7508,97.9292,76.7508,97.9292,79.8057,91.7895,79.8057,91.7895,1.2e-05
76.7508,97.9292,76.7508,97.9292,79.8057,91.7356,79.8057,91.7356,1.2e-05
76.7508,97.9292,76.7508,97.9292,79.8057,91.7356,79.8057,91.7356,2.4e-05
76.7891,97.9292,76.7891,97.9292,79.6839,91.7356,79.6839,91.7356,2.4e-05
76.7891,97.9504,76.7891,97.9504,79.6839,91.7356,79.6839,91.7356,4e-05
76.7891,97.9504,76.7891,97.9504,79.6839,91.6109,79.6839,91.6109,4e-05
76.7891,97.9504,76.7891,97.9504,79.5973,91.6109,79.5973,91.6109,8.4e-05
76.946,97.91,76.946,97.91,79.5973,91.6109,79.5973,91.6109,8.4e-05
76.946,97.91,76.946,97.91,79.5973,91.6109,79.5973,91.6109,0.000112
76.946,97.91,76.946,97.91,79.5973,91.4901,79.5973,91.4901,0.000112
76.946,97.91,76.946,97.91,79.5071,91.4901,79.5071,91.4901,0.000112
76.9509,97.9738,76.9509,97.9738,79.5071,91.4901,79.5071,91.4901,0.000112
76.9509,97.9738,76.9509,97.9738,79.5071,91.4901,79.5071,91.4901,0.000144
76.9509,97.9738,76.9509,97.9738,79.5071,91.2943,79.5071,91.2943,0.000144
76.9509,97.9738,76.9509,97.9738,79.4859,91.2943,79.4859,91.2943,0.00018
76.9416,97.9878,76.9416,97.9878,79.4859,91.2943,79.4859,91.2943,0.00018
76.9416,97.9878,76.9416,97.9878,79.4859,91.2943,79.4859,91.2943,0.000264
76.9416,97.9878,76.9416,97.9878,79.4859,91.026,79.4859,91.026,0.000264
76.9416,97.9878,76.9416,97.9878,79.4857,91.026,79.4857,91.026,0.000312
76.9358,98.0106,76.9358,98.0106,79.4857,91.026,79.4857,91.026,0.000312
76.9358,98.0106,76.9358,98.0106,79.4857,91.026,79.4857,91.026,0.000364
76.9358,98.0106,76.9358,98.0106,79.4885,90.7529,79.4885,90.7529,0.000364
76.9358,98.0106,76.9358,98.0106,79.4885,90.7529,79.4885,90.7529,0.000364
76.9044,98.0522,76.9044,98.0522,79.4885,90.7529,79.4885,90.7529,0.000364
76.9044,98.0522,76.9044,98.0522,79.4885,90.7529,79.4885,90.7529,0.00042
76.9044,98.0522,76.9044,98.0522,79.4885,90.4959,79.4885,90.4959,0.00042
76.9044,98.0522,76.9044,98.0522,79.5747,90.4959,79.5747,90.4959,0.00048
76.9028,98.0829,76.9028,98.0829,79.5747,90.4959,79.5747,90.4959,0.00048
76.9028,98.0829,76.9028,98.0829,79.5747,90.4959,79.5747,90.4959,0.000612
76.9028,98.0829,76.9028,98.0829,79.5747,90.1984,79.5747,90.1984,0.000612
76.9028,98.0829,76.9028,98.0829,79.621,90.1984,79.621,90.1984,0.000684
76.8671,98.1015,76.8671,98.1015,79.621,90.1984,79.621,90.1984,0.000684
76.8671,98.1015,76.8671,98.1015,79.621,90.1984,79.621,90.1984,0.000684
76.8671,98.1015,76.8671,98.1015,79.621,89.8419,79.621,89.8419,0.000684
76.8671,98.1015,76.8671,98.1015,79.7488,89.8419,79.7488,89.8419,0.00076
76.8647,98.1143,76.8647,98.1143,79.7488,89.8419,79.7488,89.8419,0.00076
76.8647,98.1143,76.8647,98.1143,79.7488,89.8419,79.7488,89.8419,0.00076
76.8647,98.1143,76.8647,98.1143,79.7488,89.5203,79.7488,89.5203,0.00076
76.8647,98.1143,76.8647,98.1143,79.8585,89.5203,79.8585,89.5203,0.001016
76.8525,98.1362,76.8525,98.1362,79.8585,89.5203,79.8585,89.5203,0.001016
76.8525,98.1362,76.8525,98.1362,79.8585,89.5203,79.8585,89.5203,0.001108
76.8525,98.1362,76.8525,98.1362,79.8585,89.2681,79.8585,89.2681,0.001108
76.8525,98.1362,76.8525,98.1362,79.8585,89.2681,79.8585,89.2681,0.001204
76.8525,98.1362,76.8525,98.1362,80.0079,89.2681,80.0079,89.2681,0.001204
76.8209,98.1794,76.8209,98.1794,80.0079,89.2681,80.0079,89.2681,0.001204
76.8209,98.1794,76.8209,98.1794,80.1636,89.1162,80.1636,89.1162,0.001204
76.8209,98.1794,76.8209,98.1794,80.1636,89.1162,80.1636,89.1162,0.001304
76.7969,98.1944,76.7969,98.1944,80.1636,89.1162,80.1636,89.1162,0.001304
76.7969,98.1944,76.7969,98.1944,80.1636,89.1162,80.1636,89.1162,0.001516
76.7969,98.1944,76.7969,98.1944,80.1636,88.8889,80.1636,88.8889,0.001516
76.7969,98.1944,76.7969,98.1944,80.3284,88.8889,80.3284,88.8889,0.001628
76.7645,98.245,76.7645,98.245,80.3284,88.8889,80.3284,88.8889,0.001628
76.7645,98.245,76.7645,98.245,80.3284,88.8889,80.3284,88.8889,0.001744
76.7645,98.245,76.7645,98.245,80.3284,88.7772,80.3284,88.7772,0.001744
76.7645,98.245,76.7645,98.245,80.4856,88.7772,80.4856,88.7772,0.001744
76.7418,98.245,76.7418,98.245,80.4856,88.7772,80.4856,88.7772,0.001744
76.7418,98.3344,76.7418,98.3344,80.4856,88.7772,80.4856,88.7772,0.001864
76.7418,98.3344,76.7418,98.3344,80.4856,88.7057,80.4856,88.7057,0.001864
76.7418,98.3344,76.7418,98.3344,80.6446,88.7057,80.6446,88.7057,0.00212
76.7487,98.4443,76.7487,98.4443,80.6446,88.7057,80.6446,88.7057,0.00212
76.7487,98.4443,76.7487,98.4443,80.6446,88.7057,80.6446,88.7057,0.002252
76.7487,98.4443,76.7487,98.4443,80.6446,88.6893,80.6446,88.6893,0.002252
76.7487,98.4443,76.7487,98.4443,80.6446,88.6893,80.6446,88.6893,0.002388
76.7601,98.5433,76.7601,98.5433,80.8737,88.6893,80.8737,88.6893,0.002388
76.7601,98.5433,76.7601,98.5433,80.8737,88.6893,80.8737,88.6893,0.002528
76.7601,98.5433,76.7601,98.5433,80.8737,88.5989,80.8737,88.5989,0.002528
76.7601,98.5433,76.7601,98.5433,81.0846,88.5989,81.0846,88.5989,0.002528
76.7834,98.6634,76.7834,98.6634,81.0846,88.5989,81.0846,88.5989,0.002528
76.7834,98.6634,76.7834,98.6634,81.0846,88.5989,81.0846,88.5989,0.002672
76.7834,98.6634,76.7834,98.6634,81.2997,88.5845,81.2997,88.5845,0.002672
76.7834,98.6634,76.7834,98.6634,81.2997,88.5845,81.2997,88.5845,0.002972
76.8254,98.8529,76.8254,98.8529,81.2997,88.5845,81.2997,88.5845,0.002972
76.8254,98.8529,76.8254,98.8529,81.2997,88.5845,81.2997,88.5845,0.003128
76.8254,98.8529,76.8254,98.8529,81.2997,88.7056,81.2997,88.7056,0.003128
76.8254,98.8529,76.8254,98.8529,81.504,88.7056,81.504,88.7056,0.003288
76.8605,99.0603,76.8605,99.0603,81.504,88.7056,81.504,88.7056,0.003288
76.8605,99.0603,76.8605,99.0603,81.504,88.7056,81.504,88.7056,0.003288
76.8605,99.0603,76.8605,99.0603,81.7461,88.7786,81.7461,88.7786,0.003288
76.8605,99.0603,76.8605,99.0603,81.7461,88.7786,81.7461,88.7786,0.003452
77.0866,99.0603,77.0866,99.0603,81.7461,88.7786,81.7461,88.7786,0.003452
77.0866,99.2129,77.0866,99.2129,81.7461,88.7786,81.7461,88.7786,0.003796
77.0866,99.2129,77.0866,99.2129,81.9827,88.8807,81.9827,88.8807,0.003796
77.0866,99.2129,77.0866,99.2129,81.9827,88.8807,81.9827,88.8807,0.003972
77.1144,99.4527,77.1144,99.4527,81.9827,88.8807,81.9827,88.8807,0.003972
77.1144,99.4527,77.1144,99.4527,81.9827,88.8807,81.9827,88.8807,0.004152
77.1144,99.4527,77.1144,99.4527,82.1743,88.9965,82.1743,88.9965,0.004152
77.1144,99.4527,77.1144,99.4527,82.1743,88.9965,82.1743,88.9965,0.004336
77.1499,99.7501,77.1499,99.7501,82.1743,88.9965,82.1743,88.9965,0.004336
77.1499,99.7501,77.1499,99.7501,82.1743,88.9965,82.1743,88.9965,0.004336
77.1499,99.7501,77.1499,99.7501,82.3919,89.2118,82.3919,89.2118,0.004336
77.1499,99.7501,77.1499,99.7501,82.3919,89.2118,82.3919,89.2118,0.004524
77.1803,100.075,77.1803,100.075,82.3919,89.2118,82.3919,89.2118,0.004524
77.1803,100.075,77.1803,100.075,82.3919,89.2118,82.3919,89.2118,0.004912
77.1803,100.075,77.1803,100.075,82.6306,89.4228,82.3919,89.4228,0.004912
77.1803,100.075,77.1803,100.075,82.6306,89.4228,82.6306,89.4228,0.005112
77.2211,100.418,77.2211,100.418,82.6306,89.4228,82.6306,89.4228,0.005112
77.2211,100.418,77.2211,100.418,82.6306,89.4228,82.6306,89.4228,0.005316
77.2211,100.418,77.2211,100.418,82.6306,89.5881,82.6306,89.5881,0.005316
77.2211,100.418,77.2211,100.418,82.9008,89.5881,82.9008,89.5881,0.005316
77.3092,100.778,77.3092,100.778,82.9008,89.5881,82.9008,89.5881,0.005316
77.3092,100.778,77.3092,100.778,82.9008,89.5881,82.9008,89.5881,0.005524
77.3092,100.778,77.3092,100.778,83.1685,89.8166,83.1685,89.8166,0.005524
77.3092,100.778,77.3092,100.778,83.1685,89.8166,83.1685,89.8166,0.005956
77.4151,100.778,77.4151,100.778,83.1685,89.8166,83.1685,89.8166,0.005956
77.4151,101.202,77.4151,101.202,83.1685,89.8166,83.1685,89.8166,0.006176
77.4151,101.202,77.4151,101.202,83.421,90.0881,83.421,90.0881,0.006176
77.4151,101.202,77.4151,101.202,83.421,90.0881,83.421,90.0881,0.0064
77.528,101.662,77.528,101.662,83.421,90.0881,83.421,90.0881,0.0064
77.528,101.662,77.528,101.662,83.421,90.0881,83.421,90.0881,0.006628
77.528,101.662,77.528,101.662,83.7843,90.3526,83.7843,90.3526,0.006628
77.528,101.662,77.528,101.662,83.7843,90.3526,83.7843,90.3526,0.006628
77.6598,102.126,77.6598,102.126,83.7843,90.3526,83.7843,90.3526,0.006628
77.6598,102.126,77.6598,102.126,83.7843,90.3526,83.7843,90.3526,0.00686
77.6598,102.126,77.6598,102.126,83.7843,90.5332,83.7843,90.5332,0.00686
77.6598,102.126,77.6598,102.126,83.7843,90.5332,83.7843,90.5332,0.007336
77.6598,102.126,77.6598,102.126,84.1131,90.5332,84.1131,90.5332,0.007336
77.8041,102.635,77.8041,102.635,84.1131,90.5332,84.1131,90.5332,0.00758
77.8041,102.635,77.8041,102.635,84.4216,90.7903,84.4216,90.7903,0.00758
77.8041,102.635,77.8041,102.635,84.4216,90.7903,84.4216,90.7903,0.007828
77.9802,103.186,77.9802,103.186,84.4216,90.7903,84.4216,90.7903,0.007828
77.9802,103.186,77.9802,103.186,84.4216,90.7903,84.4216,90.7903,0.007828
77.9802,103.186,77.9802,103.186,84.7662,91.2541,84.7662,91.2541,0.007828
77.9802,103.186,77.9802,103.186,84.7662,91.2541,84.7662,91.2541,0.00808
78.125,103.744,78.125,103.744,84.7662,91.2541,84.7662,91.2541,0.00808
78.125,103.744,78.125,103.744,84.7662,91.2541,84.7662,91.2541,0.008336
78.125,103.744,78.125,103.744,85.215,91.4736,85.215,91.4736,0.008336
78.125,103.744,78.125,103.744,85.215,91.4736,85.215,91.4736,0.00886
78.2925,104.342,78.2925,104.342,85.215,91.4736,85.215,91.4736,0.00886
78.2925,104.342,78.2925,104.342,85.215,91.4736,85.215,91.4736,0.009128
78.2925,104.342,78.2925,104.342,85.7592,91.6782,85.7592,91.6782,0.009128
78.2925,104.342,78.2925,104.342,85.7592,91.6782,85.7592,91.6782,0.0094
78.4775,104.961,78.4775,104.961,85.7592,91.6782,85.7592,91.6782,0.0094
78.4775,104.961,78.4775,104.961,85.7592,91.6782,85.7592,91.6782,0.0094
78.4775,104.961,78.4775,104.961,85.7592,91.8271,85.7592,91.8271,0.0094
78.4775,104.961,78.4775,104.961,86.2623,91.8271,86.2623,91.8271,0.009676
78.6805,105.599,78.6805,105.599,86.2623,91.8271,86.2623,91.8271,0.009676
78.6805,105.599,78.6805,105.599,86.2623,91.8271,86.2623,91.8271,0.01024
78.6805,105.599,78.6805,105.599,86.7783,92.0285,86.7783,92.0285,0.01024
78.6805,105.599,78.6805,105.599,86.7783,92.0285,86.7783,92.0285,0.010528
78.9143,106.256,78.9143,106.256,86.7783,92.0285,86.7783,92.0285,0.010528
78.9143,106.256,78.9143,106.256,86.7783,92.0285,86.7783,92.0285,0.01082
78.9143,106.256,78.9143,106.256,87.3796,92.1449,87.3796,92.1449,0.01082
78.9143,106.256,78.9143,106.256,87.3796,92.1449,87.3796,92.1449,0.01082
79.1184,106.256,79.1184,106.256,87.3796,92.1449,87.3796,92.1449,0.01082
79.1184,106.951,79.1184,106.951,87.3796,92.1449,87.3796,92.1449,0.011116
79.1184,106.951,79.1184,106.951,88.0304,92.2092,88.0304,92.2092,0.011116
79.1184,106.951,79.1184,106.951,88.0304,92.2092,88.0304,92.2092,0.011416
79.3797,107.683,79.3797,107.683,88.0304,92.2092,88.0304,92.2092,0.011416
79.3797,107.683,79.3797,107.683,88.0304,92.2092,88.0304,92.2092,0.012028
79.3797,107.683,79.3797,107.683,88.6896,92.2432,88.6896,92.2432,0.012028
79.3797,107.683,79.3797,107.683,88.6896,92.2432,88.6896,92.2432,0.01234
79.6516,108.434,79.6516,108.434,88.6896,92.2432,88.6896,92.2432,0.01234
79.6516,108.434,79.6516,108.434,88.6896,92.2432,88.6896,92.2432,0.012656
79.6516,108.434,79.6516,108.434,88.6896,92.3666,88.6896,92.3666,0.012656
79.6516,108.434,79.6516,108.434,89.4585,92.3666,89.4585,92.3666,0.012656
79.9233,109.174,79.9233,109.174,89.4585,92.3666,89.4585,92.3666,0.012656
79.9233,109.174,79.9233,109.174,89.4585,92.3666,89.4585,92.3666,0.012976
79.9233,109.174,79.9233,109.174,90.3154,92.4391,90.3154,92.4391,0.012976
79.9233,109.174,79.9233,109.174,90.3154,92.4391,90.3154,92.4391,0.013628
79.9233,109.174,79.9233,109.174,90.3154,92.4391,90.3154,92.4391,0.013628
80.2254,109.896,80.2254,109.896,90.3154,92.4391,90.3154,92.4391,0.01396
80.2254,109.896,80.2254,109.896,91.1624,92.5209,91.1624,92.5209,0.01396
80.2254,109.896,80.2254,109.896,91.1624,92.5209,91.1624,92.5209,0.014296
80.6026,109.896,80.6026,109.896,91.1624,92.5209,91.1624,92.5209,0.014296
80.6026,110.594,80.6026,110.594,91.1624,92.5209,91.1624,92.5209,0.014296
80.6026,110.594,80.6026,110.594,92.2064,92.6772,92.2064,92.6772,0.014296
80.6026,110.594,80.6026,110.594,92.2064,92.6772,92.2064,92.6772,0.014636
80.9496,111.292,80.9496,111.292,92.2064,92.6772,92.2064,92.6772,0.014636
80.9496,111.292,80.9496,111.292,92.2064,92.6772,92.2064,92.6772,0.01498
80.9496,111.292,80.9496,111.292,93.145,92.8747,93.145,92.8747,0.01498
80.9496,111.292,80.9496,111.292,93.145,92.8747,93.145,92.8747,0.01568
81.3248,111.99,81.3248,111.99,93.145,92.8747,93.145,92.8747,0.01568
81.3248,111.99,81.3248,111.99,93.145,92.8747,93.145,92.8747,0.016036
81.3248,111.99,81.3248,111.99,93.145,93.0886,93.145,93.0886,0.016036
81.3248,111.99,81.3248,111.99,94.1246,93.0886,94.1246,93.0886,0.016036
81.7568,112.645,81.7568,112.645,94.1246,93.0886,94.1246,93.0886,0.016036
81.7568,112.645,81.7568,112.645,94.1246,93.0886,94.1246,93.0886,0.016396
81.7568,112.645,81.7568,112.645,95.1661,93.4015,95.1661,93.4015,0.016396
81.7568,112.645,81.7568,112.645,95.1661,93.4015,95.1661,93.4015,0.01676
82.2417,113.267,82.2417,113.267,95.1661,93.4015,95.1661,93.4015,0.01676
82.2417,113.267,82.2417,113.267,95.1661,93.4015,95.1661,93.4015,0.0175
82.2417,113.267,82.2417,113.267,96.0793,93.8117,96.0793,93.8117,0.0175
82.2417,113.267,82.2417,113.267,96.0793,93.8117,96.0793,93.8117,0.017876
82.7623,113.875,82.7623,113.875,96.0793,93.8117,96.0793,93.8117,0.017876
82.7623,113.875,82.7623,113.875,96.0793,93.8117,96.0793,93.8117,0.018256
82.7623,113.875,82.7623,113.875,97.1139,94.3127,97.1139,94.3127,0.018256
82.7623,113.875,82.7623,113.875,97.1139,94.3127,97.1139,94.3127,0.018256
83.3343,114.39,83.3343,114.39,97.1139,94.3127,97.1139,94.3127,0.018256
83.3343,114.39,83.3343,114.39,97.1139,94.3127,97.1139,94.3127,0.01864
83.3343,114.39,83.3343,114.39,98.1944,94.8855,98.1944,94.8855,0.01864
83.3343,114.39,83.3343,114.39,98.1944,94.8855,98.1944,94.8855,0.019028
83.9676,114.893,83.9676,114.893,98.1944,94.8855,98.1944,94.8855,0.019028
83.9676,114.893,83.9676,114.893,98.1944,94.8855,98.1944,94.8855,0.019816
83.9676,114.893,83.9676,114.893,98.1944,95.5606,98.1944,95.5606,0.019816
83.9676,114.893,83.9676,114.893,99.2032,95.5606,99.2032,95.5606,0.020216
84.6154,115.361,84.6154,115.361,99.2032,95.5606,99.2032,95.5606,0.020216
84.6154,115.361,84.6154,115.361,99.2032,95.5606,99.2032,95.5606,0.020216
84.6154,115.361,84.6154,115.361,100.255,96.2674,100.255,96.2674,0.020216
84.6154,115.361,84.6154,115.361,100.255,96.2674,100.255,96.2674,0.02062
85.3259,115.778,85.3259,115.778,100.255,96.2674,100.255,96.2674,0.02062
85.3259,115.778,85.3259,115.778,100.255,96.2674,100.255,96.2674,0.021028
85.3259,115.778,85.3259,115.778,101.313,97.1018,101.313,97.1018,0.021028
85.3259,115.778,85.3259,115.778,101.313,97.1018,101.313,97.1018,0.021856
86.0771,115.778,86.0771,115.778,101.313,97.1018,101.313,97.1018,0.021856
86.0771,116.188,86.0771,116.188,101.313,97.1018,101.313,97.1018,0.022276
86.0771,116.188,86.0771,116.188,102.336,98.0494,102.336,98.0494,0.022276
86.0771,116.188,86.0771,116.188,102.336,98.0494,102.336,98.0494,0.0227
86.845,116.556,86.845,116.556,102.336,98.0494,102.336,98.0494,0.0227
86.845,116.556,86.845,116.556,102.336,98.0494,102.336,98.0494,0.0227
86.845,116.556,86.845,116.556,103.415,98.9706,103.415,98.9706,0.0227
86.845,116.556,86.845,116.556,103.415,98.9706,103.415,98.9706,0.023128
87.6392,116.931,87.6392,116.931,103.415,98.9706,103.415,98.9706,0.023128
87.6392,116.931,87.6392,116.931,103.415,98.9706,103.415,98.9706,0.024
87.6392,116.931,87.6392,116.931,103.415,100.014,103.415,100.014,0.024
87.6392,116.931,87.6392,116.931,103.415,100.014,103.415,100.014,0.02444
87.6392,116.931,87.6392,116.931,104.412,100.014,104.412,100.014,0.02444
88.4232,117.294,88.4232,117.294,104.412,100.014,104.412,100.014,0.024884
88.4232,117.294,88.4232,117.294,105.459,101.147,105.459,101.147,0.024884
88.4232,117.294,88.4232,117.294,105.459,101.147,105.459,101.147,0.024884
89.2358,117.603,89.2358,117.603,105.459,101.147,105.459,101.147,0.024884
89.2358,117.603,89.2358,117.603,105.459,101.147,105.459,101.147,0.025332
89.2358,117.603,89.2358,117.603,106.536,102.387,106.536,102.387,0.025332
89.2358,117.603,89.2358,117.603,106.536,102.387,106.536,102.387,0.025784
90.0616,117.937,90.0616,117.937,106.536,102.387,106.536,102.387,0.025784
90.0616,117.937,90.0616,117.937,106.536,102.387,106.536,102.387,0.0267
90.0616,117.937,90.0616,117.937,107.59,103.567,107.59,103.567,0.0267
90.0616,117.937,90.0616,117.937,107.59,103.567,107.59,103.567,0.027164
90.8485,118.296,90.8485,118.296,107.59,103.567,107.59,103.567,0.027164
90.8485,118.296,90.8485,118.296,107.59,103.567,107.59,103.567,0.027632
90.8485,118.296,90.8485,118.296,108.659,104.788,108.659,104.788,0.027632
90.8485,118.296,90.8485,118.296,108.659,104.788,108.659,104.788,0.027632
91.6131,118.643,91.6131,118.643,108.659,104.788,108.659,104.788,0.027632
91.6131,118.643,91.6131,118.643,108.659,104.788,108.659,104.788,0.028104
91.6131,118.643,91.6131,118.643,108.659,106.025,108.659,106.025,0.028104
91.6131,118.643,91.6131,118.643,109.758,106.025,109.758,106.025,0.028104
92.3729,118.933,92.3729,118.933,109.758,106.025,109.758,106.025,0.028104
92.3729,118.933,92.3729,118.933,109.758,106.025,109.758,106.025,0.029548
92.3729,118.933,92.3729,118.933,110.915,107.331,110.915,107.331,0.029548
92.3729,118.933,92.3729,118.933,110.915,107.331,110.915,107.331,0.030036
93.1395,119.296,93.1395,119.296,110.915,107.331,110.915,107.331,0.030036
93.1395,119.296,93.1395,119.296,110.915,107.331,110.915,107.331,0.030036
93.1395,119.296,93.1395,119.296,112.107,108.566,112.107,108.566,0.030036
93.1395,119.296,93.1395,119.296,112.107,108.566,112.107,108.566,0.030528
93.9015,119.713,93.9015,119.713,112.107,108.566,112.107,108.566,0.030528
93.9015,119.713,93.9015,119.713,112.107,108.566,112.107,108.566,0.031024
93.9015,119.713,93.9015,119.713,113.301,109.859,113.301,109.859,0.031024
93.9015,119.713,93.9015,119.713,113.301,109.859,113.301,109.859,0.032028
94.6502,120.061,94.6502,120.061,113.301,109.859,113.301,109.859,0.032028
94.6502,120.061,94.6502,120.061,113.301,109.859,113.301,109.859,0.032536
94.6502,120.061,94.6502,120.061,114.565,111.131,114.565,111.131,0.032536
94.6502,120.061,94.6502,120.061,114.565,111.131,114.565,111.131,0.033048
95.4867,120.32,95.4867,120.32,114.565,111.131,114.565,111.131,0.033048
95.4867,120.32,95.4867,120.32,114.565,111.131,114.565,111.131,0.033048
95.4867,120.32,95.4867,120.32,114.565,112.476,114.565,112.476,0.033048
95.4867,120.32,95.4867,120.32,115.934,112.476,115.934,112.476,0.033564
96.1595,120.657,96.1595,120.657,115.934,112.476,115.934,112.476,0.033564
96.1595,120.657,96.1595,120.657,115.934,112.476,115.934,112.476,0.034084
96.1595,120.657,96.1595,120.657,117.305,113.77,117.305,113.77,0.034084
96.1595,120.657,96.1595,120.657,117.305,113.77,117.305,113.77,0.035136
96.8766,120.995,96.8766,120.995,117.305,113.77,117.305,113.77,0.035136
96.8766,120.995,96.8766,120.995,117.305,113.77,117.305,113.77,0.035668
96.8766,120.995,96.8766,120.995,118.696,115.049,118.696,115.049,0.035668
96.8766,120.995,96.8766,120.995,118.696,115.049,118.696,115.049,0.036204
97.5592,121.27,97.5592,121.27,118.696,115.049,118.696,115.049,0.036204
97.5592,121.27,97.5592,121.27,118.696,115.049,118.696,115.049,0.036204
97.5592,121.27,97.5592,121.27,120.109,116.29,120.109,116.29,0.036204
97.5592,121.27,97.5592,121.27,120.109,116.29,120.109,116.29,0.036744
98.2702,121.543,98.2702,121.543,120.109,116.29,120.109,116.29,0.036744
98.2702,121.543,98.2702,121.543,120.109,116.29,120.109,116.29,0.037288
98.2702,121.543,98.2702,121.543,121.605,117.532,121.605,117.532,0.037288
98.2702,121.543,98.2702,121.543,121.605,117.532,121.605,117.532,0.038388
98.9887,121.826,98.9887,121.826,121.605,117.532,121.605,117.532,0.038388
98.9887,121.826,98.9887,121.826,121.605,117.532,121.605,117.532,0.038944
98.9887,121.826,98.9887,121.826,123.114,118.746,123.114,118.746,0.038944
98.9887,121.826,98.9887,121.826,123.114,118.746,123.114,118.746,0.038944
99.6884,122.082,99.6884,122.082,123.114,118.746,123.114,118.746,0.038944
99.6884,122.082,99.6884,122.082,123.114,118.746,123.114,118.746,0.039504
99.6884,122.082,99.6884,122.082,124.578,119.991,124.578,119.991,0.039504
99.6884,122.082,99.6884,122.082,124.578,119.991,124.578,119.991,0.040068
100.366,122.337,100.366,122.337,124.578,119.991,124.578,119.991,0.040068
100.366,122.337,100.366,122.337,124.578,119.991,124.578,119.991,0.041208
100.366,122.337,100.366,122.337,126.042,121.246,126.042,121.246,0.041208
100.366,122.337,100.366,122.337,126.042,121.246,126.042,121.246,0.041784
101.075,122.573,101.075,122.573,126.042,121.246,126.042,121.246,0.041784
101.075,122.573,101.075,122.573,126.042,121.246,126.042,121.246,0.042364
101.075,122.573,101.075,122.573,127.572,122.395,127.572,122.395,0.042364
101.075,122.573,101.075,122.573,127.572,122.395,127.572,122.395,0.042364
101.799,122.802,101.799,122.802,127.572,122.395,127.572,122.395,0.042364
101.799,122.802,101.799,122.802,127.572,122.395,127.572,122.395,0.042948
101.799,122.802,101.799,122.802,129.091,122.995,129.091,123.498,0.042948
101.799,122.802,101.799,122.802,129.091,122.995,129.091,123.498,0.043536
102.461,123.058,102.461,123.058,129.091,122.995,129.091,123.498,0.043536
102.461,123.058,102.461,123.058,129.091,122.995,129.091,123.498,0.044724
102.461,123.058,102.461,123.058,130.593,123.595,130.593,124.654,0.044724
102.461,123.058,102.461,123.058,130.593,123.595,130.593,124.654,0.045324
103.107,123.256,103.107,123.256,130.593,123.595,130.593,124.654,0.045324
103.107,123.256,103.107,123.256,130.593,123.595,130.593,124.654,0.045324
103.107,123.256,103.107,123.256,131.193,124.195,132.094,125.839,0.045324
103.107,123.256,103.107,123.256,131.193,124.195,132.094,125.839,0.045928
103.777,123.409,103.777,123.409,131.193,124.195,132.094,125.839,0.045928
103.777,123.409,103.777,123.409,131.193,124.195,132.094,125.839,0.046536
103.777,123.409,103.777,123.409,131.793,124.795,133.598,126.955,0.046536
103.777,123.409,103.777,123.409,131.793,124.795,133.598,126.955,0.047764
104.409,123.409,104.409,123.409,131.793,124.795,133.598,126.955,0.047764
104.409,123.613,104.409,123.613,131.793,124.795,133.598,126.955,0.048384
104.409,123.613,104.409,123.613,132.393,125.395,135.122,128.109,0.048384
104.409,123.613,104.409,123.613,132.393,125.395,135.122,128.109,0.049008
105.011,123.781,105.011,123.781,132.393,125.395,135.122,128.109,0.049008
105.011,123.781,105.011,123.781,132.393,125.395,135.122,128.109,0.049008
105.011,123.781,105.011,123.781,132.993,125.995,136.648,129.281,0.049008
105.011,123.781,105.011,123.781,132.993,125.995,136.648,129.281,0.049636
105.589,123.926,105.589,123.926,132.993,125.995,136.648,129.281,0.049636
105.589,123.926,105.589,123.926,132.993,125.995,136.648,129.281,0.050904
105.589,123.926,105.589,123.926,132.993,126.595,136.648,130.517,0.050904
105.589,123.926,105.589,123.926,133.593,126.595,138.138,130.517,0.051544
106.147,124.037,106.147,124.037,133.593,126.595,138.138,130.517,0.051544
106.147,124.037,106.147,124.037,133.593,126.595,138.138,130.517,0.052188
106.147,124.037,106.147,124.037,134.193,127.195,139.653,131.611,0.052188
106.147,124.037,106.147,124.037,134.193,127.195,139.653,131.611,0.052836
106.708,124.637,106.708,124.184,134.193,127.195,139.653,131.611,0.052836
106.708,124.637,106.708,124.184,134.193,127.195,139.653,131.611,0.052836
106.708,124.637,106.708,124.184,134.793,127.795,141.104,132.742,0.052836
106.708,124.637,106.708,124.184,134.793,127.795,141.104,132.742,0.053488
107.283,125.237,107.283,124.325,134.793,127.795,141.104,132.742,0.053488
107.283,125.237,107.283,124.325,134.793,127.795,141.104,132.742,0.054804
107.283,125.237,107.283,124.325,135.393,128.395,142.469,133.933,0.054804
107.283,125.237,107.283,124.325,135.393,128.395,142.469,133.933,0.055468
107.833,125.837,107.833,124.424,135.393,128.395,142.469,133.933,0.055468
107.833,125.837,107.833,124.424,135.393,128.395,142.469,133.933,0.056136
107.833,125.837,107.833,124.424,135.993,128.995,143.807,135.218,0.056136
107.833,125.837,107.833,124.424,135.993,128.995,143.807,135.218,0.056136
108.343,126.437,108.343,124.492,135.993,128.995,143.807,135.218,0.056136
108.343,126.437,108.343,124.492,135.993,128.995,143.807,135.218,0.056808
108.343,126.437,108.343,124.492,136.593,129.595,145.17,136.485,0.056808
108.343,126.437,108.343,124.492,136.593,129.595,145.17,136.485,0.057484
108.957,127.037,108.957,124.588,136.593,129.595,145.17,136.485,0.057484
108.957,127.037,108.957,124.588,136.593,129.595,145.17,136.485,0.058848
108.957,127.037,108.957,124.588,137.193,130.195,146.428,137.792,0.058848
108.957,127.037,108.957,124.588,137.193,130.195,146.428,137.792,0.059536
109.478,127.637,109.478,124.673,137.193,130.195,146.428,137.792,0.059536
109.478,127.637,109.478,124.673,137.193,130.195,146.428,137.792,0.059536
109.478,127.637,109.478,124.673,137.793,130.795,147.658,139.202,0.059536
109.478,127.637,109.478,124.673,137.793,130.795,147.658,139.202,0.060228
109.989,127.637,109.989,124.673,137.793,130.795,147.658,139.202,0.060228
109.989,128.237,109.989,124.714,137.793,130.795,147.658,139.202,0.060228
109.989,128.237,109.989,124.714,138.393,131.395,148.84,140.681,0.060228
109.989,128.237,109.989,124.714,138.393,131.395,148.84,140.681,0.062332
110.589,128.837,110.489,124.727,138.393,131.395,148.84,140.681,0.062332
110.589,128.837,110.489,124.727,138.393,131.995,148.84,142.167,0.06304
110.589,128.837,110.489,124.727,138.993,131.995,149.993,142.167,0.06304
110.589,128.837,110.489,124.727,138.993,131.995,149.993,142.167,0.06304
111.189,129.437,110.961,124.777,138.993,131.995,149.993,142.167,0.06304
111.189,129.437,110.961,124.777,138.993,131.995,149.993,142.167,0.063752
111.189,129.437,110.961,124.777,139.593,132.595,151.091,143.67,0.063752
111.189,129.437,110.961,124.777,139.593,132.595,151.091,143.67,0.063752
111.789,130.037,111.444,124.774,139.593,132.595,151.091,143.67,0.063752
111.789,130.037,111.444,124.774,139.593,132.595,151.091,143.67,0.065916
111.789,130.037,111.444,124.774,140.193,133.195,152.099,145.17,0.065916
111.789,130.037,111.444,124.774,140.193,133.195,152.099,145.17,0.066644
112.389,130.637,111.923,124.795,140.193,133.195,152.099,145.17,0.066644
112.389,130.637,111.923,124.795,140.193,133.195,152.099,145.17,0.067376
112.389,130.637,111.923,124.795,140.793,133.795,153.098,146.759,0.067376
112.389,130.637,111.923,124.795,140.793,133.795,153.098,146.759,0.067376
112.989,131.237,112.366,124.748,140.793,133.795,153.098,146.759,0.067376
112.989,131.237,112.366,124.748,140.793,133.795,153.098,146.759,0.068112
112.989,131.237,112.366,124.748,141.393,134.395,154.089,148.372,0.068112
112.989,131.237,112.366,124.748,141.393,134.395,154.089,148.372,0.069596
113.589,131.837,112.793,124.712,141.393,134.395,154.089,148.372,0.069596
113.589,131.837,112.793,124.712,141.393,134.395,154.089,148.372,0.070344
113.589,131.837,112.793,124.712,141.993,134.995,155.019,150.015,0.070344
113.589,131.837,112.793,124.712,141.993,134.995,155.019,150.015,0.071096
114.189,132.437,113.215,124.673,141.993,134.995,155.019,150.015,0.071096
114.189,132.437,113.215,124.673,141.993,134.995,155.019,150.015,0.071096
114.189,132.437,113.215,124.673,142.593,135.595,155.8,151.697,0.071096
114.189,132.437,113.215,124.673,142.593,135.595,155.8,151.697,0.071852
114.789,133.037,113.59,124.588,142.593,135.595,155.8,151.697,0.071852
114.789,133.037,113.59,124.588,142.593,135.595,155.8,151.697,0.072612
114.789,133.037,113.59,124.588,143.193,136.195,156.556,153.445,0.072612
114.789,133.037,113.59,124.588,143.193,136.195,156.556,153.445,0.074144
115.389,133.637,113.969,124.439,143.193,136.195,156.556,153.445,0.074144
115.389,133.637,113.969,124.439,143.193,136.195,156.556,153.445,0.074916
115.389,133.637,113.969,124.439,143.793,136.795,157.3,155.192,0.074916
115.389,133.637,113.969,124.439,143.793,136.795,157.3,155.192,0.075692
115.989,134.237,114.31,124.396,143.793,136.795,157.3,155.192,0.075692
115.989,134.237,114.31,124.396,143.793,136.795,157.3,155.192,0.075692
115.989,134.237,114.31,124.396,144.393,137.395,157.911,156.951,0.075692
115.989,134.237,114.31,124.396,144.393,137.395,157.911,156.951,0.076472
116.589,134.837,114.626,124.317,144.393,137.395,157.911,156.951,0.076472
116.589,134.837,114.626,124.317,144.393,137.395,157.911,156.951,0.078048
116.589,134.837,114.626,124.317,144.993,137.995,158.438,158.758,0.078048
116.589,134.837,114.626,124.317,144.993,137.995,158.438,158.758,0.07884
117.189,135.437,114.911,124.217,144.993,137.995,158.438,158.758,0.07884
117.189,135.437,114.911,124.217,144.993,137.995,158.438,158.758,0.079636
117.189,135.437,114.911,124.217,144.993,138.595,158.438,160.576,0.079636
117.189,135.437,114.911,124.217,145.593,138.595,158.893,160.576,0.079636
117.789,136.037,115.217,124.134,145.593,138.595,158.893,160.576,0.079636
117.789,136.037,115.217,124.134,145.593,138.595,158.893,160.576,0.080436
117.789,136.037,115.217,124.134,146.193,139.195,159.325,162.391,0.080436
117.789,136.037,115.217,124.134,146.193,139.195,159.325,162.391,0.080436
118.389,136.637,115.455,124.028,146.193,139.195,159.325,162.391,0.080436
118.389,136.637,115.455,124.028,146.193,139.195,159.325,162.391,0.082864
118.389,136.637,115.455,124.028,146.793,139.795,159.699,164.21,0.082864
118.389,136.637,115.455,124.028,146.793,139.795,159.699,164.21,0.08368
118.989,137.237,115.711,123.945,146.793,139.795,159.699,164.21,0.08368
118.989,137.237,115.711,123.945,146.793,139.795,159.699,164.21,0.0845001
118.989,137.237,115.711,123.945,147.393,140.395,159.999,166.052,0.0845001
118.989,137.237,115.711,123.945,147.393,140.395,159.999,166.052,0.0845001
118.989,137.237,115.711,123.945,147.393,140.395,159.999,166.052,0.0845001
119.589,137.837,115.942,123.879,147.393,140.395,159.999,166.052,0.0853241
119.589,137.837,115.942,123.879,147.993,140.995,160.252,167.906,0.0853241
119.589,137.837,115.942,123.879,147.993,140.995,160.252,167.906,0.0861521
120.189,138.437,116.147,123.785,147.993,140.995,160.252,167.906,0.0861521
120.189,138.437,116.147,123.785,147.993,140.995,160.252,167.906,0.0878201
120.189,138.437,116.147,123.785,148.593,141.596,160.446,169.715,0.0878201
120.189,138.437,116.147,123.785,148.593,141.596,160.446,169.715,0.0886601
120.789,139.037,116.378,123.663,148.593,141.596,160.446,169.715,0.0886601
120.789,139.037,116.378,123.663,148.593,141.596,160.446,169.715,0.0886601
120.789,139.037,116.378,123.663,149.193,142.196,160.651,171.563,0.0886601
120.789,139.037,116.378,123.663,149.193,142.196,160.651,171.563,0.0895041
121.389,139.637,116.613,123.637,149.193,142.196,160.651,171.563,0.0895041
121.389,139.637,116.613,123.637,149.193,142.196,160.651,171.563,0.0903521
121.389,139.637,116.613,123.637,149.793,142.796,160.726,173.424,0.0903521
121.389,139.637,116.613,123.637,149.793,142.796,160.726,173.424,0.0920601
121.989,140.237,116.828,123.528,149.793,142.796,160.726,173.424,0.0920601
121.989,140.237,116.828,123.528,149.793,142.796,160.726,173.424,0.0929201
121.989,140.237,116.828,123.528,150.393,143.396,160.745,175.269,0.0929201
121.989,140.237,116.828,123.528,150.393,143.396,160.745,175.269,0.0937841
122.589,140.837,117.008,123.418,150.393,143.396,160.745,175.269,0.0937841
122.589,140.837,117.008,123.418,150.393,143.396,160.745,175.269,0.0937841
122.589,140.837,117.008,123.418,150.993,143.996,160.728,177.018,0.0937841
122.589,140.837,117.008,123.418,150.993,143.996,160.728,177.018,0.0946521
123.189,141.437,117.198,123.263,150.993,143.996,160.728,177.018,0.0946521
123.189,141.437,117.198,123.263,150.993,143.996,160.728,177.018,0.0964001
123.189,141.437,117.198,123.263,151.593,144.596,160.657,178.867,0.0964001
123.189,141.437,117.198,123.263,151.593,144.596,160.657,178.867,0.0972801
123.789,142.037,117.374,123.134,151.593,144.596,160.657,178.867,0.0972801
123.789,142.037,117.374,123.134,151.593,144.596,160.657,178.867,0.0981641
123.789,142.037,117.374,123.134,152.193,145.196,160.513,180.707,0.0981641
123.789,142.037,117.374,123.134,152.193,145.196,160.513,180.707,0.0981641
124.389,142.637,117.55,122.99,152.193,145.196,160.513,180.707,0.0981641
124.389,142.637,117.55,122.99,152.193,145.196,160.513,180.707,0.0990521
124.389,142.637,117.55,122.99,152.793,145.796,160.277,182.548,0.0990521
124.389,142.637,117.55,122.99,152.793,145.796,160.277,182.548,0.0999441
124.989,143.237,117.735,122.826,152.793,145.796,160.277,182.548,0.0999441
124.989,143.237,117.735,122.826,152.793,145.796,160.277,182.548,0.10174
124.989,143.237,117.735,122.826,153.393,146.396,160.024,184.423,0.10174
124.989,143.237,117.735,122.826,153.393,146.396,160.024,184.423,0.102644
125.589,143.837,117.884,122.646,153.393,146.396,160.024,184.423,0.102644
125.589,143.837,117.884,122.646,153.393,146.396,160.024,184.423,0.103552
125.589,143.837,117.884,122.646,153.993,146.996,159.637,186.194,0.103552
125.589,143.837,117.884,122.646,153.993,146.996,159.637,186.194,0.103552
126.189,144.437,118.061,122.463,153.993,146.996,159.637,186.194,0.103552
126.189,144.437,118.061,122.463,153.993,146.996,159.637,186.194,0.104464
126.189,144.437,118.061,122.463,154.593,147.596,159.257,188.031,0.104464
126.189,144.437,118.061,122.463,154.593,147.596,159.257,188.031,0.10538
126.789,145.037,118.222,122.273,154.593,147.596,159.257,188.031,0.10538
126.789,145.037,118.222,122.273,154.593,147.596,159.257,188.031,0.107224
126.789,145.037,118.222,122.273,155.193,148.196,158.816,189.841,0.107224
126.789,145.037,118.222,122.273,155.193,148.196,158.816,189.841,0.108152
127.389,145.637,118.368,122.092,155.193,148.196,158.816,189.841,0.108152
127.389,145.637,118.368,122.092,155.193,148.196,158.816,189.841,0.108152
127.389,145.637,118.368,122.092,155.793,148.796,158.368,191.617,0.108152
127.389,145.637,118.368,122.092,155.793,148.796,158.368,191.617,0.109084
127.989,146.237,118.475,121.897,155.793,148.796,158.368,191.617,0.109084
127.989,146.237,118.475,121.897,155.793,149.396,158.368,193.349,0.11002
127.989,146.237,118.475,121.897,156.393,149.396,157.856,193.349,0.11002
127.989,146.237,118.475,121.897,156.393,149.396,157.856,193.349,0.111904
128.589,146.837,118.592,121.717,156.393,149.396,157.856,193.349,0.111904
128.589,146.837,118.592,121.717,156.393,149.396,157.856,193.349,0.112852
128.589,146.837,118.592,121.717,156.993,149.996,157.271,195.14,0.112852
128.589,146.837,118.592,121.717,156.993,149.996,157.271,195.14,0.113804
129.189,147.437,118.69,121.572,156.993,149.996,157.271,195.14,0.113804
129.189,147.437,118.69,121.572,156.993,149.996,157.271,195.14,0.113804
129.189,147.437,118.69,121.572,157.594,150.596,156.793,196.977,0.113804
129.189,147.437,118.69,121.572,157.594,150.596,156.793,196.977,0.11476
129.337,148.037,118.748,121.459,157.594,150.596,156.793,196.977,0.11476
129.337,148.037,118.748,121.459,157.594,150.596,156.793,196.977,0.11572
129.337,148.037,118.748,121.459,158.194,151.196,156.153,198.699,0.11572
129.337,148.037,118.748,121.459,158.194,151.196,156.153,198.699,0.117652
129.337,148.637,118.78,121.376,158.194,151.196,156.153,198.699,0.117652
129.337,148.637,118.78,121.376,158.194,151.196,156.153,198.699,0.118624
129.337,148.637,118.78,121.376,158.794,151.796,155.484,200.416,0.118624
129.337,148.637,118.78,121.376,158.794,151.796,155.484,200.416,0.118624
129.337,149.237,118.803,121.344,158.794,151.796,155.484,200.416,0.118624
129.337,149.237,118.803,121.344,158.794,151.796,155.484,200.416,0.1196
129.337,149.237,118.803,121.344,159.394,152.396,154.756,202.017,0.1196
129.337,149.237,118.803,121.344,159.394,152.396,154.756,202.017,0.1196
129.337,149.837,118.813,121.368,159.394,152.396,154.756,202.017,0.1196
129.337,149.837,118.813,121.368,159.394,152.996,154.756,203.724,0.122556
129.337,149.837,118.813,121.368,159.994,152.996,154.088,203.724,0.122556
129.337,149.837,118.813,121.368,159.994,152.996,154.088,203.724,0.123548
129.337,150.437,118.735,121.392,159.994,152.996,154.088,203.724,0.123548
129.337,150.437,118.735,121.392,159.994,152.996,154.088,203.724,0.124544
129.337,150.437,118.735,121.392,160.594,153.596,153.502,205.371,0.124544
129.337,150.437,118.735,121.392,160.594,153.596,153.502,205.371,0.124544
129.337,151.037,118.672,121.464,160.594,153.596,153.502,205.371,0.124544
129.337,151.037,118.672,121.464,160.594,154.196,153.502,207.007,0.125544
129.337,151.037,118.672,121.464,161.194,154.196,152.858,207.007,0.125544
129.337,151.037,118.672,121.464,161.194,154.196,152.858,207.007,0.126548
129.337,151.637,118.602,121.59,161.194,154.196,152.858,207.007,0.126548
129.337,151.637,118.602,121.59,161.194,154.796,152.858,208.623,0.128568
129.337,151.637,118.602,121.59,161.794,154.796,152.215,208.623,0.128568
129.337,151.637,118.602,121.59,161.794,154.796,152.215,208.623,0.129584
129.337,152.237,118.539,121.756,161.794,154.796,152.215,208.623,0.129584
129.337,152.237,118.539,121.756,161.794,155.396,152.215,210.167,0.129584
129.337,152.237,118.539,121.756,162.394,155.396,151.608,210.167,0.129584
129.337,152.237,118.539,121.756,162.394,155.396,151.608,210.167,0.130604
129.337,152.837,118.445,121.98,162.394,155.396,151.608,210.167,0.130604
129.337,152.837,118.445,121.98,162.394,155.396,151.608,210.167,0.13266
129.337,152.837,118.445,121.98,162.994,155.996,151.057,211.528,0.13266
129.337,152.837,118.445,121.98,162.994,155.996,151.057,211.528,0.133692
129.337,152.837,118.445,121.98,162.994,155.996,151.057,211.528,0.133692
129.337,153.437,118.369,122.244,162.994,156.596,151.057,212.881,0.134728
129.337,153.437,118.369,122.244,163.594,156.596,150.506,212.881,0.134728
129.337,153.437,118.369,122.244,163.594,156.596,150.506,212.881,0.134728
129.337,154.037,118.294,122.562,163.594,156.596,150.506,212.881,0.134728
129.337,154.037,118.294,122.562,163.594,157.196,150.506,214.097,0.135768
129.337,154.037,118.294,122.562,164.194,157.196,150.032,214.097,0.135768
129.337,154.037,118.294,122.562,164.194,157.196,150.032,214.097,0.136812
129.337,154.637,118.211,122.939,164.194,157.196,150.032,214.097,0.136812
129.337,154.637,118.211,122.939,164.194,157.196,150.032,214.097,0.138912
129.337,154.637,118.211,122.939,164.794,157.796,149.592,215.215,0.138912
129.337,154.637,118.211,122.939,164.794,157.796,149.592,215.215,0.139968
129.337,155.237,118.159,123.353,164.794,157.796,149.592,215.215,0.139968
129.337,155.237,118.159,123.353,164.794,158.396,149.592,216.252,0.141028
129.337,155.237,118.159,123.353,165.394,158.396,149.275,216.252,0.141028
129.337,155.237,118.159,123.353,165.394,158.396,149.275,216.252,0.141028
129.337,155.837,118.123,123.794,165.394,158.396,149.275,216.252,0.141028
129.337,155.837,118.123,123.794,165.394,158.996,149.275,217.075,0.142092
129.337,155.837,118.123,123.794,165.994,158.996,149.006,217.075,0.142092
129.337,155.837,118.123,123.794,165.994,158.996,149.006,217.075,0.14316
129.337,156.437,118.085,124.272,165.994,158.996,149.006,217.075,0.14316
129.337,156.437,118.085,124.272,165.994,158.996,149.006,217.075,0.145308
129.337,156.437,118.085,124.272,166.594,159.596,148.753,217.889,0.145308
129.337,156.437,118.085,124.272,166.594,159.596,148.753,217.889,0.146388
129.337,157.037,118.022,124.798,166.594,159.596,148.753,217.889,0.146388
129.337,157.037,118.022,124.798,166.594,159.596,148.753,217.889,0.146388
129.337,157.037,118.022,124.798,167.194,160.196,148.623,218.467,0.146388
129.337,157.037,118.022,124.798,167.194,160.196,148.623,218.467,0.147472
129.337,157.637,118.015,125.416,167.194,160.196,148.623,218.467,0.147472
129.337,157.637,118.015,125.416,167.194,160.196,148.623,218.467,0.147472
129.337,157.637,118.015,125.416,167.794,160.796,148.688,218.906,0.147472
129.337,157.637,118.015,125.416,167.794,160.796,148.688,218.906,0.150752
129.337,158.237,118.028,126.118,167.794,160.796,148.688,218.906,0.150752
129.337,158.237,118.028,126.118,167.794,161.396,148.688,219.223,0.151852
129.337,158.237,118.028,126.118,168.394,161.396,148.778,219.223,0.151852
129.337,158.237,118.028,126.118,168.394,161.396,148.778,219.223,0.151852
129.337,158.837,118.018,126.864,168.394,161.396,148.778,219.223,0.151852
129.337,158.837,118.018,126.864,168.394,161.996,148.778,219.424,0.152956
129.337,158.837,118.018,126.864,168.994,161.996,148.95,219.424,0.152956
129.337,158.837,118.018,126.864,168.994,161.996,148.95,219.424,0.154064
129.337,159.437,118,127.741,168.994,161.996,148.95,219.424,0.154064
129.337,159.437,118,127.741,168.994,161.996,148.95,219.424,0.156292
129.337,159.437,118,127.741,169.594,162.596,149.277,219.486,0.156292
129.337,159.437,118,127.741,169.594,162.596,149.277,219.486,0.157412
129.337,160.037,118.042,128.655,169.594,162.596,149.277,219.486,0.157412
129.337,160.037,118.042,128.655,169.594,162.596,149.277,219.486,0.158536
129.337,160.037,118.042,128.655,170.194,163.196,149.774,219.499,0.158536
129.337,160.037,118.042,128.655,170.194,163.196,149.774,219.499,0.158536
129.337,160.637,118.134,129.662,170.194,163.196,149.774,219.499,0.158536
129.337,160.637,118.134,129.662,170.194,163.796,149.774,219.345,0.159664
129.337,160.637,118.134,129.662,170.794,163.796,150.355,219.345,0.159664
129.337,160.637,118.134,129.662,170.794,163.796,150.355,219.345,0.159664
129.337,161.237,118.199,130.73,170.794,163.796,150.355,219.345,0.159664
129.337,161.237,118.199,130.73,170.794,164.396,150.355,219.201,0.163076
129.337,161.237,118.199,130.73,171.394,164.396,151.076,219.201,0.163076
129.337,161.237,118.199,130.73,171.394,164.396,151.076,219.201,0.16422
129.337,161.837,118.298,131.893,171.394,164.396,151.076,219.201,0.16422
129.337,161.837,118.298,131.893,171.394,164.996,151.076,219.013,0.165368
129.337,161.837,118.298,131.893,171.994,164.996,151.943,219.013,0.165368
129.337,161.837,118.298,131.893,171.994,164.996,151.943,219.013,0.165368
129.337,162.438,118.399,133.101,171.994,164.996,151.943,219.013,0.165368
129.337,162.438,118.399,133.101,171.994,164.996,151.943,219.013,0.167676
129.337,162.438,118.399,133.101,172.594,165.596,152.912,218.746,0.167676
129.337,162.438,118.399,133.101,172.594,165.596,152.912,218.746,0.168836
129.337,163.038,118.547,134.421,172.594,165.596,152.912,218.746,0.168836
129.337,163.038,118.547,134.421,172.594,166.196,152.912,218.439,0.17
129.337,163.038,118.547,134.421,173.194,166.196,154.004,218.439,0.17
129.337,163.038,118.547,134.421,173.194,166.196,154.004,218.439,0.171168
129.337,163.638,118.858,135.779,173.194,166.196,154.004,218.439,0.171168
129.337,163.638,118.858,135.779,173.194,166.796,154.004,218.219,0.171168
129.337,163.638,118.858,135.779,173.794,166.796,155.221,218.219,0.171168
129.337,163.638,118.858,135.779,173.794,166.796,155.221,218.219,0.17234
129.337,164.238,119.059,137.294,173.794,166.796,155.221,218.219,0.17234
129.337,164.238,119.059,137.294,173.794,167.396,155.221,217.982,0.17234
129.337,164.238,119.059,137.294,174.394,167.396,156.58,217.982,0.17234
129.337,164.238,119.059,137.294,174.394,167.396,156.58,217.982,0.175884
129.337,164.838,119.281,138.849,174.394,167.396,156.58,217.982,0.175884
129.337,164.838,119.281,138.849,174.394,167.996,156.58,217.791,0.177072
129.337,164.838,119.281,138.849,174.994,167.996,158.065,217.791,0.177072
129.337,164.838,119.281,138.849,174.994,167.996,158.065,217.791,0.178264
129.337,165.438,119.523,140.473,174.994,167.996,158.065,217.791,0.178264
129.337,165.438,119.523,140.473,174.994,167.996,158.065,217.791,0.178264
129.337,165.438,119.523,140.473,175.594,168.596,159.584,217.708,0.178264
129.337,165.438,119.523,140.473,175.594,168.596,159.584,217.708,0.17946
129.337,166.038,119.822,142.136,175.594,168.596,159.584,217.708,0.17946
129.337,166.038,119.822,142.136,175.594,168.596,159.584,217.708,0.181864
129.337,166.038,119.822,142.136,176.194,169.196,161.143,217.742,0.181864
129.337,166.038,119.822,142.136,176.194,169.196,161.143,217.742,0.183072
129.337,166.638,120.111,143.934,176.194,169.196,161.143,217.742,0.183072
129.337,166.638,120.111,143.934,176.194,169.196,161.143,217.742,0.184284
129.337,166.638,120.111,143.934,176.794,169.796,162.881,217.673,0.184284
129.337,166.638,120.111,143.934,176.794,169.796,162.881,217.673,0.184284
129.337,167.238,120.485,145.714,176.794,169.796,162.881,217.673,0.184284
129.337,167.238,120.485,145.714,176.794,170.396,162.881,217.779,0.1855
129.337,167.238,120.485,145.714,177.394,170.396,164.659,217.779,0.1855
129.337,167.238,120.485,145.714,177.394,170.396,164.659,217.779,0.187948
129.337,167.838,120.867,147.546,177.394,170.396,164.659,217.779,0.187948
129.337,167.838,120.867,147.546,177.394,170.996,164.659,217.963,0.189176
129.337,167.838,120.867,147.546,177.994,170.996,166.433,217.963,0.189176
129.337,167.838,120.867,147.546,177.994,170.996,166.433,217.963,0.190408
129.337,168.438,121.318,149.433,177.994,170.996,166.433,217.963,0.190408
129.337,168.438,121.318,149.433,177.994,170.996,166.433,217.963,0.190408
129.337,168.438,121.318,149.433,178.594,171.596,168.274,218.203,0.190408
129.337,168.438,121.318,149.433,178.594,171.596,168.274,218.203,0.191644
129.337,169.038,121.787,151.384,178.594,171.596,168.274,218.203,0.191644
129.337,169.038,121.787,151.384,178.594,171.596,168.274,218.203,0.192884
129.337,169.038,121.787,151.384,179.194,172.196,170.176,218.596,0.192884
129.337,169.038,121.787,151.384,179.194,172.196,170.176,218.596,0.195376
129.337,169.638,122.288,153.365,179.194,172.196,170.176,218.596,0.195376
129.337,169.638,122.288,153.365,179.194,172.796,170.176,219.064,0.196628
129.337,169.638,122.288,153.365,179.794,172.796,172.105,219.064,0.196628
129.337,169.638,122.288,153.365,179.794,172.796,172.105,219.064,0.197884
129.337,170.238,122.756,155.319,179.794,172.796,172.105,219.064,0.197884
129.337,170.238,122.756,155.319,179.794,173.396,172.105,219.571,0.197884
129.337,170.238,122.756,155.319,180.394,173.396,174.07,219.571,0.197884
129.337,170.238,122.756,155.319,180.394,173.396,174.07,219.571,0.199144
129.337,170.838,123.382,157.311,180.394,173.396,174.07,219.571,0.199144
129.337,170.838,123.382,157.311,180.394,173.996,174.07,220.171,0.201676
129.337,170.838,123.382,157.311,180.994,173.996,176.013,220.171,0.201676
129.337,170.838,123.382,157.311,180.994,173.996,176.013,220.171,0.202948
129.337,171.438,123.884,159.391,180.994,173.996,176.013,220.171,0.202948
129.337,171.438,123.884,159.391,180.994,173.996,176.013,220.171,0.204224
129.337,171.438,123.884,159.391,181.594,174.596,177.956,220.861,0.204224
129.337,171.438,123.884,159.391,181.594,174.596,177.956,220.861,0.204224
129.337,172.038,124.302,161.482,181.594,174.596,177.956,220.861,0.204224
129.337,172.038,124.302,161.482,181.594,175.196,177.956,221.602,0.205504
129.337,172.038,124.302,161.482,182.194,175.196,179.974,221.602,0.205504
129.337,172.038,124.302,161.482,182.194,175.196,179.974,221.602,0.208076
129.337,172.638,124.777,163.574,182.194,175.196,179.974,221.602,0.208076
129.337,172.638,124.777,163.574,182.194,175.796,179.974,222.398,0.209368
129.337,172.638,124.777,163.574,182.794,175.796,182.042,222.398,0.209368
129.337,172.638,124.777,163.574,182.794,175.796,182.042,222.398,0.210664
129.337,173.238,125.008,165.797,182.794,175.796,182.042,222.398,0.210664
129.337,173.238,125.008,165.797,182.794,176.396,182.042,223.239,0.210664
129.337,173.238,125.008,165.797,183.394,176.396,184.101,223.239,0.210664
129.337,173.238,125.008,165.797,183.394,176.396,184.101,223.239,0.211964
129.337,173.838,125.516,167.949,183.394,176.396,184.101,223.239,0.211964
129.337,173.838,125.516,167.949,183.394,176.996,184.101,224.182,0.21458
129.337,173.838,125.516,167.949,183.994,176.996,186.098,224.182,0.21458
129.337,173.838,125.516,167.949,183.994,176.996,186.098,224.182,0.215892
129.337,174.438,126.007,170.104,183.994,176.996,186.098,224.182,0.215892
129.337,174.438,126.007,170.104,183.994,176.996,186.098,224.182,0.217208
129.337,174.438,126.007,170.104,184.594,177.596,188.182,225.212,0.217208
129.337,174.438,126.007,170.104,184.594,177.596,188.182,225.212,0.217208
129.337,175.038,126.506,172.321,184.594,177.596,188.182,225.212,0.217208
129.337,175.038,126.506,172.321,184.594,177.596,188.182,225.212,0.218528
129.337,175.038,126.506,172.321,185.194,178.196,190.422,226.323,0.218528
129.337,175.038,126.506,172.321,185.194,178.196,190.422,226.323,0.219852
129.337,175.638,126.989,174.566,185.194,178.196,190.422,226.323,0.219852
129.337,175.638,126.989,174.566,185.194,178.796,190.422,227.465,0.222512
129.337,175.638,126.989,174.566,185.794,178.796,192.644,227.465,0.222512
129.337,175.638,126.989,174.566,185.794,178.796,192.644,227.465,0.223848
129.337,176.238,127.442,176.869,185.794,178.796,192.644,227.465,0.223848
129.337,176.238,127.442,176.869,185.794,179.396,192.644,228.626,0.225188
129.337,176.238,127.442,176.869,186.394,179.396,194.863,228.626,0.225188
129.337,176.238,127.442,176.869,186.394,179.396,194.863,228.626,0.225188
129.337,176.838,127.963,179.179,186.394,179.396,194.863,228.626,0.225188
129.337,176.838,127.963,179.179,186.394,179.996,194.863,229.899,0.226532
129.337,176.838,127.963,179.179,186.994,179.996,197.055,229.899,0.226532
129.337,176.838,127.963,179.179,186.994,179.996,197.055,229.899,0.229232
129.337,177.438,128.548,181.56,186.994,179.996,197.055,229.899,0.229232
129.337,177.438,128.548,181.56,186.994,179.996,197.055,229.899,0.230588
129.337,177.438,128.548,181.56,187.594,180.596,199.201,231.295,0.230588
129.337,177.438,128.548,181.56,187.594,180.596,199.201,231.295,0.231948
129.337,178.038,129.001,183.949,187.594,180.596,199.201,231.295,0.231948
129.337,178.038,129.001,183.949,187.594,181.196,199.201,232.82,0.231948
129.337,178.038,129.001,183.949,188.194,181.196,201.261,232.82,0.231948
129.337,178.038,129.001,183.949,188.194,181.196,201.261,232.82,0.233312
129.337,178.481,129.573,186.302,188.194,181.196,201.261,232.82,0.233312
129.337,178.481,129.573,186.302,188.194,181.796,201.261,234.342,0.23468
129.337,178.481,129.573,186.302,188.794,181.796,203.285,234.342,0.23468
129.337,178.481,129.573,186.302,188.794,181.796,203.285,234.342,0.237428
129.337,178.481,130.158,188.741,188.794,181.796,203.285,234.342,0.237428
129.337,178.481,130.158,188.741,188.794,182.396,203.285,235.892,0.238808
129.337,178.481,130.158,188.741,189.394,182.396,205.234,235.892,0.238808
129.337,178.481,130.158,188.741,189.394,182.396,205.234,235.892,0.240192
129.337,178.481,130.767,191.177,189.394,182.396,205.234,235.892,0.240192
129.337,178.481,130.767,191.177,189.394,182.996,205.234,237.515,0.240192
129.337,178.481,130.767,191.177,189.994,182.996,207.182,237.515,0.240192
129.337,178.481,130.767,191.177,189.994,182.996,207.182,237.515,0.24158
129.337,178.481,131.393,193.627,189.994,182.996,207.182,237.515,0.24158
129.337,178.481,131.393,193.627,189.994,182.996,207.182,237.515,0.242972
129.337,178.481,131.393,193.627,190.594,183.596,209.035,239.076,0.242972
129.337,178.481,131.393,193.627,190.594,183.596,209.035,239.076,0.245768
129.337,178.481,132.038,196.115,190.594,183.596,209.035,239.076,0.245768
129.337,178.481,132.038,196.115,190.594,184.196,209.035,240.62,0.247172
129.337,178.481,132.038,196.115,191.194,184.196,210.907,240.62,0.247172
129.337,178.481,132.038,196.115,191.194,184.196,210.907,240.62,0.247172
129.337,178.481,132.656,198.603,191.194,184.196,210.907,240.62,0.247172
129.337,178.481,132.656,198.603,191.194,184.796,210.907,242.107,0.24858
129.337,178.481,132.656,198.603,191.794,184.796,212.665,242.107,0.24858
129.337,178.481,132.656,198.603,191.794,184.796,212.665,242.107,0.249992
129.337,178.481,133.239,201.06,191.794,184.796,212.665,242.107,0.249992
129.337,178.481,133.239,201.06,191.794,185.396,212.665,243.615,0.252828
129.337,178.481,133.239,201.06,192.394,185.396,214.329,243.615,0.252828
129.337,178.481,133.239,201.06,192.394,185.396,214.329,243.615,0.254252
129.337,178.481,133.806,203.543,192.394,185.396,214.329,243.615,0.254252
129.337,178.481,133.806,203.543,192.394,185.996,214.329,245.108,0.25568
129.337,178.481,133.806,203.543,192.994,185.996,215.962,245.108,0.25568
129.337,178.481,133.806,203.543,192.994,185.996,215.962,245.108,0.25568
129.337,178.481,134.362,206.084,192.994,185.996,215.962,245.108,0.25568
129.337,178.481,134.362,206.084,192.994,185.996,215.962,245.108,0.257112
129.337,178.481,134.362,206.084,193.594,186.596,217.594,246.524,0.257112
129.337,178.481,134.362,206.084,193.594,186.596,217.594,246.524,0.258548
129.337,178.481,134.841,208.613,193.594,186.596,217.594,246.524,0.258548
129.337,178.481,134.841,208.613,193.594,187.196,217.594,247.884,0.261432
129.337,178.481,134.841,208.613,194.194,187.196,219.215,247.884,0.261432
129.337,178.481,134.841,208.613,194.194,187.196,219.215,247.884,0.26288
129.337,178.481,135.311,211.188,194.194,187.196,219.215,247.884,0.26288
129.337,178.481,135.311,211.188,194.194,187.796,219.215,249.311,0.26288
129.337,178.481,135.311,211.188,194.794,187.796,220.767,249.311,0.26288
129.337,178.481,135.311,211.188,194.794,187.796,220.767,249.311,0.264332
129.337,178.481,135.715,213.816,194.794,187.796,220.767,249.311,0.264332
129.337,178.481,135.715,213.816,194.794,188.396,220.767,250.734,0.265788
129.337,178.481,135.715,213.816,195.394,188.396,222.311,250.734,0.265788
129.337,178.481,135.715,213.816,195.394,188.396,222.311,250.734,0.268712
129.337,178.481,136.071,216.488,195.394,188.396,222.311,250.734,0.268712
129.337,178.481,136.071,216.488,195.394,188.396,222.311,250.734,0.27018
129.337,178.481,136.071,216.488,195.394,188.996,222.311,251.983,0.27018
129.337,178.481,136.071,216.488,195.994,188.996,223.838,251.983,0.27018
129.337,178.481,136.386,219.216,195.994,188.996,223.838,251.983,0.27018
129.337,178.481,136.386,219.216,195.994,188.996,223.838,251.983,0.271652
129.337,178.481,136.386,219.216,196.594,189.596,225.383,253.282,0.271652
129.337,178.481,136.386,219.216,196.594,189.596,225.383,253.282,0.273128
129.337,178.481,136.682,221.969,196.594,189.596,225.383,253.282,0.273128
129.337,178.481,136.682,221.969,196.594,190.196,225.383,254.552,0.276092
129.337,178.481,136.682,221.969,197.194,190.196,226.938,254.552,0.276092
129.337,178.481,136.682,221.969,197.194,190.196,226.938,254.552,0.27758
129.337,178.481,136.978,224.774,197.194,190.196,226.938,254.552,0.27758
129.337,178.481,136.978,224.774,197.194,190.796,226.938,255.77,0.27758
129.337,178.481,136.978,224.774,197.794,190.796,228.507,255.77,0.27758
129.337,178.481,136.978,224.774,197.794,190.796,228.507,255.77,0.279072
129.337,178.481,137.295,227.509,197.794,190.796,228.507,255.77,0.279072
129.337,178.481,137.295,227.509,197.794,191.396,228.507,256.982,0.280568
129.337,178.481,137.295,227.509,198.313,191.396,230.086,256.982,0.280568
129.337,178.481,137.295,227.509,198.313,191.396,230.086,256.982,0.283572
129.337,178.481,137.664,230.078,198.313,191.396,230.086,256.982,0.283572
129.337,178.481,137.664,230.078,198.313,191.996,230.086,258.05,0.28508
129.337,178.481,137.664,230.078,198.313,191.996,231.511,258.05,0.28508
129.337,178.481,138.211,230.078,198.313,191.996,231.511,258.05,0.286592
129.337,178.481,138.211,232.371,198.313,191.996,231.511,258.05,0.286592
129.337,178.481,138.211,232.371,198.313,191.996,231.511,258.05,0.286592
129.337,178.481,138.211,232.371,198.313,192.596,232.867,259.242,0.286592
129.337,178.481,139.029,232.371,198.313,192.596,232.867,259.242,0.288108
129.337,178.481,139.029,234.311,198.313,192.596,232.867,259.242,0.288108
129.337,178.481,139.029,234.311,198.313,193.196,232.867,260.491,0.289628
129.337,178.481,139.029,234.311,198.313,193.196,234.118,260.491,0.289628
129.337,178.481,139.029,234.311,198.313,193.196,234.118,260.491,0.29268
129.337,178.481,139.88,236.111,198.313,193.196,234.118,260.491,0.29268
129.337,178.481,139.88,236.111,198.313,193.796,234.118,261.519,0.294212
129.337,178.481,139.88,236.111,198.313,193.796,235.271,261.519,0.294212
129.337,178.481,139.88,236.111,198.313,193.796,235.271,261.519,0.294212
129.337,178.481,140.427,238.113,198.313,193.796,235.271,261.519,0.294212
129.337,178.481,140.427,238.113,198.313,194.396,235.271,262.464,0.295748
129.337,178.481,140.427,238.113,198.313,194.396,236.444,262.464,0.295748
129.337,178.481,140.427,238.113,198.313,194.396,236.444,262.464,0.297288
129.337,178.481,140.392,240.608,198.313,194.396,236.444,262.464,0.297288
129.337,178.481,140.392,240.608,198.313,194.996,236.444,263.434,0.30038
129.337,178.481,140.392,240.608,198.313,194.996,237.658,263.434,0.30038
129.337,178.481,140.135,240.608,198.313,194.996,237.658,263.434,0.301932
129.337,178.481,140.135,243.312,198.313,194.996,237.658,263.434,0.301932
129.337,178.481,140.135,243.312,198.313,194.996,237.658,263.434,0.303488
129.337,178.481,140.135,243.312,198.313,195.596,238.811,264.43,0.303488
129.337,178.481,140.007,243.312,198.313,195.596,238.811,264.43,0.303488
129.337,178.481,140.007,245.679,198.313,195.596,238.811,264.43,0.303488
129.337,178.481,140.007,245.679,198.313,196.196,238.811,265.385,0.305048
129.337,178.481,140.007,245.679,198.313,196.196,239.935,265.385,0.305048
129.337,178.481,140.045,245.679,198.313,196.196,239.935,265.385,0.306612
129.337,178.481,140.045,247.606,198.313,196.196,239.935,265.385,0.306612
129.337,178.481,140.045,247.606,198.313,196.796,239.935,266.148,0.309752
129.337,178.481,140.045,247.606,198.313,196.796,240.874,266.148,0.309752
129.337,178.481,140.045,247.606,198.313,196.796,240.874,266.148,0.311328
129.337,178.481,140.011,249.407,198.313,196.796,240.874,266.148,0.311328
129.337,178.481,140.011,249.407,198.313,197.396,240.874,266.851,0.311328
129.337,178.481,140.011,249.407,198.313,197.396,241.753,266.851,0.311328
129.337,178.481,140.088,249.407,198.313,197.396,241.753,266.851,0.312908
129.337,178.481,140.088,250.937,198.313,197.396,241.753,266.851,0.312908
129.337,178.481,140.088,250.937,198.313,197.996,241.753,267.592,0.314492
129.337,178.481,140.088,250.937,198.313,197.996,242.683,267.592,0.314492
129.337,178.481,140.599,250.937,198.313,197.996,242.683,267.592,0.317672
129.337,178.481,140.599,251.719,198.313,197.996,242.683,267.592,0.317672
129.337,178.481,140.599,251.719,198.313,197.996,242.683,267.592,0.319268
129.337,178.481,140.599,251.719,198.313,198.596,243.438,268.161,0.319268
129.337,178.481,141.298,251.719,198.313,198.596,243.438,268.161,0.320868
129.337,178.481,141.298,252.033,198.313,198.596,243.438,268.161,0.320868
129.337,178.481,141.298,252.033,198.313,199.196,243.438,268.802,0.320868
129.337,178.481,141.298,252.033,198.313,199.196,243.92,268.802,0.320868
129.337,178.481,141.854,252.033,198.313,199.196,243.92,268.802,0.322468
129.337,178.481,141.854,252.208,198.313,199.196,243.92,268.802,0.322468
129.337,178.481,141.854,252.208,198.313,199.796,243.92,269.387,0.324068
129.337,178.481,141.854,252.208,198.313,199.796,244.405,269.387,0.324068
129.337,178.481,141.854,252.208,198.313,199.796,244.405,269.387,0.327268
129.337,178.481,142.438,252.267,198.313,199.796,244.405,269.387,0.327268
129.337,178.481,142.438,252.267,198.313,200.396,244.405,269.917,0.328868
129.337,178.481,142.438,252.267,198.313,200.396,244.921,269.917,0.328868
129.337,178.481,143.048,252.267,198.313,200.396,244.921,269.917,0.328868
129.337,178.481,143.048,252.051,198.313,200.396,244.921,269.917,0.328868
129.337,178.481,143.048,252.051,198.313,200.996,244.921,270.398,0.330468
129.337,178.481,143.048,252.051,198.313,200.996,245.281,270.398,0.330468
129.337,178.481,143.511,252.051,198.313,200.996,245.281,270.398,0.332068
129.337,178.481,143.511,251.891,198.313,200.996,245.281,270.398,0.332068
129.337,178.481,143.511,251.891,198.313,200.996,245.281,270.398,0.335268
129.337,178.481,143.511,251.891,198.313,201.596,245.452,270.782,0.335268
129.337,178.481,143.762,251.891,198.313,201.596,245.452,270.782,0.336868
129.337,178.481,143.762,251.758,198.313,201.596,245.452,270.782,0.336868
129.337,178.481,143.762,251.758,198.313,202.196,245.452,271.158,0.338468
129.337,178.481,143.762,251.758,198.313,202.196,245.672,271.158,0.338468
129.337,178.481,143.817,251.758,198.313,202.196,245.672,271.158,0.338468
129.337,178.481,143.817,251.559,198.313,202.196,245.672,271.158,0.338468
129.337,178.481,143.817,251.559,198.313,202.796,245.672,271.561,0.341668
129.337,178.481,143.817,251.559,198.313,202.796,245.837,271.561,0.341668
129.337,178.481,143.817,251.559,198.313,202.796,245.837,271.561,0.343268
129.337,178.481,143.779,251.318,198.313,202.796,245.837,271.561,0.343268
129.337,178.481,143.779,251.318,198.313,203.396,245.837,271.91,0.344868
129.337,178.481,143.779,251.318,198.313,203.396,245.883,271.91,0.344868
129.337,178.481,143.466,251.318,198.313,203.396,245.883,271.91,0.346468
129.337,178.481,143.466,251.244,198.313,203.396,245.883,271.91,0.346468
129.337,178.481,143.466,251.244,198.313,203.996,245.883,272.276,0.346468
129.337,178.481,143.466,251.244,198.313,203.996,245.896,272.276,0.346468
129.337,178.481,142.923,251.244,198.313,203.996,245.896,272.276,0.348068
129.337,178.481,142.923,251.32,198.313,203.996,245.896,272.276,0.348068
129.337,178.481,142.923,251.32,198.313,203.996,245.896,272.276,0.348068
129.337,178.481,142.923,251.32,198.313,204.596,245.995,272.476,0.348068
129.337,178.481,142.324,251.32,198.313,204.596,245.995,272.476,0.352868
129.337,178.481,142.324,251.413,198.313,204.596,245.995,272.476,0.352868
129.337,178.481,142.324,251.413,198.313,205.196,245.995,272.688,0.354468
129.337,178.481,142.324,251.413,198.313,205.196,245.996,272.688,0.354468
129.337,178.481,141.594,251.354,198.313,205.196,245.996,272.688,0.356068
129.337,178.481,141.594,251.354,198.313,205.196,245.996,272.688,0.356068
129.337,178.481,141.594,251.354,198.313,205.796,245.996,272.89,0.356068
129.337,178.481,141.594,251.354,198.313,205.796,246.018,272.89,0.356068
129.337,178.481,141.594,251.354,198.313,205.796,246.018,272.89,0.357668
129.337,178.481,140.81,251.148,198.313,205.796,246.018,272.89,0.357668
129.337,178.481,140.81,251.148,198.313,206.396,246.018,272.979,0.360868
129.337,178.481,140.81,251.148,198.313,206.396,245.929,272.979,0.360868
129.337,178.481,140.116,251.148,198.313,206.396,245.929,272.979,0.362468
129.337,178.481,140.116,250.779,198.313,206.396,245.929,272.979,0.362468
129.337,178.481,140.116,250.779,198.313,206.996,245.929,273.02,0.364068
129.337,178.481,140.116,250.779,198.313,206.996,245.851,273.02,0.364068
129.337,178.481,139.693,250.779,198.313,206.996,245.851,273.02,0.364068
129.337,178.481,139.693,250.142,198.313,206.996,245.851,273.02,0.364068
129.337,178.481,139.693,250.142,198.313,206.996,245.851,273.02,0.365668
129.337,178.481,139.693,250.142,198.313,207.596,245.695,273.033,0.365668
129.337,178.481,139.492,249.203,198.313,207.596,245.695,273.033,0.365668
129.337,178.481,139.492,249.203,198.313,207.596,245.695,273.033,0.365668
129.337,178.481,139.492,249.203,198.313,208.196,245.695,272.974,0.370468
129.337,178.481,139.492,249.203,198.313,208.196,245.268,272.974,0.370468
129.337,178.481,139.41,247.867,198.313,208.196,245.268,272.974,0.372068
129.337,178.481,139.41,247.867,198.313,208.196,245.268,272.974,0.372068
129.337,178.481,139.41,247.867,198.313,208.796,245.268,272.881,0.373668
129.337,178.481,139.41,247.867,198.313,208.796,244.739,272.881,0.373668
129.337,178.481,139.41,247.867,198.313,208.796,244.739,272.881,0.373668
129.337,178.481,139.554,246.346,198.313,208.796,244.739,272.881,0.373668
129.337,178.481,139.554,246.346,198.313,209.396,244.739,272.641,0.375268
129.337,178.481,139.554,246.346,198.313,209.396,244.14,272.641,0.375268
129.337,178.481,139.554,246.346,198.313,209.396,244.14,272.641,0.378468
129.337,178.481,139.821,244.585,198.313,209.396,244.14,272.641,0.378468
129.337,178.481,139.821,244.585,198.313,209.996,244.14,272.339,0.380068
129.337,178.481,139.821,244.585,198.313,209.996,243.344,272.339,0.380068
129.337,178.481,140.103,244.585,198.313,209.996,243.344,272.339,0.381668
129.337,178.481,140.103,242.619,198.313,209.996,243.344,272.339,0.381668
129.337,178.481,140.103,242.619,198.313,209.996,243.344,272.339,0.381668
129.337,178.481,140.103,242.619,198.313,210.596,242.368,272.004,0.381668
129.337,178.481,140.342,240.487,198.313,210.596,242.368,272.004,0.383268
129.337,178.481,140.342,240.487,198.313,210.596,242.368,272.004,0.383268
129.337,178.481,140.342,240.487,198.313,211.196,242.368,271.631,0.383268
129.337,178.481,140.342,240.487,198.313,211.196,241.263,271.631,0.383268
129.337,178.481,140.605,240.487,198.313,211.196,241.263,271.631,0.388068
129.337,178.481,140.605,238.402,198.313,211.196,241.263,271.631,0.388068
129.337,178.481,140.605,238.402,198.313,211.796,241.263,271.158,0.389668
129.337,178.481,140.605,238.402,198.313,211.796,240.038,271.158,0.389668
129.337,178.481,140.605,238.402,198.313,211.796,240.038,271.158,0.391268
129.337,178.481,140.728,236.37,198.313,211.796,240.038,271.158,0.391268
129.337,178.481,140.728,236.37,198.313,212.396,240.038,270.565,0.391268
129.337,178.481,140.728,236.37,198.313,212.396,238.673,270.565,0.391268
129.337,178.481,140.636,234.468,198.313,212.396,238.673,270.565,0.392868
129.337,178.481,140.636,234.468,198.313,212.396,238.673,270.565,0.392868
129.337,178.481,140.636,234.468,198.313,212.996,238.673,269.764,0.392868
129.337,178.481,140.636,234.468,198.313,212.996,237.232,269.764,0.392868
129.337,178.481,140.468,234.468,198.313,212.996,237.232,269.764,0.397668
129.337,178.481,140.468,232.75,198.313,212.996,237.232,269.764,0.397668
129.337,178.481,140.468,232.75,198.313,212.996,237.232,269.764,0.399268
129.337,178.481,140.468,232.75,198.313,213.596,235.757,269.027,0.399268
129.337,178.481,140.264,231.142,198.313,213.596,235.757,269.027,0.400868
129.337,178.481,140.264,231.142,198.313,213.596,235.757,269.027,0.400868
129.337,178.481,140.264,231.142,198.313,214.196,235.757,268.301,0.400868
129.337,178.481,140.264,231.142,198.313,214.196,234.214,268.301,0.400868
129.337,178.481,139.974,229.603,198.313,214.196,234.214,268.301,0.402468
129.337,178.481,139.974,229.603,198.313,214.196,234.214,268.301,0.402468
129.337,178.481,139.974,229.603,198.313,214.796,234.214,267.532,0.405668
129.337,178.481,139.974,229.603,198.313,214.796,232.596,267.532,0.405668
129.337,178.481,139.974,229.603,198.313,214.796,232.596,267.532,0.407268
129.337,178.481,139.599,228.126,198.313,214.796,232.596,267.532,0.407268
129.337,178.481,139.599,228.126,198.313,215.396,232.596,266.63,0.408868
129.337,178.481,139.599,228.126,198.313,215.396,231.012,266.63,0.408868
129.337,178.481,139.404,228.126,198.313,215.396,231.012,266.63,0.408868
129.337,178.481,139.404,226.631,198.313,215.396,231.012,266.63,0.408868
129.337,178.481,139.404,226.631,198.313,215.996,231.012,265.684,0.410468
129.337,178.481,139.404,226.631,198.313,215.996,229.476,265.684,0.410468
129.337,178.481,139.102,226.631,198.313,215.996,229.476,265.684,0.412068
129.337,178.481,139.102,225.35,198.313,215.996,229.476,265.684,0.412068
129.337,178.481,139.102,225.35,198.313,215.996,229.476,265.684,0.415268
129.337,178.481,139.102,225.35,198.313,216.596,227.977,264.746,0.415268
129.337,178.481,138.852,224.102,198.313,216.596,227.977,264.746,0.416868
129.337,178.481,138.852,224.102,198.313,216.596,227.977,264.746,0.416868
129.337,178.481,138.852,224.102,198.313,216.596,227.977,264.746,0.418468
129.337,178.481,138.852,224.102,198.313,217.196,226.507,263.787,0.418468
129.337,178.481,138.621,222.958,198.313,217.196,226.507,263.787,0.418468
129.337,178.481,138.621,222.958,198.313,217.196,226.507,263.787,0.418468
129.337,178.481,138.621,222.958,198.313,217.796,226.507,262.79,0.420068
129.337,178.481,138.621,222.958,198.313,217.796,225.088,262.79,0.420068
129.337,178.481,138.621,222.958,198.313,217.796,225.088,262.79,0.423268
129.337,178.481,138.515,221.776,198.313,217.796,225.088,262.79,0.423268
129.337,178.481,138.515,221.776,198.313,218.396,225.088,261.792,0.424868
129.337,178.481,138.515,221.776,198.313,218.396,225.088,261.792,0.424868
129.337,178.481,138.515,221.776,198.313,218.396,223.688,261.792,0.426468
129.337,178.481,138.474,220.555,198.313,218.396,223.688,261.792,0.426468
129.337,178.481,138.474,220.555,198.313,218.996,223.688,260.574,0.428068
129.337,178.481,138.474,220.555,198.313,218.996,222.281,260.574,0.428068
129.337,178.481,138.644,219.308,198.313,218.996,222.281,260.574,0.428068
129.337,178.481,138.644,219.308,198.313,218.996,222.281,260.574,0.428068
129.337,178.481,138.644,219.308,198.313,218.996,222.281,260.574,0.429668
129.337,178.481,138.644,219.308,198.313,219.596,220.882,259.452,0.429668
129.337,178.481,138.687,218.107,198.313,219.596,220.882,259.452,0.432868
129.337,178.481,138.687,218.107,198.313,219.596,220.882,259.452,0.432868
129.337,178.481,138.687,218.107,198.313,220.196,220.882,258.264,0.434468
129.337,178.481,138.687,218.107,198.313,220.196,219.506,258.264,0.434468
129.337,178.481,138.924,218.107,198.313,220.196,219.506,258.264,0.436068
129.337,178.481,138.924,216.859,198.313,220.196,219.506,258.264,0.436068
129.337,178.481,138.924,216.859,198.313,220.347,219.506,257.084,0.436068
129.337,178.481,138.924,216.859,198.313,220.347,218.114,257.084,0.436068
129.337,178.481,138.924,216.859,198.313,220.347,218.114,257.084,0.437668
129.337,178.481,139.164,215.661,198.313,220.347,218.114,257.084,0.437668
129.337,178.481,139.164,215.661,198.313,220.347,218.114,255.831,0.440868
129.337,178.481,139.164,215.661,198.313,220.347,216.708,255.831,0.440868
129.337,178.481,139.292,214.521,198.313,220.347,216.708,255.831,0.442468
129.337,178.481,139.292,214.521,198.313,220.347,216.708,255.831,0.442468
129.337,178.481,139.292,214.521,198.313,220.347,216.708,254.524,0.444068
129.337,178.481,139.292,214.521,198.313,220.347,216.708,254.524,0.444068
129.337,178.481,139.292,214.521,198.313,220.347,215.27,254.524,0.444068
129.337,178.481,139.361,213.487,198.313,220.347,215.27,254.524,0.444068
129.337,178.481,139.361,213.487,198.313,220.347,215.27,254.524,0.445668
129.337,178.481,139.361,213.487,198.313,220.347,213.89,253.201,0.445668
129.337,178.481,139.387,212.577,198.313,220.347,213.89,253.201,0.447268
129.337,178.481,139.387,212.577,198.313,220.347,213.89,253.201,0.447268
129.337,178.481,139.387,212.577,198.313,220.347,213.89,253.201,0.450468
129.337,178.481,139.387,212.577,198.313,220.347,212.513,251.937,0.450468
129.337,178.481,139.319,212.577,198.313,220.347,212.513,251.937,0.452068
129.337,178.481,139.319,211.814,198.313,220.347,212.513,251.937,0.452068
129.337,178.481,139.319,211.814,198.313,220.347,212.513,250.686,0.452068
129.337,178.481,139.319,211.814,198.313,220.347,211.174,250.686,0.452068
129.337,178.481,139.319,211.814,198.313,220.347,211.174,250.686,0.453668
129.337,178.481,139.123,211.186,198.313,220.347,211.174,250.686,0.453668
129.337,178.481,139.123,211.186,198.313,220.347,211.174,249.448,0.455268
129.337,178.481,139.123,211.186,198.313,220.347,209.865,249.448,0.455268
129.337,178.481,138.963,211.186,198.313,220.347,209.865,249.448,0.458468
129.337,178.481,138.963,210.587,198.313,220.347,209.865,249.448,0.458468
129.337,178.481,138.963,210.587,198.313,220.347,209.865,248.233,0.460068
129.337,178.481,138.963,210.587,198.313,220.347,208.654,248.233,0.460068
129.337,178.481,138.774,210.587,198.313,220.347,208.654,248.233,0.461668
129.337,178.481,138.774,210.123,198.313,220.347,208.654,248.233,0.461668
129.337,178.481,138.774,210.123,198.313,220.347,208.654,248.233,0.461668
129.337,178.481,138.774,210.123,198.313,220.347,207.44,247.039,0.461668
129.337,178.481,138.609,209.743,198.313,220.347,207.44,247.039,0.463268
129.337,178.481,138.609,209.743,198.313,220.347,207.44,247.039,0.463268
129.337,178.481,138.609,209.743,198.313,220.347,207.44,245.998,0.464868
129.337,178.481,138.609,209.743,198.313,220.347,206.444,245.998,0.464868
129.337,178.481,138.435,209.507,198.313,220.347,206.444,245.998,0.468068
129.337,178.481,138.435,209.507,198.313,220.347,206.444,245.998,0.468068
129.337,178.481,138.435,209.507,198.313,220.347,206.444,244.874,0.469668
129.337,178.481,138.435,209.507,198.313,220.347,205.616,244.874,0.469668
129.337,178.481,138.435,209.507,198.313,220.347,205.616,244.874,0.469668
129.337,178.481,138.295,209.336,198.313,220.347,205.616,244.874,0.469668
129.337,178.481,138.295,209.336,198.313,220.347,205.616,243.865,0.471268
129.337,178.481,138.295,209.336,198.313,220.347,204.942,243.865,0.471268
129.337,178.481,138.201,209.336,198.313,220.347,204.942,243.865,0.472868
129.337,178.481,138.201,209.226,198.313,220.347,204.942,243.865,0.472868
129.337,178.481,138.201,209.226,198.313,220.347,204.942,242.887,0.476068
129.337,178.481,138.201,209.226,198.313,220.347,204.42,242.887,0.476068
129.337,178.481,138.121,209.226,198.313,220.347,204.42,242.887,0.477668
129.337,178.481,138.121,209.191,198.313,220.347,204.42,242.887,0.477668
129.337,178.481,138.121,209.191,198.313,220.347,204.42,242.887,0.479268
129.337,178.481,138.121,209.191,198.313,220.347,204.133,242.014,0.479268
129.337,178.481,138.035,209.311,198.313,220.347,204.133,242.014,0.479268
129.337,178.481,138.035,209.311,198.313,220.347,204.133,242.014,0.479268
129.337,178.481,138.035,209.311,198.313,220.347,204.133,241.277,0.480868
129.337,178.481,138.035,209.311,198.313,220.347,203.912,241.277,0.480868
129.337,178.481,137.995,209.482,198.313,220.347,203.912,241.277,0.480868
129.337,178.481,137.995,209.482,198.313,220.347,203.912,241.277,0.480868
129.337,178.481,137.995,209.482,198.313,220.347,203.872,240.613,0.485667
129.337,178.481,137.995,209.482,198.313,220.347,203.872,240.613,0.485667
129.337,178.481,137.995,209.482,198.313,220.347,203.872,240.613,0.487267
129.337,178.481,137.955,209.674,198.313,220.347,203.872,240.613,0.487267
129.337,178.481,137.955,209.674,198.313,220.347,203.872,239.967,0.487267
129.337,178.481,137.955,209.674,198.313,220.347,203.818,239.967,0.487267
129.337,178.481,137.957,209.952,198.313,220.347,203.818,239.967,0.488867
129.337,178.481,137.957,209.952,198.313,220.347,203.818,239.967,0.488867
129.337,178.481,137.957,209.952,198.313,220.347,203.818,239.466,0.490467
129.337,178.481,137.957,209.952,198.313,220.347,203.854,239.466,0.490467
129.337,178.481,137.979,210.258,198.313,220.347,203.854,239.466,0.493667
129.337,178.481,137.979,210.258,198.313,220.347,203.854,239.466,0.493667
129.337,178.481,137.979,210.258,198.313,220.347,203.854,239.466,0.495267
129.337,178.481,137.979,210.258,198.313,220.347,204.046,239.115,0.495267
129.337,178.481,138.068,210.591,198.313,220.347,204.046,239.115,0.496867
129.337,178.481,138.068,210.591,198.313,220.347,204.046,239.115,0.496867
129.337,178.481,138.068,210.591,198.313,220.347,204.046,238.86,0.496867
129.337,178.481,138.068,210.591,198.313,220.347,204.231,238.86,0.496867
129.337,178.481,138.068,210.591,198.313,220.347,204.231,238.86,0.498467
129.337,178.481,138.185,210.897,198.313,220.347,204.231,238.86,0.498467
129.337,178.481,138.185,210.897,198.313,220.347,204.231,238.698,0.500067
129.337,178.481,138.185,210.897,198.313,220.347,204.448,238.698,0.500067
129.337,178.481,138.185,210.897,198.313,220.347,204.448,238.698,0.503268
129.337,178.481,138.241,211.114,198.313,220.347,204.448,238.698,0.503268
129.337,178.481,138.241,211.114,198.313,220.347,204.448,238.604,0.504868
129.337,178.481,138.241,211.114,198.313,220.347,204.654,238.604,0.504868
129.337,178.481,138.327,211.317,198.313,220.347,204.654,238.604,0.506468
129.337,178.481,138.327,211.317,198.313,220.347,204.654,238.604,0.506468
129.337,178.481,138.327,211.317,198.313,220.347,204.654,238.627,0.506468
129.337,178.481,138.327,211.317,198.313,220.347,204.934,238.627,0.506468
129.337,178.481,138.379,211.436,198.313,220.347,204.934,238.627,0.508068
129.337,178.481,138.379,211.436,198.313,220.347,204.934,238.627,0.508068
129.337,178.481,138.379,211.436,198.313,220.347,204.934,238.627,0.511268
129.337,178.481,138.379,211.436,198.313,220.347,205.219,238.841,0.511268
129.337,178.481,138.429,211.454,198.313,220.347,205.219,238.841,0.512868
129.337,178.481,138.429,211.454,198.313,220.347,205.219,238.841,0.512868
129.337,178.481,138.429,211.454,198.313,220.347,205.219,239.035,0.514468
129.337,178.481,138.429,211.454,198.313,220.347,205.514,239.035,0.514468
129.337,178.481,138.467,211.424,198.313,220.347,205.514,239.035,0.514468
129.337,178.481,138.467,211.424,198.313,220.347,205.514,239.035,0.514468
129.337,178.481,138.467,211.424,198.313,220.347,205.864,239.319,0.516068
129.337,178.481,138.467,211.424,198.313,220.347,205.864,239.319,0.516068
129.337,178.481,138.467,211.424,198.313,220.347,205.864,239.319,0.516068
129.337,178.481,138.512,211.332,198.313,220.347,205.864,239.319,0.516068
129.337,178.481,138.512,211.332,198.313,220.347,205.864,239.749,0.520868
129.337,178.481,138.512,211.332,198.313,220.347,206.164,239.749,0.520868
129.337,178.481,138.559,211.15,198.313,220.347,206.164,239.749,0.522468
129.337,178.481,138.559,211.15,198.313,220.347,206.164,239.749,0.522468
129.337,178.481,138.559,211.15,198.313,220.347,206.164,240.397,0.524068
129.337,178.481,138.559,211.15,198.313,220.347,206.501,240.397,0.524068
129.337,178.481,138.655,210.91,198.313,220.347,206.501,240.397,0.524068
129.337,178.481,138.655,210.91,198.313,220.347,206.501,240.397,0.524068
129.337,178.481,138.655,210.91,198.313,220.347,206.501,240.397,0.525668
129.337,178.481,138.655,210.91,198.313,220.347,206.887,240.852,0.525668
129.337,178.481,138.732,210.599,198.313,220.347,206.887,240.852,0.527268
129.337,178.481,138.732,210.599,198.313,220.347,206.887,240.852,0.527268
129.337,178.481,138.732,210.599,198.313,220.347,206.887,241.453,0.530468
129.337,178.481,138.732,210.599,198.313,220.347,207.285,241.453,0.530468
129.337,178.481,138.843,210.236,198.313,220.347,207.285,241.453,0.532068
129.337,178.481,138.843,210.236,198.313,220.347,207.285,241.453,0.532068
129.337,178.481,138.843,210.236,198.313,220.347,207.618,241.986,0.532068
129.337,178.481,138.843,210.236,198.313,220.347,207.618,241.986,0.532068
129.337,178.481,138.843,210.236,198.313,220.347,207.618,241.986,0.533668
129.337,178.481,138.994,209.787,198.313,220.347,207.618,241.986,0.533668
129.337,178.481,138.994,209.787,198.313,220.347,207.909,242.637,0.535268
129.337,178.481,138.994,209.787,198.313,220.347,207.909,242.637,0.535268
129.337,178.481,139.203,209.787,198.313,220.347,207.909,242.637,0.538468
129.337,178.481,139.203,209.272,198.313,220.347,207.909,242.637,0.538468
129.337,178.481,139.203,209.272,198.313,220.347,208.267,243.188,0.540068
129.337,178.481,139.203,209.272,198.313,220.347,208.267,243.188,0.540068
129.337,178.481,139.426,208.723,198.313,220.347,208.267,243.188,0.541668
129.337,178.481,139.426,208.723,198.313,220.347,208.267,243.188,0.541668
129.337,178.481,139.426,208.723,198.313,220.347,208.267,243.188,0.541668
129.337,178.481,139.426,208.723,198.313,220.347,208.521,243.802,0.541668
129.337,178.481,139.704,208.182,198.313,220.347,208.521,243.802,0.543268
129.337,178.481,139.704,208.182,198.313,220.347,208.521,243.802,0.543268
129.337,178.481,139.704,208.182,198.313,220.347,208.521,244.442,0.546468
129.337,178.481,139.704,208.182,198.313,220.347,208.687,244.442,0.546468
129.337,178.481,139.972,207.573,198.313,220.347,208.687,244.442,0.548068
129.337,178.481,139.972,207.573,198.313,220.347,208.687,244.442,0.548068
129.337,178.481,139.972,207.573,198.313,220.347,208.687,245.003,0.549668
129.337,178.481,139.972,207.573,198.313,220.347,208.779,245.003,0.549668
129.337,178.481,139.972,207.573,198.313,220.347,208.779,245.003,0.549668
129.337,178.481,140.269,207.02,198.313,220.347,208.779,245.003,0.549668
129.337,178.481,140.269,207.02,198.313,220.347,208.815,245.498,0.551268
129.337,178.481,140.269,207.02,198.313,220.347,208.815,245.498,0.551268
129.337,178.481,140.536,206.488,198.313,220.347,208.815,245.498,0.554468
129.337,178.481,140.536,206.488,198.313,220.347,208.815,245.498,0.554468
129.337,178.481,140.536,206.488,198.313,220.347,208.815,246.071,0.556068
129.337,178.481,140.536,206.488,198.313,220.347,208.825,246.071,0.556068
129.337,178.481,140.726,205.97,198.313,220.347,208.825,246.071,0.557668
129.337,178.481,140.726,205.97,198.313,220.347,208.825,246.071,0.557668
129.337,178.481,140.726,205.97,198.313,220.347,208.825,246.071,0.559268
129.337,178.481,140.726,205.97,198.313,220.347,208.73,246.618,0.559268
129.337,178.481,141.007,205.414,198.313,220.347,208.73,246.618,0.559268
129.337,178.481,141.007,205.414,198.313,220.347,208.73,246.618,0.559268
129.337,178.481,141.007,205.414,198.313,220.347,208.495,247.121,0.562468
129.337,178.481,141.007,205.414,198.313,220.347,208.495,247.121,0.562468
129.337,178.481,141.191,204.882,198.313,220.347,208.495,247.121,0.564068
129.337,178.481,141.191,204.882,198.313,220.347,208.495,247.121,0.564068
129.337,178.481,141.191,204.882,198.313,220.347,208.244,247.477,0.565669
129.337,178.481,141.191,204.882,198.313,220.347,208.244,247.477,0.565669
129.337,178.481,141.191,204.882,198.313,220.347,208.244,247.477,0.567269
129.337,178.481,141.33,204.375,198.313,220.347,208.244,247.477,0.567269
129.337,178.481,141.33,204.375,198.313,220.347,207.977,247.587,0.567269
129.337,178.481,141.33,204.375,198.313,220.347,207.977,247.587,0.567269
129.337,178.481,141.376,204.375,198.313,220.347,207.977,247.587,0.568869
129.337,178.481,141.376,203.847,198.313,220.347,207.977,247.587,0.568869
129.337,178.481,141.376,203.847,198.313,220.347,207.977,247.951,0.572069
129.337,178.481,141.376,203.847,198.313,220.347,207.664,247.951,0.572069
129.337,178.481,141.374,203.336,198.313,220.347,207.664,247.951,0.573669
129.337,178.481,141.374,203.336,198.313,220.347,207.664,247.951,0.573669
129.337,178.481,141.374,203.336,198.313,220.347,207.664,247.951,0.575269
129.337,178.481,141.374,203.336,198.313,220.347,207.334,248.166,0.575269
129.337,178.481,141.331,202.779,198.313,220.347,207.334,248.166,0.576869
129.337,178.481,141.331,202.779,198.313,220.347,207.334,248.166,0.576869
129.337,178.481,141.331,202.779,198.313,220.347,207.334,248.342,0.576869
129.337,178.481,141.331,202.779,198.313,220.347,207.017,248.342,0.576869
129.337,178.481,141.241,202.267,198.313,220.347,207.017,248.342,0.578469
129.337,178.481,141.241,202.267,198.313,220.347,207.017,248.342,0.578469
129.337,178.481,141.241,202.267,198.313,220.347,206.634,248.343,0.580069
129.337,178.481,141.241,202.267,198.313,220.347,206.634,248.343,0.580069
129.337,178.481,141.241,202.267,198.313,220.347,206.634,248.343,0.583269
129.337,178.481,141.241,202.267,198.313,220.347,206.634,248.343,0.583269
129.337,178.481,141.1,201.765,198.313,220.347,206.634,248.343,0.584869
129.337,178.481,141.1,201.765,198.313,220.347,206.331,248.318,0.584869
129.337,178.481,140.935,201.32,198.313,220.347,206.331,248.318,0.584869
129.337,178.481,140.935,201.32,198.313,220.347,206.331,248.318,0.584869
129.337,178.481,140.935,201.32,198.313,220.347,205.959,248.272,0.586469
129.337,178.481,140.935,201.32,198.313,220.347,205.959,248.272,0.586469
129.337,178.481,140.705,200.866,198.313,220.347,205.959,248.272,0.589669
129.337,178.481,140.705,200.866,198.313,220.347,205.959,248.272,0.589669
129.337,178.481,140.705,200.866,198.313,220.347,205.959,248.272,0.591269
129.337,178.481,140.705,200.866,198.313,220.347,205.71,248.095,0.591269
129.337,178.481,140.463,200.446,198.313,220.347,205.71,248.095,0.592869
129.337,178.481,140.463,200.446,198.313,220.347,205.71,248.095,0.592869
129.337,178.481,140.463,200.446,198.313,220.347,205.534,247.823,0.594469
129.337,178.481,140.463,200.446,198.313,220.347,205.534,247.823,0.594469
129.337,178.481,140.21,200.013,198.313,220.347,205.534,247.823,0.594469
129.337,178.481,140.21,200.013,198.313,220.347,205.534,247.823,0.594469
129.337,178.481,140.21,200.013,198.313,220.347,205.303,247.534,0.596069
129.337,178.481,140.21,200.013,198.313,220.347,205.303,247.534,0.596069
129.337,178.481,140.21,200.013,198.313,220.347,205.303,247.534,0.599269
129.337,178.481,139.915,199.66,198.313,220.347,205.303,247.534,0.599269
129.337,178.481,139.915,199.66,198.313,220.347,205.113,247.185,0.600869
129.337,178.481,139.915,199.66,198.313,220.347,205.113,247.185,0.600869
129.337,178.481,139.697,199.288,198.313,220.347,205.113,247.185,0.602469
129.337,178.481,139.697,199.288,198.313,220.347,205.113,247.185,0.602469
129.337,178.481,139.697,199.288,198.313,220.347,205.021,246.794,0.602469
129.337,178.481,139.697,199.288,198.313,220.347,205.021,246.794,0.602469
129.337,178.481,139.339,198.993,198.313,220.347,205.021,246.794,0.604069
129.337,178.481,139.339,198.993,198.313,220.347,205.021,246.794,0.604069
129.337,178.481,139.339,198.993,198.313,220.347,205.021,246.794,0.604069
129.337,178.481,139.339,198.993,198.313,220.347,204.819,246.356,0.604069
129.337,178.481,139.339,198.993,198.313,220.347,204.819,246.356,0.608869
129.337,178.481,139.002,198.756,198.313,220.347,204.819,246.356,0.608869
129.337,178.481,139.002,198.756,198.313,220.347,204.604,245.892,0.610469
129.337,178.481,139.002,198.756,198.313,220.347,204.604,245.892,0.610469
129.337,178.481,138.643,198.488,198.313,220.347,204.604,245.892,0.612069
129.337,178.481,138.643,198.488,198.313,220.347,204.604,245.892,0.612069
129.337,178.481,138.643,198.488,198.313,220.347,204.386,245.393,0.612069
129.337,178.481,138.643,198.488,198.313,220.347,204.386,245.393,0.612069
129.337,178.481,138.643,198.488,198.313,220.347,204.386,245.393,0.613669
129.337,178.481,138.259,198.256,198.313,220.347,204.386,245.393,0.613669
129.337,178.481,138.259,198.256,198.313,220.347,204.132,244.891,0.616869
129.337,178.481,138.259,198.256,198.313,220.347,204.132,244.891,0.616869
129.337,178.481,137.863,198.256,198.313,220.347,204.132,244.891,0.618469
129.337,178.481,137.863,198.034,198.313,220.347,204.132,244.891,0.618469
129.337,178.481,137.863,198.034,198.313,220.347,203.895,244.413,0.620069
129.337,178.481,137.863,198.034,198.313,220.347,203.895,244.413,0.620069
129.337,178.481,137.453,197.778,198.313,220.347,203.895,244.413,0.620069
129.337,178.481,137.453,197.778,198.313,220.347,203.895,244.413,0.620069
129.337,178.481,137.453,197.778,198.313,220.347,203.895,244.413,0.621669
129.337,178.481,137.453,197.778,198.313,220.347,203.707,243.836,0.621669
129.337,178.481,137.088,197.504,198.313,220.347,203.707,243.836,0.623269
129.337,178.481,137.088,197.504,198.313,220.347,203.707,243.836,0.623269
129.337,178.481,137.088,197.504,198.313,220.347,203.707,243.409,0.626469
129.337,178.481,137.088,197.504,198.313,220.347,203.474,243.409,0.626469
129.337,178.481,136.704,197.183,198.313,220.347,203.474,243.409,0.628069
129.337,178.481,136.704,197.183,198.313,220.347,203.474,243.409,0.628069
129.337,178.481,136.704,197.183,198.313,220.347,203.238,242.941,0.629669
129.337,178.481,136.704,197.183,198.313,220.347,203.238,242.941,0.629669
129.337,178.481,136.704,197.183,198.313,220.347,203.238,242.941,0.629669
129.337,178.481,136.298,196.79,198.313,220.347,203.238,242.941,0.629669
129.337,178.481,136.298,196.79,198.313,220.347,203.128,242.475,0.631269
129.337,178.481,136.298,196.79,198.313,220.347,203.128,242.475,0.631269
129.337,178.481,135.927,196.352,198.313,220.347,203.128,242.475,0.63447
129.337,178.481,135.927,196.352,198.313,220.347,203.128,242.475,0.63447
129.337,178.481,135.927,196.352,198.313,220.347,202.975,242.005,0.63607
129.337,178.481,135.927,196.352,198.313,220.347,202.975,242.005,0.63607
129.337,178.481,135.59,195.778,198.313,220.347,202.975,242.005,0.63767
129.337,178.481,135.59,195.778,198.313,220.347,202.975,242.005,0.63767
129.337,178.481,135.59,195.778,198.313,220.347,202.975,242.005,0.63767
129.337,178.481,135.59,195.778,198.313,220.347,202.696,241.607,0.63767
129.337,178.481,135.286,195.172,198.313,220.347,202.696,241.607,0.63927
129.337,178.481,135.286,195.172,198.313,220.347,202.696,241.607,0.63927
129.337,178.481,135.286,195.172,198.313,220.347,202.358,241.189,0.64087
129.337,178.481,135.286,195.172,198.313,220.347,202.358,241.189,0.64087
129.337,178.481,135.045,194.511,198.313,220.347,202.358,241.189,0.64407
129.337,178.481,135.045,194.511,198.313,220.347,202.358,241.189,0.64407
129.337,178.481,135.045,194.511,198.313,220.347,202.068,240.781,0.64567
129.337,178.481,135.045,194.511,198.313,220.347,202.068,240.781,0.64567
129.337,178.481,135.045,194.511,198.313,220.347,202.068,240.781,0.64727
129.337,178.481,134.829,193.736,198.313,220.347,202.068,240.781,0.64727
129.337,178.481,134.829,193.736,198.313,220.347,201.756,240.342,0.64727
129.337,178.481,134.829,193.736,198.313,220.347,201.756,240.342,0.64727
129.337,178.481,134.688,192.972,198.313,220.347,201.756,240.342,0.64887
129.337,178.481,134.688,192.972,198.313,220.347,201.756,240.342,0.64887
129.337,178.481,134.688,192.972,198.313,220.347,201.46,239.907,0.65047
129.337,178.481,134.688,192.972,198.313,220.347,201.46,239.907,0.65047
129.337,178.481,134.59,192.147,198.313,220.347,201.46,239.907,0.65367
129.337,178.481,134.59,192.147,198.313,220.347,201.46,239.907,0.65367
129.337,178.481,134.59,192.147,198.313,220.347,201.46,239.907,0.65527
129.337,178.481,134.59,192.147,198.313,220.347,201.09,239.474,0.65527
129.337,178.481,134.531,191.359,198.313,220.347,201.09,239.474,0.65527
129.337,178.481,134.531,191.359,198.313,220.347,201.09,239.474,0.65527
129.337,178.481,134.531,191.359,198.313,220.347,200.727,239.059,0.65687
129.337,178.481,134.531,191.359,198.313,220.347,200.727,239.059,0.65687
129.337,178.481,134.491,190.535,198.313,220.347,200.727,239.059,0.65847
129.337,178.481,134.491,190.535,198.313,220.347,200.727,239.059,0.65847
129.337,178.481,134.491,190.535,198.313,220.347,200.381,238.636,0.66167
129.337,178.481,134.491,190.535,198.313,220.347,200.381,238.636,0.66167
129.337,178.481,134.491,190.535,198.313,220.347,200.381,238.636,0.66327
129.337,178.481,134.46,189.742,198.313,220.347,200.381,238.636,0.66327
129.337,178.481,134.46,189.742,198.313,220.347,200.018,238.187,0.66487
129.337,178.481,134.46,189.742,198.313,220.347,200.018,238.187,0.66487
129.337,178.481,134.482,189.044,198.313,220.347,200.018,238.187,0.66487
129.337,178.481,134.482,189.044,198.313,220.347,200.018,238.187,0.66487
129.337,178.481,134.482,189.044,198.313,220.347,199.673,237.779,0.66647
129.337,178.481,134.482,189.044,198.313,220.347,199.673,237.779,0.66647
129.337,178.481,134.51,188.394,198.313,220.347,199.673,237.779,0.66807
129.337,178.481,134.51,188.394,198.313,220.347,199.673,237.779,0.66807
129.337,178.481,134.51,188.394,198.313,220.347,199.673,237.779,0.67127
129.337,178.481,134.51,188.394,198.313,220.347,199.297,237.403,0.67127
129.337,178.481,134.543,187.819,198.313,220.347,199.297,237.403,0.67287
129.337,178.481,134.543,187.819,198.313,220.347,199.297,237.403,0.67287
129.337,178.481,134.543,187.819,198.313,220.347,198.944,236.981,0.67287
129.337,178.481,134.543,187.819,198.313,220.347,198.944,236.981,0.67287
129.337,178.481,134.564,187.311,198.313,220.347,198.944,236.981,0.67447
129.337,178.481,134.564,187.311,198.313,220.347,198.944,236.981,0.67447
129.337,178.481,134.564,187.311,198.313,220.347,198.549,236.647,0.67607
129.337,178.481,134.564,187.311,198.313,220.347,198.549,236.647,0.67607
129.337,178.481,134.564,187.311,198.313,220.347,198.549,236.647,0.67927
129.337,178.481,134.567,186.867,198.313,220.347,198.549,236.647,0.67927
129.337,178.481,134.567,186.867,198.313,220.347,198.223,236.274,0.680866
129.337,178.481,134.567,186.867,198.313,220.347,198.223,236.274,0.680866
129.337,178.481,134.6,186.493,198.313,220.347,198.223,236.274,0.682458
129.337,178.481,134.6,186.493,198.313,220.347,198.223,236.274,0.682458
129.337,178.481,134.6,186.493,198.313,220.347,197.912,235.886,0.682458
129.337,178.481,134.6,186.493,198.313,220.347,197.912,235.886,0.682458
129.337,178.481,134.594,186.118,198.313,220.347,197.912,235.886,0.684046
129.337,178.481,134.594,186.118,198.313,220.347,197.912,235.886,0.684046
129.337,178.481,134.594,186.118,198.313,220.347,197.912,235.886,0.68563
129.337,178.481,134.594,186.118,198.313,220.347,197.585,235.53,0.68563
129.337,178.481,134.549,185.819,198.313,220.347,197.585,235.53,0.688786
129.337,178.481,134.549,185.819,198.313,220.347,197.585,235.53,0.688786
129.337,178.481,134.549,185.819,198.313,220.347,197.311,235.187,0.690358
129.337,178.481,134.549,185.819,198.313,220.347,197.311,235.187,0.690358
129.337,178.481,134.52,185.612,198.313,220.347,197.311,235.187,0.690358
129.337,178.481,134.52,185.612,198.313,220.347,197.311,235.187,0.690358
129.337,178.481,134.52,185.612,198.313,220.347,197.061,234.884,0.691926
129.337,178.481,134.52,185.612,198.313,220.347,197.061,234.884,0.691926
129.337,178.481,134.52,185.612,198.313,220.347,197.061,234.884,0.691926
129.337,178.481,134.425,185.342,198.313,220.347,197.061,234.884,0.691926
129.337,178.481,134.425,185.342,198.313,220.347,196.862,234.502,0.696602
129.337,178.481,134.425,185.342,198.313,220.347,196.862,234.502,0.696602
129.337,178.481,134.316,185.113,198.313,220.347,196.862,234.502,0.698154
129.337,178.481,134.316,185.113,198.313,220.347,196.862,234.502,0.698154
129.337,178.481,134.316,185.113,198.313,220.347,196.53,234.171,0.698154
129.337,178.481,134.316,185.113,198.313,220.347,196.53,234.171,0.698154
129.337,178.481,134.251,184.922,198.313,220.347,196.53,234.171,0.699702
129.337,178.481,134.251,184.922,198.313,220.347,196.53,234.171,0.699702
129.337,178.481,134.251,184.922,198.313,220.347,196.53,234.171,0.701246
129.337,178.481,134.251,184.922,198.313,220.347,196.307,233.856,0.701246
129.337,178.481,134.149,184.72,198.313,220.347,196.307,233.856,0.704322
129.337,178.481,134.149,184.72,198.313,220.347,196.307,233.856,0.704322
129.337,178.481,134.149,184.72,198.313,220.347,196.186,233.504,0.705854
129.337,178.481,134.149,184.72,198.313,220.347,196.186,233.504,0.705854
129.337,178.481,134.044,184.495,198.313,220.347,196.186,233.504,0.707382
129.337,178.481,134.044,184.495,198.313,220.347,196.186,233.504,0.707382
129.337,178.481,134.044,184.495,198.313,220.347,196.186,233.504,0.707382
129.337,178.481,134.044,184.495,198.313,220.347,195.994,233.195,0.707382
129.337,178.481,133.98,184.232,198.313,220.347,195.994,233.195,0.708906
129.337,178.481,133.98,184.232,198.313,220.347,195.994,233.195,0.708906
129.337,178.481,133.98,184.232,198.313,220.347,195.8,232.872,0.708906
129.337,178.481,133.98,184.232,198.313,220.347,195.8,232.872,0.708906
129.337,178.481,133.924,184.072,198.313,220.347,195.8,232.872,0.71345
129.337,178.481,133.924,184.072,198.313,220.347,195.8,232.872,0.71345
129.337,178.481,133.924,184.072,198.313,220.347,195.525,232.572,0.714958
129.337,178.481,133.924,184.072,198.313,220.347,195.525,232.572,0.714958
129.337,178.481,133.85,183.848,198.313,220.347,195.525,232.572,0.716462
129.337,178.481,133.85,183.848,198.313,220.347,195.525,232.572,0.716462
129.337,178.481,133.85,183.848,198.313,220.347,195.525,232.572,0.716462
129.337,178.481,133.85,183.848,198.313,220.347,195.252,232.254,0.716462
129.337,178.481,133.787,183.584,198.313,220.347,195.252,232.254,0.719458
129.337,178.481,133.787,183.584,198.313,220.347,195.252,232.254,0.719458
129.337,178.481,133.787,183.584,198.313,220.347,194.976,231.854,0.719458
129.337,178.481,133.787,183.584,198.313,220.347,194.976,231.854,0.719458
129.337,178.481,133.738,183.302,198.313,220.347,194.976,231.854,0.722438
129.337,178.481,133.738,183.302,198.313,220.347,194.976,231.854,0.722438
129.337,178.481,133.738,183.302,198.313,220.347,194.692,231.525,0.723922
129.337,178.481,133.738,183.302,198.313,220.347,194.692,231.525,0.723922
129.337,178.481,133.738,183.302,198.313,220.347,194.692,231.525,0.723922
129.337,178.481,133.745,183.066,198.313,220.347,194.692,231.525,0.723922
129.337,178.481,133.745,183.066,198.313,220.347,194.369,231.246,0.725402
129.337,178.481,133.745,183.066,198.313,220.347,194.369,231.246,0.725402
129.337,178.481,133.814,182.857,198.313,220.347,194.369,231.246,0.728346
129.337,178.481,133.814,182.857,198.313,220.347,194.369,231.246,0.728346
129.337,178.481,133.814,182.857,198.313,220.347,194.14,230.845,0.729814
129.337,178.481,133.814,182.857,198.313,220.347,194.14,230.845,0.729814
129.337,178.481,133.907,182.612,198.313,220.347,194.14,230.845,0.731278
129.337,178.481,133.907,182.612,198.313,220.347,194.14,230.845,0.731278
129.337,178.481,133.907,182.612,198.313,220.347,194.14,230.845,0.731278
129.337,178.481,133.907,182.612,198.313,220.347,193.827,230.501,0.731278
129.337,178.481,133.966,182.452,198.313,220.347,193.827,230.501,0.732738
129.337,178.481,133.966,182.452,198.313,220.347,193.827,230.501,0.732738
129.337,178.481,133.966,182.452,198.313,220.347,193.582,230.188,0.734194
129.337,178.481,133.966,182.452,198.313,220.347,193.582,230.188,0.734194
129.337,178.481,134.166,182.183,198.313,220.347,193.582,230.188,0.737094
129.337,178.481,134.166,182.183,198.313,220.347,193.582,230.188,0.737094
129.337,178.481,134.166,182.183,198.313,220.347,193.37,229.897,0.738538
129.337,178.481,134.166,182.183,198.313,220.347,193.37,229.897,0.738538
129.337,178.481,134.166,182.183,198.313,220.347,193.37,229.897,0.739978
129.337,178.481,134.282,181.964,198.313,220.347,193.37,229.897,0.739978
129.337,178.481,134.282,181.964,198.313,220.347,193.086,229.608,0.739978
129.337,178.481,134.282,181.964,198.313,220.347,193.086,229.608,0.739978
129.337,178.481,134.438,181.792,198.313,220.347,193.086,229.608,0.741414
129.337,178.481,134.438,181.792,198.313,220.347,193.086,229.608,0.741414
129.337,178.481,134.438,181.792,198.313,220.347,192.86,229.403,0.74427
129.337,178.481,134.438,181.792,198.313,220.347,192.86,229.403,0.74427
129.337,178.481,134.585,181.644,198.313,220.347,192.86,229.403,0.745694
129.337,178.481,134.585,181.644,198.313,220.347,192.86,229.403,0.745694
129.337,178.481,134.585,181.644,198.313,220.347,192.86,229.403,0.747114
129.337,178.481,134.585,181.644,198.313,220.347,192.688,229.111,0.747114
129.337,178.481,134.73,181.487,198.313,220.347,192.688,229.111,0.747114
129.337,178.481,134.73,181.487,198.313,220.347,192.688,229.111,0.747114
129.337,178.481,134.73,181.487,198.313,220.347,192.494,228.782,0.74853
129.337,178.481,134.73,181.487,198.313,220.347,192.494,228.782,0.74853
129.337,178.481,134.884,181.367,198.313,220.347,192.494,228.782,0.749942
129.337,178.481,134.884,181.367,198.313,220.347,192.494,228.782,0.749942
129.337,178.481,134.884,181.367,198.313,220.347,192.299,228.482,0.752754
129.337,178.481,134.884,181.367,198.313,220.347,192.299,228.482,0.752754
129.337,178.481,134.884,181.367,198.313,220.347,192.299,228.482,0.754154
129.337,178.481,135.031,181.28,198.313,220.347,192.299,228.482,0.754154
129.337,178.481,135.031,181.28,198.313,220.347,192.246,228.165,0.75555
129.337,178.481,135.031,181.28,198.313,220.347,192.246,228.165,0.75555
129.337,178.481,135.146,181.214,198.313,220.347,192.246,228.165,0.75555
129.337,178.481,135.146,181.214,198.313,220.347,192.246,228.165,0.75555
129.337,178.481,135.146,181.214,198.313,220.347,192.262,227.865,0.756942
129.337,178.481,135.146,181.214,198.313,220.347,192.262,227.865,0.756942
129.337,178.481,135.253,181.17,198.313,220.347,192.262,227.865,0.75971
129.337,178.481,135.253,181.17,198.313,220.347,192.262,227.865,0.75971
129.337,178.481,135.253,181.17,198.313,220.347,192.262,227.865,0.76109
129.337,178.481,135.253,181.17,198.313,220.347,192.275,227.587,0.76109
129.337,178.481,135.363,181.193,198.313,220.347,192.275,227.587,0.762466
129.337,178.481,135.363,181.193,198.313,220.347,192.275,227.587,0.762466
129.337,178.481,135.363,181.193,198.313,220.347,192.275,227.587,0.763838
129.337,178.481,135.363,181.193,198.313,220.347,192.3,227.313,0.763838
129.337,178.481,135.444,181.289,198.313,220.347,192.3,227.313,0.763838
129.337,178.481,135.444,181.289,198.313,220.347,192.3,227.313,0.763838
129.337,178.481,135.444,181.289,198.313,220.347,192.359,227,0.765206
129.337,178.481,135.444,181.289,198.313,220.347,192.359,227,0.765206
129.337,178.481,135.444,181.289,198.313,220.347,192.359,227,0.76793
129.337,178.481,135.54,181.405,198.313,220.347,192.359,227,0.76793
129.337,178.481,135.54,181.405,198.313,220.347,192.474,226.697,0.769286
129.337,178.481,135.54,181.405,198.313,220.347,192.474,226.697,0.769286
129.337,178.481,135.582,181.511,198.313,220.347,192.474,226.697,0.770638
129.337,178.481,135.582,181.511,198.313,220.347,192.474,226.697,0.770638
129.337,178.481,135.582,181.511,198.313,220.347,192.586,226.394,0.770638
129.337,178.481,135.582,181.511,198.313,220.347,192.586,226.394,0.770638
129.337,178.481,135.623,181.658,198.313,220.347,192.586,226.394,0.771986
129.337,178.481,135.623,181.658,198.313,220.347,192.586,226.394,0.771986
129.337,178.481,135.623,181.658,198.313,220.347,192.586,226.394,0.77333
129.337,178.481,135.623,181.658,198.313,220.347,192.738,226.118,0.77333
129.337,178.481,135.61,181.848,198.313,220.347,192.738,226.118,0.776006
129.337,178.481,135.61,181.848,198.313,220.347,192.738,226.118,0.776006
129.337,178.481,135.61,181.848,198.313,220.347,192.909,225.832,0.777338
129.337,178.481,135.61,181.848,198.313,220.347,192.909,225.832,0.777338
129.337,178.481,135.627,182.006,198.313,220.347,192.909,225.832,0.778666
129.337,178.481,135.627,182.006,198.313,220.347,192.909,225.626,0.778666
129.337,178.481,135.627,182.006,198.313,220.347,193.141,225.626,0.778666
129.337,178.481,135.627,182.006,198.313,220.347,193.141,225.626,0.778666
129.337,178.481,135.627,182.006,198.313,220.347,193.141,225.626,0.77999
129.337,178.481,135.622,182.131,198.313,220.347,193.141,225.626,0.77999
129.337,178.481,135.622,182.131,198.313,220.347,193.345,225.439,0.782626
129.337,178.481,135.622,182.131,198.313,220.347,193.345,225.439,0.782626
129.337,178.481,135.65,182.262,198.313,220.347,193.345,225.439,0.783938
129.337,178.481,135.65,182.262,198.313,220.347,193.345,225.439,0.783938
129.337,178.481,135.65,182.262,198.313,220.347,193.59,225.25,0.785246
129.337,178.481,135.65,182.262,198.313,220.347,193.59,225.25,0.785246
129.337,178.481,135.647,182.339,198.313,220.347,193.59,225.25,0.785246
129.337,178.481,135.647,182.339,198.313,220.347,193.59,225.25,0.785246
129.337,178.481,135.647,182.339,198.313,220.347,193.59,225.25,0.78655
129.337,178.481,135.647,182.339,198.313,220.347,193.876,225.065,0.78655
129.337,178.481,135.647,182.353,198.313,220.347,193.876,225.065,0.78785
129.337,178.481,135.647,182.353,198.313,220.347,193.876,225.065,0.78785
129.337,178.481,135.647,182.353,198.313,220.347,194.172,224.872,0.790438
129.337,178.481,135.647,182.353,198.313,220.347,194.172,224.872,0.790438
129.337,178.481,135.696,182.401,198.313,220.347,194.172,224.872,0.791726
129.337,178.481,135.696,182.401,198.313,220.347,194.172,224.872,0.791726
129.337,178.481,135.696,182.401,198.313,220.347,194.458,224.82,0.79301
129.337,178.481,135.696,182.401,198.313,220.347,194.458,224.82,0.79301
129.337,178.481,135.696,182.401,198.313,220.347,194.458,224.82,0.79301
129.337,178.481,135.741,182.372,198.313,220.347,194.458,224.82,0.79301
129.337,178.481,135.741,182.372,198.313,220.347,194.623,224.716,0.79429
129.337,178.481,135.741,182.372,198.313,220.347,194.623,224.716,0.79429
129.337,178.481,135.803,182.287,198.313,220.347,194.623,224.716,0.796838
129.337,178.481,135.803,182.287,198.313,220.347,194.623,224.716,0.796838
129.337,178.481,135.803,182.287,198.313,220.347,194.909,224.581,0.798106
129.337,178.481,135.803,182.287,198.313,220.347,194.909,224.581,0.798106
129.337,178.481,135.877,182.143,198.313,220.347,194.909,224.581,0.79937
129.337,178.481,135.877,182.143,198.313,220.347,194.909,224.581,0.79937
129.337,178.481,135.877,182.143,198.313,220.347,194.909,224.581,0.79937
129.337,178.481,135.877,182.143,198.313,220.347,195.15,224.399,0.79937
129.337,178.481,136.017,182.012,198.313,220.347,195.15,224.399,0.80063
129.337,178.481,136.017,182.012,198.313,220.347,195.15,224.399,0.80063
129.337,178.481,136.017,182.012,198.313,220.347,195.387,224.357,0.801886
129.337,178.481,136.017,182.012,198.313,220.347,195.387,224.357,0.801886
129.337,178.481,136.182,181.787,198.313,220.347,195.387,224.357,0.804386
129.337,178.481,136.182,181.787,198.313,220.347,195.387,224.357,0.804386
129.337,178.481,136.182,181.787,198.313,220.347,195.59,224.322,0.80563
129.337,178.481,136.182,181.787,198.313,220.347,195.59,224.322,0.80563
129.337,178.481,136.182,181.787,198.313,220.347,195.59,224.322,0.80563
129.337,178.481,136.315,181.536,198.313,220.347,195.59,224.322,0.80563
129.337,178.481,136.315,181.536,198.313,220.347,195.685,224.394,0.80687
129.337,178.481,136.315,181.536,198.313,220.347,195.685,224.394,0.80687
129.337,178.481,136.499,181.336,198.313,220.347,195.685,224.394,0.808106
129.337,178.481,136.499,181.336,198.313,220.347,195.685,224.394,0.808106
129.337,178.481,136.499,181.336,198.313,220.347,195.756,224.368,0.810566
129.337,178.481,136.499,181.336,198.313,220.347,195.756,224.368,0.810566
129.337,178.481,136.692,181.188,198.313,220.347,195.756,224.368,0.81179
129.337,178.481,136.692,181.188,198.313,220.347,195.756,224.368,0.81179
129.337,178.481,136.692,181.188,198.313,220.347,195.756,224.368,0.81301
129.337,178.481,136.692,181.188,198.313,220.347,195.844,224.396,0.81301
129.337,178.481,136.903,181.055,198.313,220.347,195.844,224.396,0.81301
129.337,178.481,136.903,181.055,198.313,220.347,195.844,224.396,0.81301
129.337,178.481,136.903,181.055,198.313,220.347,195.901,224.257,0.814226
129.337,178.481,136.903,181.055,198.313,220.347,195.901,224.257,0.814226
129.337,178.481,137.194,180.938,198.313,220.347,195.901,224.257,0.816646
129.337,178.481,137.194,180.938,198.313,220.347,195.901,224.257,0.816646
129.337,178.481,137.194,180.938,198.313,220.347,195.94,224.285,0.81785
129.337,178.481,137.194,180.938,198.313,220.347,195.94,224.285,0.81785
129.337,178.481,137.194,180.938,198.313,220.347,195.94,224.285,0.81905
129.337,178.481,137.322,180.805,198.313,220.347,195.94,224.285,0.81905
129.337,178.481,137.322,180.805,198.313,220.347,195.959,224.349,0.81905
129.337,178.481,137.322,180.805,198.313,220.347,195.959,224.349,0.81905
129.337,178.481,137.467,180.816,198.313,220.347,195.959,224.349,0.820246
129.337,178.481,137.467,180.816,198.313,220.347,195.959,224.349,0.820246
129.337,178.481,137.467,180.816,198.313,220.347,196.065,224.271,0.821438
129.337,178.481,137.467,180.816,198.313,220.347,196.065,224.271,0.821438
129.337,178.481,137.581,180.871,198.313,220.347,196.065,224.271,0.82381
129.337,178.481,137.581,180.871,198.313,220.347,196.065,224.271,0.82381
129.337,178.481,137.581,180.871,198.313,220.347,196.065,224.271,0.82499
129.337,178.481,137.581,180.871,198.313,220.347,196.098,224.303,0.82499
129.337,178.481,137.687,180.893,198.313,220.347,196.098,224.303,0.826166
129.337,178.481,137.687,180.893,198.313,220.347,196.098,224.303,0.826166
129.337,178.481,137.687,180.893,198.313,220.347,196.049,224.317,0.826166
129.337,178.481,137.687,180.893,198.313,220.347,196.049,224.317,0.826166
129.337,178.481,137.711,180.995,198.313,220.347,196.049,224.317,0.827338
129.337,178.481,137.711,180.995,198.313,220.347,196.049,224.317,0.827338
129.337,178.481,137.711,180.995,198.313,220.347,196.115,224.356,0.82967
129.337,178.481,137.711,180.995,198.313,220.347,196.115,224.356,0.82967
129.337,178.481,137.711,180.995,198.313,220.347,196.115,224.356,0.830831
129.337,178.481,137.736,181.139,198.313,220.347,196.115,224.356,0.830831
129.337,178.481,137.736,181.139,198.313,220.347,196.196,224.355,0.831987
129.337,178.481,137.736,181.139,198.313,220.347,196.196,224.355,0.831987
129.337,178.481,137.755,181.345,198.313,220.347,196.196,224.355,0.831987
129.337,178.481,137.755,181.345,198.313,220.347,196.196,224.355,0.831987
129.337,178.481,137.755,181.345,198.313,220.347,196.26,224.465,0.833139
129.337,178.481,137.755,181.345,198.313,220.347,196.26,224.465,0.833139
129.337,178.481,137.779,181.526,198.313,220.347,196.26,224.465,0.834287
129.337,178.481,137.779,181.526,198.313,220.347,196.26,224.465,0.834287
129.337,178.481,137.779,181.526,198.313,220.347,196.26,224.465,0.836571
129.337,178.481,137.779,181.526,198.313,220.347,196.292,224.517,0.836571
129.337,178.481,137.76,181.709,198.313,220.347,196.292,224.517,0.837707
129.337,178.481,137.76,181.709,198.313,220.347,196.292,224.517,0.837707
129.337,178.481,137.76,181.709,198.313,220.347,196.43,224.664,0.838839
129.337,178.481,137.76,181.709,198.313,220.347,196.43,224.664,0.838839
129.337,178.481,137.772,181.885,198.313,220.347,196.43,224.664,0.838839
129.337,178.481,137.772,181.885,198.313,220.347,196.43,224.664,0.838839
129.337,178.481,137.772,181.885,198.313,220.347,196.542,224.708,0.839967
129.337,178.481,137.772,181.885,198.313,220.347,196.542,224.708,0.839967
129.337,178.481,137.772,181.885,198.313,220.347,196.542,224.708,0.842211
129.337,178.481,137.82,182.041,198.313,220.347,196.542,224.708,0.842211
129.337,178.481,137.82,182.041,198.313,220.347,196.542,224.708,0.843327
129.337,178.481,137.82,182.041,198.313,220.347,196.578,224.72,0.843327
129.337,178.481,137.88,182.155,198.313,220.347,196.578,224.72,0.844439
129.337,178.481,137.88,182.155,198.313,220.347,196.578,224.72,0.844439
129.337,178.481,137.88,182.155,198.313,220.347,196.599,224.693,0.845547
129.337,178.481,137.88,182.155,198.313,220.347,196.599,224.693,0.845547
129.337,178.481,137.96,182.208,198.313,220.347,196.599,224.693,0.845547
129.337,178.481,137.96,182.208,198.313,220.347,196.599,224.693,0.845547
129.337,178.481,137.96,182.208,198.313,220.347,196.599,224.693,0.846651
129.337,178.481,137.96,182.208,198.313,220.347,196.541,224.635,0.846651
129.337,178.481,138.082,182.234,198.313,220.347,196.541,224.635,0.847751
129.337,178.481,138.082,182.234,198.313,220.347,196.541,224.635,0.847751
129.337,178.481,138.082,182.234,198.313,220.347,196.568,224.645,0.849939
129.337,178.481,138.082,182.234,198.313,220.347,196.568,224.645,0.849939
129.337,178.481,138.212,182.271,198.313,220.347,196.568,224.645,0.851027
129.337,178.481,138.212,182.271,198.313,220.347,196.568,224.52,0.851027
129.337,178.481,138.212,182.271,198.313,220.347,196.565,224.52,0.851027
129.337,178.481,138.212,182.271,198.313,220.347,196.565,224.52,0.851027
129.337,178.481,138.212,182.271,198.313,220.347,196.565,224.52,0.852111
129.337,178.481,138.326,182.205,198.313,220.347,196.565,224.52,0.852111
129.337,178.481,138.326,182.205,198.313,220.347,196.543,224.407,0.853191
129.337,178.481,138.326,182.205,198.313,220.347,196.543,224.407,0.853191
129.337,178.481,138.423,182.116,198.313,220.347,196.543,224.407,0.855339
129.337,178.481,138.423,182.116,198.313,220.347,196.543,224.407,0.855339
129.337,178.481,138.423,182.116,198.313,220.347,196.533,224.27,0.856407
129.337,178.481,138.423,182.116,198.313,220.347,196.533,224.27,0.856407
129.337,178.481,138.522,182.021,198.313,220.347,196.533,224.27,0.857471
129.337,178.481,138.522,182.021,198.313,220.347,196.533,224.102,0.857471
129.337,178.481,138.522,182.021,198.313,220.347,196.533,224.102,0.857471
129.337,178.481,138.522,182.021,198.313,220.347,196.489,224.102,0.857471
129.337,178.481,138.626,181.887,198.313,220.347,196.489,224.102,0.858531
129.337,178.481,138.626,181.887,198.313,220.347,196.489,223.864,0.858531
129.337,178.481,138.626,181.887,198.313,220.347,196.469,223.864,0.859587
129.337,178.481,138.626,181.887,198.313,220.347,196.469,223.864,0.859587
129.337,178.481,138.703,181.739,198.313,220.347,196.469,223.864,0.861687
129.337,178.481,138.703,181.739,198.313,220.347,196.469,223.864,0.861687
129.337,178.481,138.703,181.739,198.313,220.347,196.398,223.627,0.862731
129.337,178.481,138.703,181.739,198.313,220.347,196.398,223.627,0.862731
129.337,178.481,138.703,181.739,198.313,220.347,196.398,223.627,0.862731
129.337,178.481,138.75,181.58,198.313,220.347,196.398,223.627,0.862731
129.337,178.481,138.75,181.58,198.313,220.347,196.171,223.297,0.863771
129.337,178.481,138.75,181.58,198.313,220.347,196.171,223.297,0.863771
129.337,178.481,138.772,181.399,198.313,220.347,196.171,223.297,0.865835
129.337,178.481,138.772,181.399,198.313,220.347,196.171,222.946,0.865835
129.337,178.481,138.772,181.399,198.313,220.347,196.161,222.946,0.86687
129.337,178.481,138.772,181.399,198.313,220.347,196.161,222.946,0.86687
129.337,178.481,138.812,181.225,198.313,220.347,196.161,222.946,0.867902
129.337,178.481,138.812,181.225,198.313,220.347,196.161,222.946,0.867902
129.337,178.481,138.812,181.225,198.313,220.347,196.161,222.946,0.86893
129.337,178.481,138.812,181.225,198.313,220.347,196.106,222.564,0.86893
129.337,178.481,138.909,181.129,198.313,220.347,196.106,222.564,0.86893
129.337,178.481,138.909,181.129,198.313,220.347,196.106,222.564,0.86893
129.337,178.481,138.909,181.129,198.313,220.347,196.051,222.146,0.869953
129.337,178.481,138.909,181.129,198.313,220.347,196.051,222.146,0.869953
129.337,178.481,138.955,181.005,198.313,220.347,196.051,222.146,0.870973
129.337,178.481,138.955,181.005,198.313,220.347,196.051,221.81,0.870973
129.337,178.481,138.955,181.005,198.313,220.347,196.057,221.81,0.873
129.337,178.481,138.955,181.005,198.313,220.347,196.057,221.81,0.873
129.337,178.481,138.955,181.005,198.313,220.347,196.057,221.81,0.874008
129.337,178.481,139.032,180.96,198.313,220.347,196.057,221.81,0.874008
129.337,178.481,139.032,180.96,198.313,220.347,196.078,221.464,0.874008
129.337,178.481,139.032,180.96,198.313,220.347,196.078,221.464,0.874008
129.337,178.481,139.107,180.909,198.313,220.347,196.078,221.464,0.875011
129.337,178.481,139.107,180.909,198.313,220.347,196.078,221.06,0.875011
129.337,178.481,139.107,180.909,198.313,220.347,196.125,221.06,0.876011
129.337,178.481,139.107,180.909,198.313,220.347,196.125,221.06,0.876011
129.337,178.481,139.174,180.894,198.313,220.347,196.125,221.06,0.877998
129.337,178.481,139.174,180.894,198.313,220.347,196.125,220.632,0.877998
129.337,178.481,139.174,180.894,198.313,220.347,196.125,220.632,0.878986
129.337,178.481,139.174,180.894,198.313,220.347,196.206,220.632,0.878986
129.337,178.481,139.247,180.926,198.313,220.347,196.206,220.632,0.87997
129.337,178.481,139.247,180.926,198.313,220.347,196.206,220.632,0.87997
129.337,178.481,139.247,180.926,198.313,220.347,196.272,220.247,0.87997
129.337,178.481,139.247,180.926,198.313,220.347,196.272,220.247,0.87997
129.337,178.481,139.322,180.992,198.313,220.347,196.272,220.247,0.880949
129.337,178.481,139.322,180.992,198.313,220.347,196.272,219.85,0.880949
129.337,178.481,139.322,180.992,198.313,220.347,196.385,219.85,0.881925
129.337,178.481,139.322,180.992,198.313,220.347,196.385,219.85,0.881925
129.337,178.481,139.322,180.992,198.313,220.347,196.385,219.85,0.883864
129.337,178.481,139.491,181.046,198.313,220.347,196.385,219.85,0.883864
129.337,178.481,139.491,181.046,198.313,220.347,196.533,219.458,0.884828
129.337,178.481,139.491,181.046,198.313,220.347,196.533,219.458,0.884828
129.337,178.481,139.555,181.22,198.313,220.347,196.533,219.458,0.884828
129.337,178.481,139.555,181.22,198.313,220.347,196.533,219.458,0.884828
129.337,178.481,139.555,181.22,198.313,220.347,196.666,219.092,0.885787
129.337,178.481,139.555,181.22,198.313,220.347,196.666,219.092,0.885787
129.337,178.481,139.585,181.323,198.313,220.347,196.666,219.092,0.886743
129.337,178.481,139.585,181.323,198.313,220.347,196.666,218.753,0.886743
129.337,178.481,139.585,181.323,198.313,220.347,196.666,218.753,0.888642
129.337,178.481,139.585,181.323,198.313,220.347,196.726,218.753,0.888642
129.337,178.481,139.59,181.414,198.313,220.347,196.726,218.753,0.889586
129.337,178.481,139.59,181.414,198.313,220.347,196.726,218.753,0.889586
129.337,178.481,139.59,181.414,198.313,220.347,196.811,218.389,0.890525
129.337,178.481,139.59,181.414,198.313,220.347,196.811,218.389,0.890525
129.337,178.481,139.558,181.511,198.313,220.347,196.811,218.389,0.890525
129.337,178.481,139.558,181.511,198.313,220.347,196.811,218.11,0.890525
129.337,178.481,139.558,181.511,198.313,220.347,196.893,218.11,0.891461
129.337,178.481,139.558,181.511,198.313,220.347,196.893,218.11,0.891461
129.337,178.481,139.558,181.511,198.313,220.347,196.893,218.11,0.892393
129.337,178.481,139.517,181.573,198.313,220.347,196.893,218.11,0.892393
129.337,178.481,139.517,181.573,198.313,220.347,197,217.886,0.894244
129.337,178.481,139.517,181.573,198.313,220.347,197,217.886,0.894244
129.337,178.481,139.509,181.586,198.313,220.347,197,217.886,0.895164
129.337,178.481,139.509,181.586,198.313,220.347,197,217.655,0.895164
129.337,178.481,139.509,181.586,198.313,220.347,197.018,217.655,0.895164
129.337,178.481,139.509,181.586,198.313,220.347,197.018,217.655,0.895164
129.337,178.481,139.324,181.653,198.313,220.347,197.018,217.655,0.896079
129.337,178.481,139.324,181.653,198.313,220.347,197.018,217.447,0.896079
129.337,178.481,139.324,181.653,198.313,220.347,197.018,217.447,0.896079
129.337,178.481,139.324,181.653,198.313,220.347,197.027,217.447,0.896079
129.337,178.481,139.374,181.63,198.313,220.347,197.027,217.447,0.898798
129.337,178.481,139.374,181.63,198.313,220.347,197.027,217.447,0.898798
129.337,178.481,139.374,181.63,198.313,220.347,196.983,217.25,0.899698
129.337,178.481,139.374,181.63,198.313,220.347,196.983,217.25,0.899698
129.337,178.481,139.398,181.548,198.313,220.347,196.983,217.25,0.900593
129.337,178.481,139.398,181.548,198.313,220.347,196.983,217.25,0.900593
129.337,178.481,139.398,181.548,198.313,220.347,196.983,217.04,0.900593
129.337,178.481,139.398,181.548,198.313,220.347,196.884,217.04,0.900593
129.337,178.481,139.398,181.548,198.313,220.347,196.884,217.04,0.901485
129.337,178.481,139.427,181.403,198.313,220.347,196.884,217.04,0.901485
129.337,178.481,139.427,181.403,198.313,220.347,196.858,216.871,0.903256
129.337,178.481,139.427,181.403,198.313,220.347,196.858,216.871,0.903256
129.337,178.481,139.43,181.206,198.313,220.347,196.858,216.871,0.904136
129.337,178.481,139.43,181.206,198.313,220.347,196.858,216.707,0.904136
129.337,178.481,139.43,181.206,198.313,220.347,196.835,216.707,0.905012
129.337,178.481,139.43,181.206,198.313,220.347,196.835,216.707,0.905012
129.337,178.481,139.561,180.965,198.313,220.347,196.835,216.707,0.905012
129.337,178.481,139.561,180.965,198.313,220.347,196.835,216.659,0.905012
129.337,178.481,139.561,180.965,198.313,220.347,196.835,216.659,0.905883
129.337,178.481,139.561,180.965,198.313,220.347,196.738,216.659,0.905883
129.337,178.481,139.55,180.781,198.313,220.347,196.738,216.659,0.905883
129.337,178.481,139.55,180.781,198.313,220.347,196.738,216.592,0.905883
129.337,178.481,139.55,180.781,198.313,220.347,196.645,216.592,0.90847
129.337,178.481,139.55,180.781,198.313,220.347,196.645,216.592,0.90847
129.337,178.481,139.508,180.53,198.313,220.347,196.645,216.592,0.909326
129.337,178.481,139.508,180.53,198.313,220.347,196.645,216.433,0.909326
129.337,178.481,139.508,180.53,198.313,220.347,196.566,216.433,0.910177
129.337,178.481,139.508,180.53,198.313,220.347,196.566,216.433,0.910177
129.337,178.481,139.508,180.53,198.313,220.347,196.566,216.433,0.910177
129.337,178.481,139.503,180.353,198.313,220.347,196.566,216.433,0.910177
129.337,178.481,139.503,180.353,198.313,220.347,196.537,216.418,0.911025
129.337,178.481,139.503,180.353,198.313,220.347,196.537,216.418,0.911025
129.337,178.481,139.331,180.237,198.313,220.347,196.537,216.418,0.912708
129.337,178.481,139.331,180.237,198.313,220.347,196.537,216.285,0.912708
129.337,178.481,139.331,180.237,198.313,220.347,196.453,216.285,0.913544
129.337,178.481,139.331,180.237,198.313,220.347,196.453,216.285,0.913544
129.337,178.481,139.279,180.095,198.313,220.347,196.453,216.285,0.914376
129.337,178.481,139.279,180.095,198.313,220.347,196.453,216.216,0.914376
129.337,178.481,139.279,180.095,198.313,220.347,196.453,216.216,0.914376
129.337,178.481,139.279,180.095,198.313,220.347,196.399,216.216,0.914376
129.337,178.481,139.224,179.998,198.313,220.347,196.399,216.216,0.915203
129.337,178.481,139.224,179.998,198.313,220.347,196.399,216.216,0.915203
129.337,178.481,139.224,179.998,198.313,220.347,196.367,216.144,0.915203
129.337,178.481,139.224,179.998,198.313,220.347,196.367,216.144,0.915203
129.337,178.481,139.19,179.889,198.313,220.347,196.367,216.144,0.917658
129.337,178.481,139.19,179.889,198.313,220.347,196.367,216.117,0.917658
129.337,178.481,139.19,179.889,198.313,220.347,196.353,216.117,0.91847
129.337,178.481,139.19,179.889,198.313,220.347,196.353,216.117,0.91847
129.337,178.481,139.19,179.889,198.313,220.347,196.353,216.117,0.919277
129.337,178.481,139.108,179.848,198.313,220.347,196.353,216.117,0.919277
129.337,178.481,139.108,179.848,198.313,220.347,196.358,216.141,0.919277
129.337,178.481,139.108,179.848,198.313,220.347,196.358,216.141,0.919277
129.337,178.481,139.127,179.776,198.313,220.347,196.358,216.141,0.920081
129.337,178.481,139.127,179.776,198.313,220.347,196.358,216.157,0.920081
129.337,178.481,139.127,179.776,198.313,220.347,196.439,216.157,0.921676
129.337,178.481,139.127,179.776,198.313,220.347,196.439,216.157,0.921676
129.337,178.481,139.014,179.798,198.313,220.347,196.439,216.157,0.922468
129.337,178.481,139.014,179.798,198.313,220.347,196.439,216.157,0.922468
129.337,178.481,139.014,179.798,198.313,220.347,196.439,216.157,0.923255
129.337,178.481,139.014,179.798,198.313,220.347,196.435,216.221,0.923255
129.337,178.481,138.94,179.842,198.313,220.347,196.435,216.221,0.923255
129.337,178.481,138.94,179.842,198.313,220.347,196.435,216.221,0.923255
129.337,178.481,138.94,179.842,198.313,220.347,196.484,216.312,0.924039
129.337,178.481,138.94,179.842,198.313,220.347,196.484,216.312,0.924039
129.337,178.481,138.887,179.898,198.313,220.347,196.484,216.312,0.92559
129.337,178.481,138.887,179.898,198.313,220.347,196.484,216.42,0.92559
129.337,178.481,138.887,179.898,198.313,220.347,196.469,216.42,0.926362
129.337,178.481,138.887,179.898,198.313,220.347,196.469,216.42,0.926362
129.337,178.481,138.887,179.898,198.313,220.347,196.469,216.42,0.92713
129.337,178.481,138.833,179.934,198.313,220.347,196.469,216.42,0.92713
129.337,178.481,138.833,179.934,198.313,220.347,196.389,216.484,0.927893
129.337,178.481,138.833,179.934,198.313,220.347,196.389,216.484,0.927893
129.337,178.481,138.834,179.925,198.313,220.347,196.389,216.484,0.927893
129.337,178.481,138.834,179.925,198.313,220.347,196.389,216.559,0.927893
129.337,178.481,138.834,179.925,198.313,220.347,196.183,216.559,0.928653
129.337,178.481,138.834,179.925,198.313,220.347,196.183,216.559,0.928653
129.337,178.481,138.868,179.874,198.313,220.347,196.183,216.559,0.93016
129.337,178.481,138.868,179.874,198.313,220.347,196.183,216.62,0.93016
129.337,178.481,138.868,179.874,198.313,220.347,196.183,216.62,0.930908
129.337,178.481,138.868,179.874,198.313,220.347,196.233,216.62,0.930908
129.337,178.481,138.911,179.766,198.313,220.347,196.233,216.62,0.931651
129.337,178.481,138.911,179.766,198.313,220.347,196.233,216.673,0.931651
129.337,178.481,138.911,179.766,198.313,220.347,196.196,216.673,0.931651
129.337,178.481,138.911,179.766,198.313,220.347,196.196,216.673,0.931651
129.337,178.481,138.978,179.592,198.313,220.347,196.196,216.673,0.932391
129.337,178.481,138.978,179.592,198.313,220.347,196.196,216.645,0.932391
129.337,178.481,138.978,179.592,198.313,220.347,196.113,216.645,0.933127
129.337,178.481,138.978,179.592,198.313,220.347,196.113,216.645,0.933127
129.337,178.481,138.978,179.592,198.313,220.347,196.113,216.645,0.934586
129.337,178.481,139.075,179.377,198.313,220.347,196.113,216.556,0.934586
129.337,178.481,139.075,179.377,198.313,220.347,196.017,216.556,0.93531
129.337,178.481,139.075,179.377,198.313,220.347,196.017,216.556,0.93531
129.337,178.481,139.179,179.104,198.313,220.347,196.017,216.556,0.936029
129.337,178.481,139.179,179.104,198.313,220.347,196.017,216.438,0.936029
129.337,178.481,139.179,179.104,198.313,220.347,195.848,216.438,0.936029
129.337,178.481,139.179,179.104,198.313,220.347,195.848,216.438,0.936029
129.337,178.481,139.286,178.829,198.313,220.347,195.848,216.438,0.936745
129.337,178.481,139.286,178.829,198.313,220.347,195.848,216.376,0.936745
129.337,178.481,139.286,178.829,198.313,220.347,195.848,216.376,0.938164
129.337,178.481,139.286,178.829,198.313,220.347,195.719,216.376,0.938164
129.337,178.481,139.404,178.575,198.313,220.347,195.719,216.376,0.938868
129.337,178.481,139.404,178.575,198.313,220.347,195.719,216.276,0.938868
129.337,178.481,139.404,178.575,198.313,220.347,195.541,216.276,0.939567
129.337,178.481,139.404,178.575,198.313,220.347,195.541,216.276,0.939567
129.337,178.481,139.444,178.265,198.313,220.347,195.541,216.276,0.939567
129.337,178.481,139.444,178.265,198.313,220.347,195.541,216.092,0.939567
129.337,178.481,139.444,178.265,198.313,220.347,195.337,216.092,0.940955
129.337,178.481,139.444,178.265,198.313,220.347,195.337,216.092,0.940955
129.337,178.481,139.444,178.265,198.313,220.347,195.337,216.092,0.940955
129.337,178.481,139.526,178.088,198.313,220.347,195.337,216.092,0.940955
129.337,178.481,139.526,178.088,198.313,220.347,195.209,215.915,0.942326
129.337,178.481,139.526,178.088,198.313,220.347,195.209,215.915,0.942326
129.337,178.481,139.522,177.939,198.313,220.347,195.209,215.915,0.943006
129.337,178.481,139.522,177.939,198.313,220.347,195.209,215.719,0.943006
129.337,178.481,139.522,177.939,198.313,220.347,195.047,215.719,0.943006
129.337,178.481,139.522,177.939,198.313,220.347,195.047,215.719,0.943006
129.337,178.481,139.508,177.85,198.313,220.347,195.047,215.719,0.943681
129.337,178.481,139.508,177.85,198.313,220.347,195.047,215.719,0.943681
129.337,178.481,139.508,177.85,198.313,220.347,195.047,215.719,0.944353
129.337,178.481,139.508,177.85,198.313,220.347,194.887,215.451,0.944353
129.337,178.481,139.461,177.818,198.313,220.347,194.887,215.451,0.945684
129.337,178.481,139.461,177.818,198.313,220.347,194.887,215.451,0.945684
129.337,178.481,139.461,177.818,198.313,220.347,194.792,215.089,0.946344
129.337,178.481,139.461,177.818,198.313,220.347,194.792,215.089,0.946344
129.337,178.481,139.351,177.804,198.313,220.347,194.792,215.089,0.946999
129.337,178.481,139.351,177.804,198.313,220.347,194.792,214.808,0.946999
129.337,178.481,139.351,177.804,198.313,220.347,194.747,214.808,0.946999
129.337,178.481,139.351,177.804,198.313,220.347,194.747,214.808,0.946999
129.337,178.481,139.351,177.804,198.313,220.347,194.747,214.808,0.947651
129.337,178.481,139.25,177.869,198.313,220.347,194.747,214.808,0.947651
129.337,178.481,139.25,177.869,198.313,220.347,194.698,214.565,0.948942
129.337,178.481,139.25,177.869,198.313,220.347,194.698,214.565,0.948942
129.337,178.481,139.115,177.981,198.313,220.347,194.698,214.565,0.949582
129.337,178.481,139.115,177.981,198.313,220.347,194.698,214.239,0.949582
129.337,178.481,139.115,177.981,198.313,220.347,194.701,214.239,0.950217
129.337,178.481,138.964,177.981,198.313,220.347,194.701,214.239,0.950217
129.337,178.481,138.964,178.096,198.313,220.347,194.701,214.239,0.950217
129.337,178.481,138.964,178.096,198.313,220.347,194.701,213.986,0.950217
129.337,178.481,138.964,178.096,198.313,220.347,194.701,213.986,0.950849
129.337,178.481,138.964,178.096,198.313,220.347,194.689,213.986,0.950849
129.337,178.481,138.838,178.2,198.313,220.347,194.689,213.986,0.951477
129.337,178.481,138.838,178.2,198.313,220.347,194.689,213.664,0.951477
129.337,178.481,138.838,178.2,198.313,220.347,194.749,213.664,0.95272
129.337,178.481,138.838,178.2,198.313,220.347,194.749,213.664,0.95272
129.337,178.481,138.753,178.339,198.313,220.347,194.749,213.664,0.953336
129.337,178.481,138.753,178.339,198.313,220.347,194.749,213.186,0.953336
129.337,178.481,138.753,178.339,198.313,220.347,194.835,213.186,0.953947
129.337,178.481,138.753,178.339,198.313,220.347,194.835,213.186,0.953947
129.337,178.481,138.753,178.339,198.313,220.347,194.835,213.186,0.953947
129.337,178.481,138.675,178.478,198.313,220.347,194.835,212.884,0.953947
129.337,178.481,138.675,178.478,198.313,220.347,194.878,212.884,0.954555
129.337,178.481,138.651,178.478,198.313,220.347,194.878,212.884,0.954555
129.337,178.481,138.651,178.568,198.313,220.347,194.878,212.884,0.955158
129.337,178.481,138.651,178.568,198.313,220.347,194.878,212.525,0.955158
129.337,178.481,138.651,178.568,198.313,220.347,194.896,212.525,0.956354
129.337,178.481,138.651,178.568,198.313,220.347,194.896,212.525,0.956354
129.337,178.481,138.705,178.533,198.313,220.347,194.896,212.525,0.956945
129.337,178.481,138.705,178.533,198.313,220.347,194.896,212.155,0.956945
129.337,178.481,138.705,178.533,198.313,220.347,194.896,212.155,0.956945
129.337,178.481,138.705,178.533,198.313,220.347,194.829,212.155,0.956945
129.337,178.481,138.769,178.526,198.313,220.347,194.829,212.155,0.957533
129.337,178.481,138.769,178.526,198.313,220.347,194.829,211.838,0.957533
129.337,178.481,138.769,178.526,198.313,220.347,194.799,211.838,0.958117
129.337,178.481,138.827,178.526,198.313,220.347,194.799,211.838,0.958117
129.337,178.481,138.827,178.453,198.313,220.347,194.799,211.838,0.958696
129.337,178.481,138.827,178.453,198.313,220.347,194.799,211.607,0.958696
129.337,178.481,138.827,178.453,198.313,220.347,194.706,211.607,0.959844
129.337,178.481,138.923,178.309,198.313,220.347,194.706,211.607,0.959844
129.337,178.481,138.923,178.309,198.313,220.347,194.706,211.607,0.960411
129.337,178.481,138.923,178.309,198.313,220.347,194.706,211.217,0.960411
129.337,178.481,138.923,178.309,198.313,220.347,194.62,211.217,0.960411
129.337,178.481,138.923,178.309,198.313,220.347,194.62,211.217,0.960411
129.337,178.481,139.028,178.144,198.313,220.347,194.62,211.217,0.960975
129.337,178.481,139.028,178.144,198.313,220.347,194.62,210.916,0.960975
129.337,178.481,139.028,178.144,198.313,220.347,194.423,210.916,0.961534
129.337,178.481,139.028,178.144,198.313,220.347,194.423,210.916,0.961534
129.337,178.481,139.157,177.996,198.313,220.347,194.423,210.916,0.962642
129.337,178.481,139.157,177.996,198.313,220.347,194.423,210.49,0.962642
129.337,178.481,139.157,177.996,198.313,220.347,194.423,210.49,0.963189
129.337,178.481,139.157,177.996,198.313,220.347,194.169,210.49,0.963189
129.337,178.481,139.282,177.832,198.313,220.347,194.169,210.49,0.963189
129.337,178.481,139.282,177.832,198.313,220.347,194.169,210.082,0.963189
129.337,178.481,139.282,177.832,198.313,220.347,193.958,210.082,0.963733
129.337,178.481,139.349,177.832,198.313,220.347,193.958,210.082,0.963733
129.337,178.481,139.349,177.708,198.313,220.347,193.958,210.082,0.964273
129.337,178.481,139.349,177.708,198.313,220.347,193.958,209.672,0.964273
129.337,178.481,139.349,177.708,198.313,220.347,193.745,209.672,0.96534
129.337,178.481,139.413,177.708,198.313,220.347,193.745,209.672,0.96534
129.337,178.481,139.413,177.708,198.313,220.347,193.745,209.672,0.965867
129.337,178.481,139.413,177.56,198.313,220.347,193.745,209.3,0.965867
129.337,178.481,139.413,177.56,198.313,220.347,193.489,209.3,0.966391
129.337,178.481,139.462,177.56,198.313,220.347,193.489,209.3,0.966391
129.337,178.481,139.462,177.51,198.313,220.347,193.489,209.3,0.966391
129.337,178.481,139.462,177.51,198.313,220.347,193.489,209.025,0.966391
129.337,178.481,139.462,177.51,198.313,220.347,193.336,209.025,0.966911
129.337,178.481,139.449,177.51,198.313,220.347,193.336,209.025,0.966911
129.337,178.481,139.449,177.474,198.313,220.347,193.336,209.025,0.967938
129.337,178.481,139.449,177.474,198.313,220.347,193.336,208.829,0.967938
129.337,178.481,139.449,177.474,198.313,220.347,193.336,208.829,0.968446
129.337,178.481,139.449,177.474,198.313,220.347,193.235,208.829,0.968446
129.337,178.481,139.392,177.469,198.313,220.347,193.235,208.829,0.968949
129.337,178.481,139.392,177.469,198.313,220.347,193.235,208.821,0.968949
129.337,178.481,139.392,177.469,198.313,220.347,193.248,208.821,0.969449
129.337,178.481,139.301,177.469,198.313,220.347,193.248,208.821,0.969449
129.337,178.481,139.301,177.501,198.313,220.347,193.248,208.821,0.969449
129.337,178.481,139.301,177.501,198.313,220.347,193.248,208.732,0.969449
129.337,178.481,139.301,177.501,198.313,220.347,193.248,208.732,0.969944
129.337,178.481,139.301,177.501,198.313,220.347,193.214,208.732,0.969944
129.337,178.481,139.301,177.501,198.313,220.347,193.214,208.732,0.970436
129.337,178.481,139.284,177.595,198.313,220.347,193.214,208.732,0.970436
129.337,178.481,139.284,177.595,198.313,220.347,193.117,208.75,0.971407
129.337,178.481,139.17,177.595,198.313,220.347,193.117,208.75,0.971407
129.337,178.481,139.17,177.711,198.313,220.347,193.117,208.75,0.971887
129.337,178.481,139.17,177.711,198.313,220.347,193.117,208.823,0.971887
129.337,178.481,139.17,177.711,198.313,220.347,193.199,208.823,0.971887
129.337,178.481,139.045,177.711,198.313,220.347,193.199,208.823,0.971887
129.337,178.481,139.045,177.814,198.313,220.347,193.199,208.823,0.972363
129.337,178.481,139.045,177.814,198.313,220.347,193.199,208.89,0.972363
129.337,178.481,139.045,177.814,198.313,220.347,193.199,208.89,0.972834
129.337,178.481,139.045,177.814,198.313,220.347,193.411,208.89,0.972834
129.337,178.481,138.963,177.921,198.313,220.347,193.411,208.89,0.973766
129.337,178.481,138.963,177.921,198.313,220.347,193.411,208.973,0.973766
129.337,178.481,138.963,177.921,198.313,220.347,193.645,208.973,0.974225
129.337,178.481,138.912,177.921,198.313,220.347,193.645,208.973,0.974225
129.337,178.481,138.912,178.046,198.313,220.347,193.645,208.973,0.974681
129.337,178.481,138.912,178.046,198.313,220.347,193.645,209.16,0.974681
129.337,178.481,138.912,178.046,198.313,220.347,193.894,209.16,0.974681
129.337,178.481,138.857,178.046,198.313,220.347,193.894,209.16,0.974681
129.337,178.481,138.857,178.046,198.313,220.347,193.894,209.16,0.975132
129.337,178.481,138.857,178.117,198.313,220.347,193.894,209.366,0.975132
129.337,178.481,138.857,178.117,198.313,220.347,194.14,209.366,0.976024
129.337,178.481,138.857,178.117,198.313,220.347,194.14,209.366,0.976024
129.337,178.481,138.849,178.18,198.313,220.347,194.14,209.366,0.976463
129.337,178.481,138.849,178.18,198.313,220.347,194.14,209.568,0.976463
129.337,178.481,138.849,178.18,198.313,220.347,194.407,209.568,0.976899
129.337,178.481,138.875,178.18,198.313,220.347,194.407,209.568,0.976899
129.337,178.481,138.875,178.193,198.313,220.347,194.407,209.568,0.976899
129.337,178.481,138.875,178.193,198.313,220.347,194.407,209.839,0.976899
129.337,178.481,138.875,178.193,198.313,220.347,194.407,209.839,0.977331
129.337,178.481,138.875,178.193,198.313,220.347,194.516,209.839,0.977331
129.337,178.481,138.907,178.141,198.313,220.347,194.516,209.839,0.977758
129.337,178.481,138.907,178.141,198.313,220.347,194.516,210.061,0.977758
129.337,178.481,138.907,178.141,198.313,220.347,194.698,210.061,0.978601
129.337,178.481,138.961,178.141,198.313,220.347,194.698,210.061,0.978601
129.337,178.481,138.961,178.025,198.313,220.347,194.698,210.061,0.979017
129.337,178.481,138.961,178.025,198.313,220.347,194.698,210.271,0.979017
129.337,178.481,138.961,178.025,198.313,220.347,194.731,210.271,0.979429
129.337,178.481,139.016,178.025,198.313,220.347,194.731,210.271,0.979429
129.337,178.481,139.016,178.025,198.313,220.347,194.731,210.271,0.979429
129.337,178.481,139.016,177.854,198.313,220.347,194.731,210.432,0.979429
129.337,178.481,139.016,177.854,198.313,220.347,194.761,210.432,0.979836
129.337,178.481,139.079,177.854,198.313,220.347,194.761,210.432,0.979836
129.337,178.481,139.079,177.624,198.313,220.347,194.761,210.432,0.98024
129.337,178.481,139.079,177.624,198.313,220.347,194.761,210.566,0.98024
129.337,178.481,139.079,177.624,198.313,220.347,194.784,210.566,0.981035
129.337,178.481,139.124,177.624,198.313,220.347,194.784,210.566,0.981035
129.337,178.481,139.124,177.398,198.313,220.347,194.784,210.566,0.981427
129.337,178.481,139.124,177.398,198.313,220.347,194.784,210.778,0.981427
129.337,178.481,139.124,177.398,198.313,220.347,194.784,210.778,0.981427
129.337,178.481,139.124,177.398,198.313,220.347,194.727,210.778,0.981427
129.337,178.481,139.124,177.398,198.313,220.347,194.727,210.778,0.981815
129.337,178.481,139.16,177.127,198.313,220.347,194.727,210.778,0.981815
129.337,178.481,139.16,177.127,198.313,220.347,194.626,210.902,0.982574
129.337,178.481,139.154,177.127,198.313,220.347,194.626,210.902,0.982574
129.337,178.481,139.154,176.82,198.313,220.347,194.626,210.902,0.982949
129.337,178.481,139.154,176.82,198.313,220.347,194.626,210.882,0.982949
129.337,178.481,139.154,176.82,198.313,220.347,194.564,210.882,0.983321
129.337,178.481,139.128,176.82,198.313,220.347,194.564,210.882,0.983321
129.337,178.481,139.128,176.82,198.313,220.347,194.564,210.882,0.983689
129.337,178.481,139.128,176.621,198.313,220.347,194.564,210.882,0.983689
129.337,178.481,139.128,176.621,198.313,220.347,194.536,210.855,0.983689
129.337,178.481,139.065,176.621,198.313,220.347,194.536,210.855,0.983689
129.337,178.481,139.065,176.431,198.313,220.347,194.536,210.855,0.984052
129.337,178.481,139.065,176.431,198.313,220.347,194.536,210.904,0.984052
129.337,178.481,139.065,176.431,198.313,220.347,194.347,210.904,0.984768
129.337,178.481,138.988,176.431,198.313,220.347,194.347,210.904,0.984768
129.337,178.481,138.988,176.269,198.313,220.347,194.347,210.904,0.985119
129.337,178.481,138.988,176.269,198.313,220.347,194.347,210.891,0.985119
129.337,178.481,138.988,176.269,198.313,220.347,194.347,210.891,0.985467
129.337,178.481,138.988,176.269,198.313,220.347,194.276,210.891,0.985467
129.337,178.481,138.897,176.161,198.313,220.347,194.276,210.891,0.985467
129.337,178.481,138.897,176.161,198.313,220.347,194.276,210.82,0.985467
129.337,178.481,138.897,176.161,198.313,220.347,194.253,210.82,0.98581
129.337,178.481,138.785,176.106,198.313,220.347,194.253,210.82,0.98581
129.337,178.481,138.785,176.106,198.313,220.347,194.253,210.82,0.98581
129.337,178.481,138.785,176.106,198.313,220.347,194.253,210.835,0.98581
129.337,178.481,138.785,176.106,198.313,220.347,194.252,210.835,0.986813
129.337,178.481,138.605,176.106,198.313,220.347,194.252,210.835,0.986813
129.337,178.481,138.605,176.106,198.313,220.347,194.252,210.835,0.987141
129.337,178.481,138.605,176.046,198.313,220.347,194.252,210.915,0.987141
129.337,178.481,138.605,176.046,198.313,220.347,194.24,210.915,0.987465
129.337,178.481,138.482,176.046,198.313,220.347,194.24,210.915,0.987465
129.337,178.481,138.482,176.083,198.313,220.347,194.24,210.915,0.987465
129.337,178.481,138.482,176.083,198.313,220.347,194.24,211.049,0.987465
129.337,178.481,138.482,176.083,198.313,220.347,194.289,211.049,0.987784
129.337,178.481,138.368,176.083,198.313,220.347,194.289,211.049,0.987784
129.337,178.481,138.368,176.132,198.313,220.347,194.289,211.049,0.988411
129.337,178.481,138.368,176.132,198.313,220.347,194.289,210.941,0.988411
129.337,178.481,138.368,176.132,198.313,220.347,194.289,210.941,0.988719
129.337,178.481,138.368,176.132,198.313,220.347,194.23,210.941,0.988719
129.337,178.481,138.212,176.184,198.313,220.347,194.23,210.941,0.989023
129.337,178.481,138.212,176.184,198.313,220.347,194.23,210.986,0.989023
129.337,178.481,138.212,176.184,198.313,220.347,194.364,210.986,0.989023
129.337,178.481,138.065,176.223,198.313,220.347,194.364,210.986,0.989023
129.337,178.481,138.065,176.223,198.313,220.347,194.364,210.986,0.989322
129.337,178.481,138.065,176.223,198.313,220.347,194.364,210.954,0.989322
129.337,178.481,138.065,176.223,198.313,220.347,194.377,210.954,0.989906
129.337,178.481,137.939,176.223,198.313,220.347,194.377,210.954,0.989906
129.337,178.481,137.939,176.223,198.313,220.347,194.377,210.954,0.990193
129.337,178.481,137.939,176.272,198.313,220.347,194.377,210.865,0.990193
129.337,178.481,137.939,176.272,198.313,220.347,194.465,210.865,0.990477
129.337,178.481,137.837,176.272,198.313,220.347,194.465,210.865,0.990477
129.337,178.481,137.837,176.265,198.313,220.347,194.465,210.865,0.990756
129.337,178.481,137.837,176.265,198.313,220.347,194.465,210.722,0.990756
129.337,178.481,137.837,176.265,198.313,220.347,194.535,210.722,0.990756
129.337,178.481,137.766,176.261,198.313,220.347,194.535,210.722,0.990756
129.337,178.481,137.766,176.261,198.313,220.347,194.535,210.722,0.991032
129.337,178.481,137.766,176.261,198.313,220.347,194.535,210.555,0.991032
129.337,178.481,137.766,176.261,198.313,220.347,194.535,210.555,0.991304
129.337,178.481,137.766,176.261,198.313,220.347,194.555,210.555,0.991304
129.337,178.481,137.678,176.18,198.313,220.347,194.555,210.555,0.991835
129.337,178.481,137.678,176.18,198.313,220.347,194.555,210.425,0.991835
129.337,178.481,137.678,176.18,198.313,220.347,194.534,210.425,0.992095
129.337,178.481,137.65,176.052,198.313,220.347,194.534,210.425,0.992095
129.337,178.481,137.65,176.052,198.313,220.347,194.534,210.425,0.992095
129.337,178.481,137.65,176.052,198.313,220.347,194.534,210.24,0.992095
129.337,178.481,137.65,176.052,198.313,220.347,194.499,210.24,0.99235
129.337,178.481,137.578,175.914,198.313,220.347,194.499,210.24,0.99235
129.337,178.481,137.578,175.914,198.313,220.347,194.499,210.24,0.992602
129.337,178.481,137.578,175.914,198.313,220.347,194.499,210.021,0.992602
129.337,178.481,137.578,175.914,198.313,220.347,194.373,210.021,0.993093
129.337,178.481,137.545,175.914,198.313,220.347,194.373,210.021,0.993093
129.337,178.481,137.545,175.758,198.313,220.347,194.373,210.021,0.993333
129.337,178.481,137.545,175.758,198.313,220.347,194.373,209.875,0.993333
129.337,178.481,137.545,175.758,198.313,220.347,194.249,209.875,0.993568
129.337,178.481,137.446,175.562,198.313,220.347,194.249,209.875,0.993568
129.337,178.481,137.446,175.562,198.313,220.347,194.249,209.875,0.993568
129.337,178.481,137.446,175.562,198.313,220.347,194.249,209.715,0.993568
129.337,178.481,137.446,175.562,198.313,220.347,194.249,209.715,0.9938
129.337,178.481,137.446,175.562,198.313,220.347,194.131,209.715,0.9938
129.337,178.481,137.362,175.377,198.313,220.347,194.131,209.715,0.994028
129.337,178.481,137.362,175.377,198.313,220.347,194.131,209.569,0.994028
129.337,178.481,137.362,175.377,198.313,220.347,193.992,209.569,0.994471
129.337,178.481,137.357,175.178,198.313,220.347,193.992,209.569,0.994471
129.337,178.481,137.357,175.178,198.313,220.347,193.992,209.569,0.994687
129.337,178.481,137.357,175.178,198.313,220.347,193.992,209.287,0.994687
129.337,178.481,137.357,175.178,198.313,220.347,193.853,209.287,0.994898
129.337,178.481,137.212,175.048,198.313,220.347,193.853,209.287,0.994898
129.337,178.481,137.212,175.048,198.313,220.347,193.853,209.287,0.994898
129.337,178.481,137.212,175.048,198.313,220.347,193.853,209.142,0.994898
129.337,178.481,137.212,175.048,198.313,220.347,193.708,209.142,0.995106
129.337,178.481,137.074,175.048,198.313,220.347,193.708,209.142,0.995106
129.337,178.481,137.074,174.943,198.313,220.347,193.708,209.142,0.995309
129.337,178.481,137.074,174.943,198.313,220.347,193.708,209.024,0.995309
129.337,178.481,137.074,174.943,198.313,220.347,193.676,209.024,0.995705
129.337,178.481,136.965,174.943,198.313,220.347,193.676,209.024,0.995705
129.337,178.481,136.965,174.969,198.313,220.347,193.676,209.024,0.995896
129.337,178.481,136.965,174.969,198.313,220.347,193.676,208.722,0.995896
129.337,178.481,136.965,174.969,198.313,220.347,193.676,208.722,0.996084
129.337,178.481,136.965,174.969,198.313,220.347,193.565,208.722,0.996084
129.337,178.481,136.816,174.958,198.313,220.347,193.565,208.722,0.996084
129.337,178.481,136.816,174.958,198.313,220.347,193.565,208.588,0.996084
129.337,178.481,136.816,174.958,198.313,220.347,193.593,208.588,0.996268
129.337,178.481,136.676,175.101,198.313,220.347,193.593,208.588,0.996268
129.337,178.481,136.676,175.101,198.313,220.347,193.593,208.588,0.996623
129.337,178.481,136.676,175.101,198.313,220.347,193.593,208.426,0.996623
129.337,178.481,136.676,175.101,198.313,220.347,193.615,208.426,0.996794
129.337,178.481,136.565,175.208,198.313,220.347,193.615,208.426,0.996794
129.337,178.481,136.565,175.208,198.313,220.347,193.615,208.426,0.996962
129.337,178.481,136.565,175.208,198.313,220.347,193.615,208.296,0.996962
129.337,178.481,136.565,175.208,198.313,220.347,193.615,208.296,0.996962
129.337,178.481,136.565,175.208,198.313,220.347,193.643,208.296,0.996962
129.337,178.481,136.492,175.3,198.313,220.347,193.643,208.296,0.997126
129.337,178.481,136.492,175.3,198.313,220.347,193.643,208.044,0.997126
129.337,178.481,136.492,175.3,198.313,220.347,193.696,208.044,0.997285
129.337,178.481,136.434,175.3,198.313,220.347,193.696,208.044,0.997285
129.337,178.481,136.434,175.384,198.313,220.347,193.696,208.044,0.997593
129.337,178.481,136.434,175.384,198.313,220.347,193.696,207.936,0.997593
129.337,178.481,136.434,175.384,198.313,220.347,193.696,207.936,0.99774
129.337,178.481,136.434,175.384,198.313,220.347,193.82,207.936,0.99774
129.337,178.481,136.456,175.387,198.313,220.347,193.82,207.936,0.997884
129.337,178.481,136.456,175.387,198.313,220.347,193.82,207.901,0.997884
129.337,178.481,136.456,175.387,198.313,220.347,193.951,207.901,0.997884
129.337,178.481,136.401,175.364,198.313,220.347,193.951,207.901,0.997884
129.337,178.481,136.401,175.364,198.313,220.347,193.951,207.901,0.998024
129.337,178.481,136.401,175.364,198.313,220.347,193.951,207.95,0.998024
129.337,178.481,136.401,175.364,198.313,220.347,194.092,207.95,0.998291
129.337,178.481,136.346,175.29,198.313,220.347,194.092,207.95,0.998291
129.337,178.481,136.346,175.29,198.313,220.347,194.092,207.95,0.998418
129.337,178.481,136.346,175.29,198.313,220.347,194.092,207.931,0.998418
129.337,178.481,136.346,175.29,198.313,220.347,194.16,207.931,0.998542
129.337,178.481,136.351,175.29,198.313,220.347,194.16,207.931,0.998542
129.337,178.481,136.351,175.206,198.313,220.347,194.16,207.931,0.998542
129.337,178.481,136.351,175.206,198.313,220.347,194.16,207.903,0.998542
129.337,178.481,136.351,175.206,198.313,220.347,194.058,207.903,0.998662
129.337,178.481,136.36,175.115,198.313,220.347,194.058,207.903,0.998662
129.337,178.481,136.36,175.115,198.313,220.347,194.058,207.903,0.998777
129.337,178.481,136.36,175.115,198.313,220.347,194.058,207.833,0.998777
129.337,178.481,136.36,175.115,198.313,220.347,194.058,207.833,0.998996
129.337,178.481,136.36,175.115,198.313,220.347,193.909,207.833,0.998996
129.337,178.481,136.381,174.973,198.313,220.347,193.909,207.833,0.9991
129.337,178.481,136.381,174.973,198.313,220.347,193.909,207.835,0.9991
129.337,178.481,136.381,174.973,198.313,220.347,193.737,207.835,0.9991
129.337,178.481,136.339,174.79,198.313,220.347,193.737,207.835,0.9991
129.337,178.481,136.339,174.79,198.313,220.347,193.737,207.835,0.9992
129.337,178.481,136.339,174.79,198.313,220.347,193.737,207.798,0.9992
129.337,178.481,136.339,174.79,198.313,220.347,193.548,207.798,0.999295
129.337,178.481,136.339,174.79,198.313,220.347,193.548,207.798,0.999295
129.337,178.481,136.284,174.59,198.313,220.347,193.548,207.798,0.999387
129.337,178.481,136.284,174.59,198.313,220.347,193.548,207.769,0.999387
129.337,178.481,136.284,174.59,198.313,220.347,193.334,207.769,0.999558
129.337,178.481,136.219,174.59,198.313,220.347,193.334,207.769,0.999558
129.337,178.481,136.219,174.379,198.313,220.347,193.334,207.769,0.999638
129.337,178.481,136.219,174.379,198.313,220.347,193.334,207.668,0.999638
129.337,178.481,136.219,174.379,198.313,220.347,193.06,207.668,0.999638
129.337,178.481,136.092,174.133,198.313,220.347,193.06,207.668,0.999638
129.337,178.481,136.092,174.133,198.313,220.347,193.06,207.668,0.999714
129.337,178.481,136.092,174.133,198.313,220.347,193.06,207.624,0.999714
129.337,178.481,136.092,174.133,198.313,220.347,193.06,207.624,0.999714
129.337,178.481,136.092,174.133,198.313,220.347,192.802,207.624,0.999714
129.337,178.481,135.929,173.924,198.313,220.347,192.802,207.624,0.999912
129.337,178.481,135.929,173.924,198.313,220.347,192.802,207.556,0.999912
129.337,178.481,135.929,173.924,198.313,220.347,192.606,207.556,0.999972
129.337,178.481,135.782,173.8,198.313,220.347,192.606,207.556,0.999972
129.337,178.481,135.782,173.8,198.313,220.347,192.606,207.556,1.00003
129.337,178.481,135.782,173.8,198.313,220.347,192.606,207.391,1.00003
129.337,178.481,135.782,173.8,198.313,220.347,192.413,207.391,1.00003
129.337,178.481,135.626,173.68,198.313,220.347,192.413,207.391,1.00003
129.337,178.481,135.626,173.68,198.313,220.347,192.413,207.391,1.00008
129.337,178.481,135.626,173.68,198.313,220.347,192.413,207.291,1.00008
129.337,178.481,135.626,173.68,198.313,220.347,192.187,207.291,1.00017
129.337,178.481,135.474,173.68,198.313,220.347,192.187,207.291,1.00017
129.337,178.481,135.474,173.587,198.313,220.347,192.187,207.291,1.00021
129.337,178.481,135.474,173.587,198.313,220.347,192.187,207.145,1.00021
129.337,178.481,135.474,173.587,198.313,220.347,192.077,207.145,1.00025
129.337,178.481,135.314,173.529,198.313,220.347,192.077,207.145,1.00025
129.337,178.481,135.314,173.529,198.313,220.347,192.077,207.145,1.00025
129.337,178.481,135.314,173.529,198.313,220.347,192.077,207.041,1.00025
129.337,178.481,135.314,173.529,198.313,220.347,192.077,207.041,1.00028
129.337,178.481,135.314,173.529,198.313,220.347,191.993,207.041,1.00028
129.337,178.481,135.217,173.554,198.313,220.347,191.993,207.041,1.00031
129.337,178.481,135.217,173.554,198.313,220.347,191.993,206.895,1.00031
129.337,178.481,135.217,173.554,198.313,220.347,192.006,206.895,1.00035
129.337,178.481,135.103,173.558,198.313,220.347,192.006,206.895,1.00035
129.337,178.481,135.103,173.558,198.313,220.347,192.006,206.895,1.00036
129.337,178.481,135.103,173.558,198.313,220.347,192.006,206.798,1.00036
129.337,178.481,135.103,173.558,198.313,220.347,192.052,206.798,1.00038
129.337,178.481,135.013,173.634,198.313,220.347,192.052,206.798,1.00038
129.337,178.481,135.013,173.634,198.313,220.347,192.052,206.798,1.00038
129.337,178.481,135.013,173.634,198.313,220.347,192.052,206.678,1.00038
129.337,178.481,135.013,173.634,198.313,220.347,192.109,206.678,1.00038
129.337,178.481,135.081,173.638,198.313,220.347,192.109,206.678,1.00038
129.337,178.481,135.081,173.638,198.313,220.347,192.109,206.678,1.00039
129.337,178.481,135.081,173.638,198.313,220.347,192.109,206.73,1.00039
129.337,178.481,135.081,173.638,198.313,220.347,192.178,206.73,1.00038
129.337,178.481,135.084,173.742,198.313,220.347,192.178,206.73,1.00038
129.337,178.481,135.084,173.742,198.313,220.347,192.178,206.73,1.00037
129.337,178.481,135.084,173.742,198.313,220.347,192.178,206.722,1.00037
129.337,178.481,135.084,173.742,198.313,220.347,192.178,206.722,1.00037
129.337,178.481,135.043,173.742,198.313,220.347,192.299,206.722,1.00037
129.337,178.481,135.043,173.754,198.313,220.347,192.299,206.722,1.00036
129.337,178.481,135.043,173.754,198.313,220.347,192.458,206.612,1.00036
129.337,178.481,135.043,173.754,198.313,220.347,192.458,206.612,1.00034
129.337,178.481,135.069,173.79,198.313,220.347,192.458,206.612,1.00034
129.337,178.481,135.069,173.79,198.313,220.347,192.458,206.612,1.0003
129.337,178.481,135.069,173.79,198.313,220.347,192.449,206.599,1.0003
129.337,178.481,135.069,173.79,198.313,220.347,192.449,206.599,1.00027
129.337,178.481,135.1,173.798,198.313,220.347,192.449,206.599,1.00027
129.337,178.481,135.1,173.798,198.313,220.347,192.449,206.599,1.00027
129.337,178.481,135.1,173.798,198.313,220.347,192.449,206.626,1.00027
129.337,178.481,135.1,173.798,198.313,220.347,192.451,206.626,1.00024
129.337,178.481,135.135,173.751,198.313,220.347,192.451,206.626,1.00024
129.337,178.481,135.135,173.751,198.313,220.347,192.451,206.626,1.0002
129.337,178.481,135.135,173.751,198.313,220.347,192.451,206.69,1.0002
129.337,178.481,135.135,173.751,198.313,220.347,192.44,206.69,1.00013
129.337,178.481,135.151,173.751,198.313,220.347,192.44,206.69,1.00013
129.337,178.481,135.151,173.652,198.313,220.347,192.44,206.69,1.0001
129.337,178.481,135.151,173.652,198.313,220.347,192.313,206.795,1.0001
129.337,178.481,135.151,173.652,198.313,220.347,192.313,206.795,1.00008
129.337,178.481,135.106,173.538,198.313,220.347,192.313,206.795,1.00008
129.337,178.481,135.106,173.538,198.313,220.347,192.313,206.795,1.00008
129.337,178.481,135.106,173.538,198.313,220.347,192.313,206.782,1.00008
129.337,178.481,135.106,173.538,198.313,220.347,192.149,206.782,1.00005
129.337,178.481,135.075,173.429,198.313,220.347,192.149,206.782,1.00005
129.337,178.481,135.075,173.429,198.313,220.347,192.149,206.782,1.00002
129.337,178.481,135.075,173.429,198.313,220.347,192.002,206.78,1.00002
129.337,178.481,135.075,173.429,198.313,220.347,192.002,206.78,1.00001
129.337,178.481,135,173.284,198.313,220.347,192.002,206.78,1.00001
129.337,178.481,135,173.284,198.313,220.347,192.002,206.78,1.00001
129.337,178.481,135,173.284,198.313,220.347,192.002,206.769,1.00001
129.337,178.481,135,173.284,198.313,220.347,191.828,206.769,1.00001
129.337,178.481,134.916,173.213,198.313,220.347,191.828,206.769,1.00001
129.337,178.481,134.916,173.213,198.313,220.347,191.828,206.769,1
129.337,178.481,134.916,173.213,198.313,220.347,191.63,206.786,1
129.337,178.481,134.916,173.213,198.313,220.347,191.63,206.786,1
129.337,178.481,134.791,173.115,198.313,220.347,191.63,206.786,1
129.337,178.481,134.791,173.115,198.313,220.347,191.63,206.786,1
129.337,178.481,134.791,173.115,198.313,220.347,191.503,206.628,1
129.337,178.481,134.791,173.115,198.313,220.347,191.503,206.628,1
129.337,178.481,134.791,173.115,198.313,220.347,191.503,206.628,1
129.337,178.481,134.624,173.055,198.313,220.347,191.503,206.628,1
129.337,178.481,134.624,173.055,198.313,220.347,191.396,206.579,1
129.337,178.481,134.624,173.055,198.313,220.347,191.396,206.579,1
129.337,178.481,134.624,173.055,198.313,220.347,191.396,206.579,1
129.337,178.481,134.445,173.024,198.313,220.347,191.396,206.579,1
129.337,178.481,134.445,173.024,198.313,220.347,191.297,206.523,1
129.337,178.481,134.445,173.024,198.313,220.347,191.297,206.523,1
129.337,178.481,134.269,173.016,198.313,220.347,191.297,206.523,1
129.337,178.481,134.269,173.016,198.313,220.347,191.297,206.523,1
129.337,178.481,134.269,173.016,198.313,220.347,191.297,206.395,1
129.337,178.481,134.269,173.016,198.313,220.347,191.337,206.395,1
129.337,178.481,134.081,173.016,198.313,220.347,191.337,206.395,1
129.337,178.481,134.081,173.023,198.313,220.347,191.337,206.395,1
129.337,178.481,134.081,173.023,198.313,220.347,191.337,206.278,1
129.337,178.481,134.081,173.023,198.313,220.347,191.354,206.278,1
129.337,178.481,133.923,173.048,198.313,220.347,191.354,206.278,1
129.337,178.481,133.923,173.048,198.313,220.347,191.354,206.278,1
129.337,178.481,133.923,173.048,198.313,220.347,191.327,206.14,1
129.337,178.481,133.923,173.048,198.313,220.347,191.327,206.14,1
129.337,178.481,133.753,173.075,198.313,220.347,191.327,206.14,1
129.337,178.481,133.753,173.075,198.313,220.347,191.327,206.14,1
129.337,178.481,133.753,173.075,198.313,220.347,191.449,206.032,1
129.337,178.481,133.753,173.075,198.313,220.347,191.449,206.032,1
129.337,178.481,133.621,173.106,198.313,220.347,191.449,206.032,1
129.337,178.481,133.621,173.106,198.313,220.347,191.449,206.032,1
129.337,178.481,133.621,173.106,198.313,220.347,191.657,205.943,1
129.337,178.481,133.621,173.106,198.313,220.347,191.657,205.943,1
129.337,178.481,133.56,173.148,198.313,220.347,191.657,205.943,1
129.337,178.481,133.56,173.148,198.313,220.347,191.657,205.943,1
129.337,178.481,133.56,173.148,198.313,220.347,191.657,205.892,1
129.337,178.481,133.56,173.148,198.313,220.347,191.792,205.892,1
129.337,178.481,133.56,173.173,198.313,220.347,191.792,205.892,1
129.337,178.481,133.56,173.173,198.313,220.347,191.792,205.892,1
129.337,178.481,133.56,173.173,198.313,220.347,191.927,205.871,1
129.337,178.481,133.56,173.173,198.313,220.347,191.927,205.871,1
129.337,178.481,133.641,173.162,198.313,220.347,191.927,205.871,1
129.337,178.481,133.641,173.162,198.313,220.347,191.927,205.871,1
129.337,178.481,133.641,173.162,198.313,220.347,192.233,205.827,1
129.337,178.481,133.641,173.162,198.313,220.347,192.233,205.827,1
129.337,178.481,133.708,173.132,198.313,220.347,192.233,205.827,1
129.337,178.481,133.708,173.132,198.313,220.347,192.233,205.827,1
129.337,178.481,133.708,173.132,198.313,220.347,192.317,205.861,1
129.337,178.481,133.708,173.132,198.313,220.347,192.317,205.861,1
129.337,178.481,133.801,173.062,198.313,220.347,192.317,205.861,1
129.337,178.481,133.801,173.062,198.313,220.347,192.317,205.861,1
129.337,178.481,133.801,173.062,198.313,220.347,192.438,205.949,1
129.337,178.481,133.801,173.062,198.313,220.347,192.438,205.949,1
129.337,178.481,133.933,173.001,198.313,220.347,192.438,205.949,1
129.337,178.481,133.933,173.001,198.313,220.347,192.438,205.949,1
129.337,178.481,133.933,173.001,198.313,220.347,192.438,205.956,1
129.337,178.481,133.933,173.001,198.313,220.347,192.444,205.956,1
129.337,178.481,134.071,172.866,198.313,220.347,192.444,205.956,1
129.337,178.481,134.071,172.866,198.313,220.347,192.444,205.956,1
129.337,178.481,134.071,172.866,198.313,220.347,192.451,205.95,1
129.337,178.481,134.071,172.866,198.313,220.347,192.451,205.95,1
129.337,178.481,134.159,172.743,198.313,220.347,192.451,205.95,1
129.337,178.481,134.159,172.743,198.313,220.347,192.451,205.95,1
129.337,178.481,134.159,172.743,198.313,220.347,192.451,206.025,1
129.337,178.481,134.159,172.743,198.313,220.347,192.451,206.025,1
129.337,178.481,134.159,172.743,198.313,220.347,192.393,206.025,1
129.337,178.481,134.264,172.634,198.313,220.347,192.393,206.025,1
129.337,178.481,134.264,172.634,198.313,220.347,192.336,206.044,1
129.337,178.481,134.264,172.634,198.313,220.347,192.336,206.044,1
129.337,178.481,134.339,172.522,198.313,220.347,192.336,206.044,1
129.337,178.481,134.339,172.522,198.313,220.347,192.336,206.044,1
129.337,178.481,134.339,172.522,198.313,220.347,192.255,206.07,1
129.337,178.481,134.339,172.522,198.313,220.347,192.255,206.07,1
129.337,178.481,134.382,172.455,198.313,220.347,192.255,206.07,1
129.337,178.481,134.382,172.455,198.313,220.347,192.255,206.07,1
129.337,178.481,134.382,172.455,198.313,220.347,192.255,206.1,1
129.337,178.481,134.382,172.455,198.313,220.347,192.259,206.1,1
129.337,178.481,134.372,172.396,198.313,220.347,192.259,206.1,1
129.337,178.481,134.372,172.396,198.313,220.347,192.259,206.1,1
129.337,178.481,134.372,172.396,198.313,220.347,192.183,206.051,1
129.337,178.481,134.372,172.396,198.313,220.347,192.183,206.051,1
129.337,178.481,134.343,172.384,198.313,220.347,192.183,206.051,1
129.337,178.481,134.343,172.384,198.313,220.347,192.183,206.051,1
129.337,178.481,134.343,172.384,198.313,220.347,192.183,206.051,1
129.337,178.481,134.343,172.384,198.313,220.347,192.131,206.067,1
129.337,178.481,134.276,172.356,198.313,220.347,192.131,206.067,1
129.337,178.481,134.276,172.356,198.313,220.347,192.131,206.067,1
129.337,178.481,134.276,172.356,198.313,220.347,192.124,206.091,1
129.337,178.481,134.276,172.356,198.313,220.347,192.124,206.091,1
129.337,178.481,134.208,172.369,198.313,220.347,192.124,206.091,1
129.337,178.481,134.208,172.369,198.313,220.347,192.124,206.091,1
129.337,178.481,134.208,172.369,198.313,220.347,192.118,206.207,1
129.337,178.481,134.208,172.369,198.313,220.347,192.118,206.207,1
129.337,178.481,134.142,172.427,198.313,220.347,192.118,206.207,1
129.337,178.481,134.142,172.427,198.313,220.347,192.118,206.207,1
129.337,178.481,134.142,172.427,198.313,220.347,192.118,206.214,1
129.337,178.481,134.142,172.427,198.313,220.347,192.216,206.214,1
129.337,178.481,134.073,172.492,198.313,220.347,192.216,206.214,1
129.337,178.481,134.073,172.492,198.313,220.347,192.216,206.214,1
129.337,178.481,134.073,172.492,198.313,220.347,192.358,206.26,1
129.337,178.481,134.073,172.492,198.313,220.347,192.358,206.26,1
129.337,178.481,134.037,172.569,198.313,220.347,192.358,206.26,1
129.337,178.481,134.037,172.569,198.313,220.347,192.358,206.26,1
129.337,178.481,134.037,172.569,198.313,220.347,192.48,206.213,1
129.337,178.481,134.037,172.569,198.313,220.347,192.48,206.213,1
129.337,178.481,134.004,172.569,198.313,220.347,192.48,206.213,1
129.337,178.481,134.004,172.648,198.313,220.347,192.48,206.213,1
129.337,178.481,134.004,172.648,198.313,220.347,192.671,206.381,1
129.337,178.481,134.004,172.648,198.313,220.347,192.671,206.381,1
129.337,178.481,134.004,172.648,198.313,220.347,192.671,206.381,1
129.337,178.481,133.989,172.723,198.313,220.347,192.671,206.381,1
129.337,178.481,133.989,172.723,198.313,220.347,192.857,206.387,1
129.337,178.481,133.989,172.723,198.313,220.347,192.857,206.387,1
129.337,178.481,134.027,172.803,198.313,220.347,192.857,206.387,1
129.337,178.481,134.027,172.803,198.313,220.347,192.857,206.387,1
129.337,178.481,134.027,172.803,198.313,220.347,192.857,206.506,1
129.337,178.481,134.027,172.803,198.313,220.347,192.946,206.506,1
129.337,178.481,134.056,172.807,198.313,220.347,192.946,206.506,1
129.337,178.481,134.056,172.807,198.313,220.347,192.946,206.506,1
129.337,178.481,134.056,172.807,198.313,220.347,193.003,206.518,1
129.337,178.481,134.056,172.807,198.313,220.347,193.003,206.518,1
129.337,178.481,134.129,172.841,198.313,220.347,193.003,206.518,1
129.337,178.481,134.129,172.841,198.313,220.347,193.003,206.518,1
129.337,178.481,134.129,172.841,198.313,220.347,193.111,206.557,1
129.337,178.481,134.129,172.841,198.313,220.347,193.111,206.557,1
129.337,178.481,134.18,172.864,198.313,220.347,193.111,206.557,1
129.337,178.481,134.18,172.864,198.313,220.347,193.111,206.557,1
129.337,178.481,134.18,172.864,198.313,220.347,193.161,206.577,1
129.337,178.481,134.18,172.864,198.313,220.347,193.161,206.577,1
129.337,178.481,134.285,172.855,198.313,220.347,193.161,206.577,1
129.337,178.481,134.285,172.855,198.313,220.347,193.161,206.577,1
129.337,178.481,134.285,172.855,198.313,220.347,193.148,206.634,1
129.337,178.481,134.285,172.855,198.313,220.347,193.148,206.634,1
129.337,178.481,134.31,172.875,198.313,220.347,193.148,206.634,1
129.337,178.481,134.31,172.875,198.313,220.347,193.148,206.634,1
129.337,178.481,134.31,172.875,198.313,220.347,193.148,206.629,1
129.337,178.481,134.31,172.875,198.313,220.347,193.169,206.629,1
129.337,178.481,134.325,172.884,198.313,220.347,193.169,206.629,1
129.337,178.481,134.325,172.884,198.313,220.347,193.169,206.629,1
129.337,178.481,134.325,172.884,198.313,220.347,193.142,206.684,1
129.337,178.481,134.325,172.884,198.313,220.347,193.142,206.684,1
129.337,178.481,134.273,172.927,198.313,220.347,193.142,206.684,1
129.337,178.481,134.273,172.927,198.313,220.347,193.142,206.684,1
129.337,178.481,134.273,172.927,198.313,220.347,193.092,206.703,1
129.337,178.481,134.273,172.927,198.313,220.347,193.092,206.703,1
129.337,178.481,134.205,172.99,198.313,220.347,193.092,206.703,1
129.337,178.481,134.205,172.99,198.313,220.347,193.092,206.703,1
129.337,178.481,134.205,172.99,198.313,220.347,193.029,206.741,1
129.337,178.481,134.205,172.99,198.313,220.347,193.029,206.741,1
129.337,178.481,134.071,173.117,198.313,220.347,193.029,206.741,1
129.337,178.481,134.071,173.117,198.313,220.347,193.029,206.741,1
129.337,178.481,134.071,173.117,198.313,220.347,192.973,206.705,1
129.337,178.481,134.071,173.117,198.313,220.347,192.973,206.705,1
129.337,178.481,133.967,173.239,198.313,220.347,192.973,206.705,1
129.337,178.481,133.967,173.239,198.313,220.347,192.973,206.705,1
129.337,178.481,133.967,173.239,198.313,220.347,192.973,206.687,1
129.337,178.481,133.967,173.239,198.313,220.347,192.954,206.687,1
129.337,178.481,133.679,173.389,198.313,220.347,192.954,206.687,1
129.337,178.481,133.679,173.389,198.313,220.347,192.954,206.687,1
129.337,178.481,133.679,173.389,198.313,220.347,192.926,206.727,1
129.337,178.481,133.679,173.389,198.313,220.347,192.926,206.727,1
129.337,178.481,133.554,173.509,198.313,220.347,192.926,206.727,1
129.337,178.481,133.554,173.509,198.313,220.347,192.926,206.727,1
129.337,178.481,133.554,173.509,198.313,220.347,192.927,206.718,1
129.337,178.481,133.554,173.509,198.313,220.347,192.927,206.718,1
129.337,178.481,133.474,173.65,198.313,220.347,192.927,206.718,1
129.337,178.481,133.474,173.65,198.313,220.347,192.927,206.718,1
129.337,178.481,133.474,173.65,198.313,220.347,192.965,206.688,1
129.337,178.481,133.474,173.65,198.313,220.347,192.965,206.688,1
129.337,178.481,133.404,173.82,198.313,220.347,192.965,206.688,1
129.337,178.481,133.404,173.82,198.313,220.347,192.965,206.688,1
129.337,178.481,133.404,173.82,198.313,220.347,193.034,206.608,1
129.337,178.481,133.404,173.82,198.313,220.347,193.034,206.608,1
129.337,178.481,133.312,173.854,198.313,220.347,193.034,206.608,1
129.337,178.481,133.312,173.854,198.313,220.347,193.034,206.608,1
129.337,178.481,133.312,173.854,198.313,220.347,193.034,206.598,1
129.337,178.481,133.312,173.854,198.313,220.347,193.154,206.598,1
129.337,178.481,133.356,173.851,198.313,220.347,193.154,206.598,1
129.337,178.481,133.356,173.851,198.313,220.347,193.154,206.598,1
129.337,178.481,133.356,173.851,198.313,220.347,193.245,206.642,1
129.337,178.481,133.356,173.851,198.313,220.347,193.245,206.642,1
129.337,178.481,133.318,173.964,198.313,220.347,193.245,206.642,1
129.337,178.481,133.318,173.964,198.313,220.347,193.245,206.642,1
129.337,178.481,133.318,173.964,198.313,220.347,193.396,206.615,1
129.337,178.481,133.318,173.964,198.313,220.347,193.396,206.615,1
129.337,178.481,133.243,173.99,198.313,220.347,193.396,206.615,1
129.337,178.481,133.243,173.99,198.313,220.347,193.396,206.615,1
129.337,178.481,133.243,173.99,198.313,220.347,193.546,206.643,1
129.337,178.481,133.243,173.99,198.313,220.347,193.546,206.643,1
129.337,178.481,133.198,173.993,198.313,220.347,193.546,206.643,1
129.337,178.481,133.198,173.993,198.313,220.347,193.546,206.643,1
129.337,178.481,133.198,173.993,198.313,220.347,193.638,206.694,1
129.337,178.481,133.198,173.993,198.313,220.347,193.638,206.694,1
129.337,178.481,133.216,173.943,198.313,220.347,193.638,206.694,1
129.337,178.481,133.216,173.943,198.313,220.347,193.638,206.694,1
129.337,178.481,133.216,173.943,198.313,220.347,193.638,206.831,1
129.337,178.481,133.216,173.943,198.313,220.347,193.678,206.831,1
129.337,178.481,133.269,173.882,198.313,220.347,193.678,206.831,1
129.337,178.481,133.269,173.882,198.313,220.347,193.678,206.831,1
129.337,178.481,133.269,173.882,198.313,220.347,193.702,206.957,1
129.337,178.481,133.269,173.882,198.313,220.347,193.702,206.957,1
129.337,178.481,133.3,173.778,198.313,220.347,193.702,206.957,1
129.337,178.481,133.3,173.778,198.313,220.347,193.702,206.957,1
129.337,178.481,133.3,173.778,198.313,220.347,193.702,207.056,1
129.337,178.481,133.3,173.778,198.313,220.347,193.702,207.056,1
129.337,178.481,133.329,173.608,198.313,220.347,193.702,207.056,1
129.337,178.481,133.329,173.608,198.313,220.347,193.702,207.056,1
129.337,178.481,133.329,173.608,198.313,220.347,193.669,207.11,1
129.337,178.481,133.329,173.608,198.313,220.347,193.669,207.11,1
129.337,178.481,133.333,173.508,198.313,220.347,193.669,207.11,1
129.337,178.481,133.333,173.508,198.313,220.347,193.669,207.11,1
129.337,178.481,133.333,173.508,198.313,220.347,193.533,207.265,1
129.337,178.481,133.333,173.508,198.313,220.347,193.533,207.265,1
129.337,178.481,133.333,173.508,198.313,220.347,193.533,207.265,1
129.337,178.481,133.303,173.443,198.313,220.347,193.533,207.265,1
129.337,178.481,133.303,173.443,198.313,220.347,193.452,207.344,1
129.337,178.481,133.303,173.443,198.313,220.347,193.452,207.344,1
129.337,178.481,133.216,173.427,198.313,220.347,193.452,207.344,1
129.337,178.481,133.216,173.427,198.313,220.347,193.452,207.344,1
129.337,178.481,133.216,173.427,198.313,220.347,193.557,207.478,1
129.337,178.481,133.216,173.427,198.313,220.347,193.557,207.478,1
129.337,178.481,133.096,173.42,198.313,220.347,193.557,207.478,1
129.337,178.481,133.096,173.42,198.313,220.347,193.557,207.478,1
129.337,178.481,133.096,173.42,198.313,220.347,193.473,207.55,1
129.337,178.481,133.096,173.42,198.313,220.347,193.473,207.55,1
129.337,178.481,132.857,173.597,198.313,220.347,193.473,207.55,1
129.337,178.481,132.857,173.597,198.313,220.347,193.473,207.55,1
129.337,178.481,132.857,173.597,198.313,220.347,193.317,207.56,1
129.337,178.481,132.857,173.597,198.313,220.347,193.317,207.56,1
129.337,178.481,132.754,173.763,198.313,220.347,193.317,207.56,1
129.337,178.481,132.754,173.763,198.313,220.347,193.317,207.56,1
129.337,178.481,132.754,173.763,198.313,220.347,193.279,207.569,1
129.337,178.481,132.754,173.763,198.313,220.347,193.279,207.569,1
129.337,178.481,132.683,173.936,198.313,220.347,193.279,207.569,1
129.337,178.481,132.683,173.936,198.313,220.347,193.279,207.569,1
129.337,178.481,132.683,173.936,198.313,220.347,193.279,207.604,1
129.337,178.481,132.683,173.936,198.313,220.347,193.304,207.604,1
129.337,178.481,132.646,174.108,198.313,220.347,193.304,207.604,1
129.337,178.481,132.646,174.108,198.313,220.347,193.304,207.604,1
129.337,178.481,132.646,174.108,198.313,220.347,193.393,207.628,1
129.337,178.481,132.646,174.108,198.313,220.347,193.393,207.628,1
129.337,178.481,132.602,174.271,198.313,220.347,193.393,207.628,1
129.337,178.481,132.602,174.271,198.313,220.347,193.393,207.628,1
129.337,178.481,132.602,174.271,198.313,220.347,193.491,207.624,1
129.337,178.481,132.602,174.271,198.313,220.347,193.491,207.624,1
129.337,178.481,132.574,174.433,198.313,220.347,193.491,207.624,1
129.337,178.481,132.574,174.433,198.313,220.347,193.491,207.624,1
129.337,178.481,132.574,174.433,198.313,220.347,193.698,207.61,1
129.337,178.481,132.574,174.433,198.313,220.347,193.698,207.61,1
129.337,178.481,132.585,174.558,198.313,220.347,193.698,207.61,1
129.337,178.481,132.585,174.558,198.313,220.347,193.698,207.61,1
129.337,178.481,132.585,174.558,198.313,220.347,193.851,207.569,1
129.337,178.481,132.585,174.558,198.313,220.347,193.851,207.569,1
129.337,178.481,132.64,174.62,198.313,220.347,193.851,207.569,1
129.337,178.481,132.64,174.62,198.313,220.347,193.851,207.569,1
129.337,178.481,132.64,174.62,198.313,220.347,194.059,207.565,1
129.337,178.481,132.64,174.62,198.313,220.347,194.059,207.565,1
129.337,178.481,132.742,174.667,198.313,220.347,194.059,207.565,1
129.337,178.481,132.742,174.667,198.313,220.347,194.059,207.565,1
129.337,178.481,132.742,174.667,198.313,220.347,194.246,207.457,1
129.337,178.481,132.742,174.667,198.313,220.347,194.246,207.457,1
129.337,178.481,132.881,174.673,198.313,220.347,194.246,207.457,1
129.337,178.481,132.881,174.673,198.313,220.347,194.246,207.457,1
129.337,178.481,132.881,174.673,198.313,220.347,194.398,207.423,1
129.337,178.481,132.881,174.673,198.313,220.347,194.398,207.423,1
129.337,178.481,133.034,174.673,198.313,220.347,194.398,207.423,1
129.337,178.481,133.034,174.602,198.313,220.347,194.398,207.423,1
129.337,178.481,133.034,174.602,198.313,220.347,194.594,207.436,1
129.337,178.481,133.034,174.602,198.313,220.347,194.594,207.436,1
129.337,178.481,133.201,174.482,198.313,220.347,194.594,207.436,1
129.337,178.481,133.201,174.482,198.313,220.347,194.594,207.436,1
129.337,178.481,133.201,174.482,198.313,220.347,194.771,207.367,1
129.337,178.481,133.201,174.482,198.313,220.347,194.771,207.367,1
129.337,178.481,133.415,174.322,198.313,220.347,194.771,207.367,1
129.337,178.481,133.415,174.322,198.313,220.347,194.771,207.367,1
129.337,178.481,133.415,174.322,198.313,220.347,194.864,207.323,1
129.337,178.481,133.415,174.322,198.313,220.347,194.864,207.323,1
129.337,178.481,133.569,174.144,198.313,220.347,194.864,207.323,1
129.337,178.481,133.569,174.144,198.313,220.347,194.864,207.323,1
129.337,178.481,133.569,174.144,198.313,220.347,194.905,207.273,1
129.337,178.481,133.569,174.144,198.313,220.347,194.905,207.273,1
129.337,178.481,133.737,173.994,198.313,220.347,194.905,207.273,1
129.337,178.481,133.737,173.994,198.313,220.347,194.905,207.273,1
129.337,178.481,133.737,173.994,198.313,220.347,194.919,207.323,1
129.337,178.481,133.737,173.994,198.313,220.347,194.919,207.323,1
129.337,178.481,133.841,173.838,198.313,220.347,194.919,207.323,1
129.337,178.481,133.841,173.838,198.313,220.347,194.919,207.323,1
129.337,178.481,133.841,173.838,198.313,220.347,194.88,207.252,1
129.337,178.481,133.841,173.838,198.313,220.347,194.88,207.252,1
129.337,178.481,133.918,173.727,198.313,220.347,194.88,207.252,1
129.337,178.481,133.918,173.727,198.313,220.347,194.88,207.252,1
129.337,178.481,133.918,173.727,198.313,220.347,194.836,207.178,1
129.337,178.481,133.918,173.727,198.313,220.347,194.836,207.178,1
129.337,178.481,133.956,173.644,198.313,220.347,194.836,207.178,1
129.337,178.481,133.956,173.644,198.313,220.347,194.836,207.178,1
129.337,178.481,133.956,173.644,198.313,220.347,194.746,207.199,1
129.337,178.481,133.956,173.644,198.313,220.347,194.746,207.199,1
129.337,178.481,133.956,173.644,198.313,220.347,194.746,207.199,1
129.337,178.481,133.926,173.624,198.313,220.347,194.746,207.199,1
129.337,178.481,133.926,173.624,198.313,220.347,194.694,207.132,1
129.337,178.481,133.926,173.624,198.313,220.347,194.694,207.132,1
129.337,178.481,133.884,173.678,198.313,220.347,194.694,207.132,1
129.337,178.481,133.884,173.678,198.313,220.347,194.694,207.132,1
129.337,178.481,133.884,173.678,198.313,220.347,194.626,207.204,1
129.337,178.481,133.884,173.678,198.313,220.347,194.626,207.204,1
129.337,178.481,133.8,173.794,198.313,220.347,194.626,207.204,1
129.337,178.481,133.8,173.794,198.313,220.347,194.626,207.204,1
129.337,178.481,133.8,173.794,198.313,220.347,194.617,207.284,1
129.337,178.481,133.8,173.794,198.313,220.347,194.617,207.284,1
129.337,178.481,133.724,173.931,198.313,220.347,194.617,207.284,1
129.337,178.481,133.724,173.931,198.313,220.347,194.617,207.284,1
129.337,178.481,133.724,173.931,198.313,220.347,194.627,207.316,1
129.337,178.481,133.724,173.931,198.313,220.347,194.627,207.316,1
129.337,178.481,133.627,174.071,198.313,220.347,194.627,207.316,1
129.337,178.481,133.627,174.071,198.313,220.347,194.627,207.316,1
129.337,178.481,133.627,174.071,198.313,220.347,194.627,207.376,1
129.337,178.481,133.627,174.071,198.313,220.347,194.688,207.376,1
129.337,178.481,133.611,174.275,198.313,220.347,194.688,207.376,1
129.337,178.481,133.611,174.275,198.313,220.347,194.688,207.376,1
129.337,178.481,133.611,174.275,198.313,220.347,194.779,207.492,1
129.337,178.481,133.611,174.275,198.313,220.347,194.779,207.492,1
129.337,178.481,133.61,174.453,198.313,220.347,194.779,207.492,1
129.337,178.481,133.61,174.453,198.313,220.347,194.779,207.492,1
129.337,178.481,133.61,174.453,198.313,220.347,194.871,207.489,1
129.337,178.481,133.61,174.453,198.313,220.347,194.871,207.489,1
129.337,178.481,133.637,174.6,198.313,220.347,194.871,207.489,1
129.337,178.481,133.637,174.6,198.313,220.347,194.871,207.489,1
129.337,178.481,133.637,174.6,198.313,220.347,195.007,207.553,1
129.337,178.481,133.637,174.6,198.313,220.347,195.007,207.553,1
129.337,178.481,133.732,174.734,198.313,220.347,195.007,207.553,1
129.337,178.481,133.732,174.734,198.313,220.347,195.007,207.553,1
129.337,178.481,133.732,174.734,198.313,220.347,195.217,207.624,1
129.337,178.481,133.732,174.734,198.313,220.347,195.217,207.624,1
129.337,178.481,133.732,174.734,198.313,220.347,195.217,207.624,1
129.337,178.481,133.823,174.825,198.313,220.347,195.217,207.624,1
129.337,178.481,133.823,174.825,198.313,220.347,195.44,207.653,1
129.337,178.481,133.823,174.825,198.313,220.347,195.44,207.653,1
129.337,178.481,133.919,174.845,198.313,220.347,195.44,207.653,1
129.337,178.481,133.919,174.845,198.313,220.347,195.44,207.653,1
129.337,178.481,133.919,174.845,198.313,220.347,195.554,207.921,1
129.337,178.481,133.919,174.845,198.313,220.347,195.554,207.921,1
129.337,178.481,134.015,174.772,198.313,220.347,195.554,207.921,1
129.337,178.481,134.015,174.772,198.313,220.347,195.554,207.921,1
129.337,178.481,134.015,174.772,198.313,220.347,195.656,208.055,1
129.337,178.481,134.015,174.772,198.313,220.347,195.656,208.055,1
129.337,178.481,134.18,174.74,198.313,220.347,195.656,208.055,1
129.337,178.481,134.18,174.74,198.313,220.347,195.656,208.055,1
129.337,178.481,134.18,174.74,198.313,220.347,195.674,208.166,1
129.337,178.481,134.18,174.74,198.313,220.347,195.674,208.166,1
129.337,178.481,134.287,174.651,198.313,220.347,195.674,208.166,1
129.337,178.481,134.287,174.651,198.313,220.347,195.674,208.166,1
129.337,178.481,134.287,174.651,198.313,220.347,195.821,208.321,1
129.337,178.481,134.287,174.651,198.313,220.347,195.821,208.321,1
129.337,178.481,134.371,174.597,198.313,220.347,195.821,208.321,1
129.337,178.481,134.371,174.597,198.313,220.347,195.821,208.321,1
129.337,178.481,134.371,174.597,198.313,220.347,195.804,208.533,1
129.337,178.481,134.371,174.597,198.313,220.347,195.804,208.533,1
129.337,178.481,134.435,174.559,198.313,220.347,195.804,208.533,1
129.337,178.481,134.435,174.559,198.313,220.347,195.804,208.533,1
129.337,178.481,134.435,174.559,198.313,220.347,195.706,208.699,1
129.337,178.481,134.435,174.559,198.313,220.347,195.706,208.699,1
129.337,178.481,134.462,174.579,198.313,220.347,195.706,208.699,1
129.337,178.481,134.462,174.579,198.313,220.347,195.706,208.699,1
129.337,178.481,134.462,174.579,198.313,220.347,195.621,208.781,1
129.337,178.481,134.462,174.579,198.313,220.347,195.621,208.781,1
129.337,178.481,134.432,174.606,198.313,220.347,195.621,208.781,1
129.337,178.481,134.432,174.606,198.313,220.347,195.621,208.999,1
129.337,178.481,134.432,174.606,198.313,220.347,195.549,208.999,1
129.337,178.481,134.432,174.606,198.313,220.347,195.549,208.999,1
129.337,178.481,134.31,174.608,198.313,220.347,195.549,208.999,1
129.337,178.481,134.31,174.608,198.313,220.347,195.549,208.999,1
129.337,178.481,134.31,174.608,198.313,220.347,195.346,209.181,1
129.337,178.481,134.31,174.608,198.313,220.347,195.346,209.181,1
129.337,178.481,134.167,174.696,198.313,220.347,195.346,209.181,1
129.337,178.481,134.167,174.696,198.313,220.347,195.346,209.181,1
129.337,178.481,134.167,174.696,198.313,220.347,195.317,209.346,1
129.337,178.481,134.167,174.696,198.313,220.347,195.317,209.346,1
129.337,178.481,134.011,174.763,198.313,220.347,195.317,209.346,1
129.337,178.481,134.011,174.763,198.313,220.347,195.317,209.346,1
129.337,178.481,134.011,174.763,198.313,220.347,195.255,209.59,1
129.337,178.481,134.011,174.763,198.313,220.347,195.255,209.59,1
129.337,178.481,133.872,174.883,198.313,220.347,195.255,209.59,1
129.337,178.481,133.872,174.883,198.313,220.347,195.255,209.59,1
129.337,178.481,133.872,174.883,198.313,220.347,195.339,209.803,1
129.337,178.481,133.872,174.883,198.313,220.347,195.339,209.803,1
129.337,178.481,133.718,174.997,198.313,220.347,195.339,209.803,1
129.337,178.481,133.718,174.997,198.313,220.347,195.339,210.039,1
129.337,178.481,133.718,174.997,198.313,220.347,195.393,210.039,1
129.337,178.481,133.718,174.997,198.313,220.347,195.393,210.039,1
129.337,178.481,133.594,175.11,198.313,220.347,195.393,210.039,1
129.337,178.481,133.594,175.11,198.313,220.347,195.393,210.039,1
129.337,178.481,133.594,175.11,198.313,220.347,195.508,210.195,1
129.337,178.481,133.594,175.11,198.313,220.347,195.508,210.195,1
129.337,178.481,133.523,175.186,198.313,220.347,195.508,210.195,1
129.337,178.481,133.523,175.186,198.313,220.347,195.508,210.195,1
129.337,178.481,133.523,175.186,198.313,220.347,195.645,210.365,1
129.337,178.481,133.523,175.186,198.313,220.347,195.645,210.365,1
129.337,178.481,133.496,175.25,198.313,220.347,195.645,210.365,1
129.337,178.481,133.496,175.25,198.313,220.347,195.645,210.365,1
129.337,178.481,133.496,175.25,198.313,220.347,195.748,210.509,1
129.337,178.481,133.496,175.25,198.313,220.347,195.748,210.509,1
129.337,178.481,133.46,175.243,198.313,220.347,195.748,210.509,1
129.337,178.481,133.46,175.243,198.313,220.347,195.748,210.509,1
129.337,178.481,133.46,175.243,198.313,220.347,195.953,210.643,1
129.337,178.481,133.46,175.243,198.313,220.347,195.953,210.643,1
129.337,178.481,133.507,175.242,198.313,220.347,195.953,210.643,1
129.337,178.481,133.507,175.242,198.313,220.347,195.953,210.643,1
129.337,178.481,133.507,175.242,198.313,220.347,196.114,210.742,1
129.337,178.481,133.507,175.242,198.313,220.347,196.114,210.742,1
129.337,178.481,133.566,175.207,198.313,220.347,196.114,210.742,1
129.337,178.481,133.566,175.207,198.313,220.347,196.114,210.742,1
129.337,178.481,133.566,175.207,198.313,220.347,196.384,210.835,1
129.337,178.481,133.566,175.207,198.313,220.347,196.384,210.835,1
129.337,178.481,133.626,175.11,198.313,220.347,196.384,210.835,1
129.337,178.481,133.626,175.11,198.313,220.347,196.384,210.835,1
129.337,178.481,133.626,175.11,198.313,220.347,196.54,210.887,1
129.337,178.481,133.626,175.11,198.313,220.347,196.54,210.887,1
129.337,178.481,133.706,175.042,198.313,220.347,196.54,210.887,1
129.337,178.481,133.706,175.042,198.313,220.347,196.54,210.933,1
129.337,178.481,133.706,175.042,198.313,220.347,196.673,210.933,1
129.337,178.481,133.706,175.042,198.313,220.347,196.673,210.933,1
129.337,178.481,133.798,174.973,198.313,220.347,196.673,210.933,1
129.337,178.481,133.798,174.973,198.313,220.347,196.673,210.933,1
129.337,178.481,133.798,174.973,198.313,220.347,196.859,210.903,1
129.337,178.481,133.798,174.973,198.313,220.347,196.859,210.903,1
129.337,178.481,133.835,174.862,198.313,220.347,196.859,210.903,1
129.337,178.481,133.835,174.862,198.313,220.347,196.859,210.876,1
129.337,178.481,133.835,174.862,198.313,220.347,196.834,210.876,1
129.337,178.481,133.835,174.862,198.313,220.347,196.834,210.876,1
129.337,178.481,133.863,174.75,198.313,220.347,196.834,210.876,1
129.337,178.481,133.863,174.75,198.313,220.347,196.834,210.876,1
129.337,178.481,133.863,174.75,198.313,220.347,196.836,210.847,1
129.337,178.481,133.863,174.75,198.313,220.347,196.836,210.847,1
129.337,178.481,133.863,174.75,198.313,220.347,196.836,210.847,1
129.337,178.481,133.826,174.745,198.313,220.347,196.836,210.875,1
129.337,178.481,133.826,174.745,198.313,220.347,196.814,210.875,1
129.337,178.481,133.826,174.745,198.313,220.347,196.814,210.875,1
129.337,178.481,133.72,174.746,198.313,220.347,196.814,210.875,1
129.337,178.481,133.72,174.746,198.313,220.347,196.814,210.875,1
129.337,178.481,133.72,174.746,198.313,220.347,196.768,210.879,1
129.337,178.481,133.72,174.746,198.313,220.347,196.768,210.879,1
129.337,178.481,133.55,174.76,198.313,220.347,196.768,210.879,1
129.337,178.481,133.55,174.76,198.313,220.347,196.768,210.879,1
129.337,178.481,133.55,174.76,198.313,220.347,196.793,210.915,1
129.337,178.481,133.55,174.76,198.313,220.347,196.793,210.915,1
129.337,178.481,133.328,174.829,198.313,220.347,196.793,210.915,1
129.337,178.481,133.328,174.829,198.313,220.347,196.793,210.915,1
129.337,178.481,133.328,174.829,198.313,220.347,196.747,210.906,1
129.337,178.481,133.328,174.829,198.313,220.347,196.747,210.906,1
129.337,178.481,133.11,174.953,198.313,220.347,196.747,210.906,1
129.337,178.481,133.11,174.953,198.313,220.347,196.747,210.906,1
129.337,178.481,133.11,174.953,198.313,220.347,196.726,210.906,1
129.337,178.481,133.11,174.953,198.313,220.347,196.726,210.906,1
129.337,178.481,132.934,175.091,198.313,220.347,196.726,210.906,1
129.337,178.481,132.934,175.091,198.313,220.347,196.726,210.906,1
129.337,178.481,132.934,175.091,198.313,220.347,196.858,210.948,1
129.337,178.481,132.934,175.091,198.313,220.347,196.858,210.948,1
129.337,178.481,132.804,175.24,198.313,220.347,196.858,210.948,1
129.337,178.481,132.804,175.24,198.313,220.347,196.858,210.96,1
129.337,178.481,132.804,175.24,198.313,220.347,196.941,210.96,1
129.337,178.481,132.804,175.24,198.313,220.347,196.941,210.96,1
129.337,178.481,132.654,175.426,198.313,220.347,196.941,210.96,1
129.337,178.481,132.654,175.426,198.313,220.347,196.941,210.96,1
129.337,178.481,132.654,175.426,198.313,220.347,197.01,210.96,1
129.337,178.481,132.654,175.426,198.313,220.347,197.01,210.96,1
129.337,178.481,132.487,175.511,198.313,220.347,197.01,210.96,1
129.337,178.481,132.487,175.511,198.313,220.347,197.01,210.96,1
129.337,178.481,132.487,175.511,198.313,220.347,197.16,210.865,1
129.337,178.481,132.487,175.511,198.313,220.347,197.16,210.865,1
129.337,178.481,132.368,175.594,198.313,220.347,197.16,210.865,1
129.337,178.481,132.368,175.594,198.313,220.347,197.16,211.057,1
129.337,178.481,132.368,175.594,198.313,220.347,197.234,211.057,1
129.337,178.481,132.368,175.594,198.313,220.347,197.234,211.057,1
129.337,178.481,132.268,175.626,198.313,220.347,197.234,211.057,1
129.337,178.481,132.268,175.626,198.313,220.347,197.234,211.057,1
129.337,178.481,132.268,175.626,198.313,220.347,197.364,211.379,1
129.337,178.481,132.268,175.626,198.313,220.347,197.364,211.379,1
129.337,178.481,132.165,175.653,198.313,220.347,197.364,211.379,1
129.337,178.481,132.165,175.653,198.313,220.347,197.364,211.415,1
129.337,178.481,132.165,175.653,198.313,220.347,197.542,211.415,1
129.337,178.481,132.165,175.653,198.313,220.347,197.542,211.415,1
129.337,178.481,132.097,175.547,198.313,220.347,197.542,211.415,1
129.337,178.481,132.097,175.547,198.313,220.347,197.542,211.513,1
129.337,178.481,132.097,175.547,198.313,220.347,197.627,211.513,1
129.337,178.481,132.097,175.547,198.313,220.347,197.627,211.513,1
129.337,178.481,132.152,175.415,198.313,220.347,197.627,211.513,1
129.337,178.481,132.152,175.415,198.313,220.347,197.627,211.513,1
129.337,178.481,132.152,175.415,198.313,220.347,197.699,211.692,1
129.337,178.481,132.152,175.415,198.313,220.347,197.699,211.692,1
129.337,178.481,132.273,175.356,198.313,220.347,197.699,211.692,1
129.337,178.481,132.273,175.356,198.313,220.347,197.699,211.713,1
129.337,178.481,132.273,175.356,198.313,220.347,197.718,211.713,1
129.337,178.481,132.273,175.356,198.313,220.347,197.718,211.713,1
129.337,178.481,132.401,175.235,198.313,220.347,197.718,211.713,1
129.337,178.481,132.401,175.235,198.313,220.347,197.718,211.713,1
129.337,178.481,132.401,175.235,198.313,220.347,197.687,211.744,1
129.337,178.481,132.401,175.235,198.313,220.347,197.687,211.744,1
129.337,178.481,132.496,175.097,198.313,220.347,197.687,211.744,1
129.337,178.481,132.496,175.097,198.313,220.347,197.687,211.77,1
129.337,178.481,132.496,175.097,198.313,220.347,197.624,211.77,1
129.337,178.481,132.496,175.097,198.313,220.347,197.624,211.77,1
129.337,178.481,132.549,175.005,198.313,220.347,197.624,211.77,1
129.337,178.481,132.549,175.005,198.313,220.347,197.624,211.674,1
129.337,178.481,132.549,175.005,198.313,220.347,197.578,211.674,1
129.337,178.481,132.549,175.005,198.313,220.347,197.578,211.674,1
129.337,178.481,132.565,175.023,198.313,220.347,197.578,211.674,1
129.337,178.481,132.565,175.023,198.313,220.347,197.578,211.533,1
129.337,178.481,132.565,175.023,198.313,220.347,197.465,211.533,1
129.337,178.481,132.565,175.023,198.313,220.347,197.465,211.533,1
129.337,178.481,132.577,175.038,198.313,220.347,197.465,211.533,1
129.337,178.481,132.577,175.038,198.313,220.347,197.465,211.479,1
129.337,178.481,132.577,175.038,198.313,220.347,197.306,211.479,1
129.337,178.481,132.577,175.038,198.313,220.347,197.306,211.479,1
129.337,178.481,132.447,175.117,198.313,220.347,197.306,211.479,1
129.337,178.481,132.447,175.117,198.313,220.347,197.306,211.479,1
129.337,178.481,132.447,175.117,198.313,220.347,197.169,211.522,1
129.337,178.481,132.447,175.117,198.313,220.347,197.169,211.522,1
129.337,178.481,132.319,175.173,198.313,220.347,197.169,211.522,1
129.337,178.481,132.319,175.173,198.313,220.347,197.169,211.522,1
129.337,178.481,132.319,175.173,198.313,220.347,196.979,211.421,1
129.337,178.481,132.319,175.173,198.313,220.347,196.979,211.421,1
129.337,178.481,131.95,175.364,198.313,220.347,196.979,211.421,1
129.337,178.481,131.95,175.364,198.313,220.347,196.979,211.292,1
129.337,178.481,131.95,175.364,198.313,220.347,196.857,211.292,1
129.337,178.481,131.95,175.364,198.313,220.347,196.857,211.292,1
129.337,178.481,131.839,175.48,198.313,220.347,196.857,211.292,1
129.337,178.481,131.839,175.48,198.313,220.347,196.857,211.292,1
129.337,178.481,131.839,175.48,198.313,220.347,196.859,211.241,1
129.337,178.481,131.839,175.48,198.313,220.347,196.859,211.241,1
129.337,178.481,131.744,175.577,198.313,220.347,196.859,211.241,1
129.337,178.481,131.744,175.577,198.313,220.347,196.859,211.26,1
129.337,178.481,131.744,175.577,198.313,220.347,196.796,211.26,1
129.337,178.481,131.744,175.577,198.313,220.347,196.796,211.26,1
129.337,178.481,131.635,175.703,198.313,220.347,196.796,211.26,1
129.337,178.481,131.635,175.703,198.313,220.347,196.796,211.26,1
129.337,178.481,131.635,175.703,198.313,220.347,196.755,211.247,1
129.337,178.481,131.635,175.703,198.313,220.347,196.755,211.247,1
129.337,178.481,131.563,175.815,198.313,220.347,196.755,211.247,1
129.337,178.481,131.563,175.815,198.313,220.347,196.755,211.383,1
129.337,178.481,131.563,175.815,198.313,220.347,196.795,211.383,1
129.337,178.481,131.563,175.815,198.313,220.347,196.795,211.383,1
129.337,178.481,131.533,175.843,198.313,220.347,196.795,211.383,1
129.337,178.481,131.533,175.843,198.313,220.347,196.795,211.466,1
129.337,178.481,131.533,175.843,198.313,220.347,196.878,211.466,1
129.337,178.481,131.533,175.843,198.313,220.347,196.878,211.466,1
129.337,178.481,131.553,175.865,198.313,220.347,196.878,211.466,1
129.337,178.481,131.553,175.865,198.313,220.347,196.878,211.466,1
129.337,178.481,131.553,175.865,198.313,220.347,196.963,211.466,1
129.337,178.481,131.553,175.865,198.313,220.347,196.963,211.466,1
129.337,178.481,131.577,175.852,198.313,220.347,196.963,211.466,1
129.337,178.481,131.577,175.852,198.313,220.347,196.963,211.597,1
129.337,178.481,131.577,175.852,198.313,220.347,197.081,211.597,1
129.337,178.481,131.577,175.852,198.313,220.347,197.081,211.597,1
129.337,178.481,131.566,175.723,198.313,220.347,197.081,211.597,1
129.337,178.481,131.566,175.723,198.313,220.347,197.081,211.597,1
129.337,178.481,131.566,175.723,198.313,220.347,197.148,211.715,1
129.337,178.481,131.566,175.723,198.313,220.347,197.148,211.715,1
129.337,178.481,131.59,175.581,198.313,220.347,197.148,211.715,1
129.337,178.481,131.59,175.581,198.313,220.347,197.148,211.699,1
129.337,178.481,131.59,175.581,198.313,220.347,197.173,211.699,1
129.337,178.481,131.59,175.581,198.313,220.347,197.173,211.699,1
129.337,178.481,131.679,175.418,198.313,220.347,197.173,211.699,1
129.337,178.481,131.679,175.418,198.313,220.347,197.173,211.738,1
129.337,178.481,131.679,175.418,198.313,220.347,197.245,211.738,1
129.337,178.481,131.679,175.418,198.313,220.347,197.245,211.738,1
129.337,178.481,131.675,175.266,198.313,220.347,197.245,211.738,1
129.337,178.481,131.675,175.266,198.313,220.347,197.245,211.915,1
129.337,178.481,131.675,175.266,198.313,220.347,197.295,211.915,1
129.337,178.481,131.675,175.266,198.313,220.347,197.295,211.915,1
129.337,178.481,131.658,175.103,198.313,220.347,197.295,211.915,1
129.337,178.481,131.658,175.103,198.313,220.347,197.295,212.11,1
129.337,178.481,131.658,175.103,198.313,220.347,197.218,212.11,1
129.337,178.481,131.658,175.103,198.313,220.347,197.218,212.11,1
129.337,178.481,131.624,174.926,198.313,220.347,197.218,212.11,1
129.337,178.481,131.624,174.926,198.313,220.347,197.218,212.11,1
129.337,178.481,131.624,174.926,198.313,220.347,197.105,212.131,1
129.337,178.481,131.624,174.926,198.313,220.347,197.105,212.131,1
129.337,178.481,131.606,174.838,198.313,220.347,197.105,212.131,1
129.337,178.481,131.606,174.838,198.313,220.347,197.105,212.076,1
129.337,178.481,131.606,174.838,198.313,220.347,197.089,212.076,1
129.337,178.481,131.606,174.838,198.313,220.347,197.089,212.076,1
129.337,178.481,131.54,174.81,198.313,220.347,197.089,212.076,1
129.337,178.481,131.54,174.81,198.313,220.347,197.089,212.094,1
129.337,178.481,131.54,174.81,198.313,220.347,196.977,212.094,1
129.337,178.481,131.54,174.81,198.313,220.347,196.977,212.094,1
129.337,178.481,131.479,174.786,198.313,220.347,196.977,212.094,1
129.337,178.481,131.479,174.786,198.313,220.347,196.977,212.103,1
129.337,178.481,131.479,174.786,198.313,220.347,196.906,212.103,1
129.337,178.481,131.479,174.786,198.313,220.347,196.906,212.103,1
129.337,178.481,131.389,174.832,198.313,220.347,196.906,212.103,1
129.337,178.481,131.389,174.832,198.313,220.347,196.906,212.063,1
129.337,178.481,131.389,174.832,198.313,220.347,196.775,212.063,1
129.337,178.481,131.389,174.832,198.313,220.347,196.775,212.063,1
129.337,178.481,131.313,174.941,198.313,220.347,196.775,212.063,1
129.337,178.481,131.313,174.941,198.313,220.347,196.775,212.063,1
129.337,178.481,131.313,174.941,198.313,220.347,196.703,212.138,1
129.337,178.481,131.313,174.941,198.313,220.347,196.703,212.138,1
129.337,178.481,131.224,175.084,198.313,220.347,196.703,212.138,1
129.337,178.481,131.224,175.084,198.313,220.347,196.703,212.215,1
129.337,178.481,131.224,175.084,198.313,220.347,196.7,212.215,1
129.337,178.481,131.224,175.084,198.313,220.347,196.7,212.215,1
129.337,178.481,131.149,175.226,198.313,220.347,196.7,212.215,1
129.337,178.481,131.149,175.226,198.313,220.347,196.7,212.261,1
129.337,178.481,131.149,175.226,198.313,220.347,196.66,212.261,1
129.337,178.481,131.149,175.226,198.313,220.347,196.66,212.261,1
129.337,178.481,131.086,175.34,198.313,220.347,196.66,212.261,1
129.337,178.481,131.086,175.34,198.313,220.347,196.66,212.207,1
129.337,178.481,131.086,175.34,198.313,220.347,196.656,212.207,1
129.337,178.481,131.086,175.34,198.313,220.347,196.656,212.207,1
129.337,178.481,131.05,175.446,198.313,220.347,196.656,212.207,1
129.337,178.481,131.05,175.446,198.313,220.347,196.656,212.347,1
129.337,178.481,131.05,175.446,198.313,220.347,196.696,212.347,1
129.337,178.481,131.05,175.446,198.313,220.347,196.696,212.347,1
129.337,178.481,131.028,175.515,198.313,220.347,196.696,212.347,1
129.337,178.481,131.028,175.515,198.313,220.347,196.696,212.347,1
129.337,178.481,131.028,175.515,198.313,220.347,196.766,212.434,1
129.337,178.481,131.028,175.515,198.313,220.347,196.766,212.434,1
129.337,178.481,131.022,175.543,198.313,220.347,196.766,212.434,1
129.337,178.481,131.022,175.543,198.313,220.347,196.766,212.562,1
129.337,178.481,131.022,175.543,198.313,220.347,196.845,212.562,1
129.337,178.481,131.022,175.543,198.313,220.347,196.845,212.562,1
129.337,178.481,131.056,175.542,198.313,220.347,196.845,212.562,1
129.337,178.481,131.056,175.542,198.313,220.347,196.845,212.634,1
129.337,178.481,131.056,175.542,198.313,220.347,196.85,212.634,1
129.337,178.481,131.056,175.542,198.313,220.347,196.85,212.634,1
129.337,178.481,131.092,175.461,198.313,220.347,196.85,212.634,1
129.337,178.481,131.092,175.461,198.313,220.347,196.85,212.803,1
129.337,178.481,131.092,175.461,198.313,220.347,196.901,212.803,1
129.337,178.481,131.092,175.461,198.313,220.347,196.901,212.803,1
129.337,178.481,131.145,175.352,198.313,220.347,196.901,212.803,1
129.337,178.481,131.145,175.352,198.313,220.347,196.901,212.915,1
129.337,178.481,131.145,175.352,198.313,220.347,197.03,212.915,1
129.337,178.481,131.145,175.352,198.313,220.347,197.03,212.915,1
129.337,178.481,131.155,175.215,198.313,220.347,197.03,212.915,1
129.337,178.481,131.155,175.215,198.313,220.347,197.03,212.915,1
129.337,178.481,131.155,175.215,198.313,220.347,197.06,213.053,1
129.337,178.481,131.155,175.215,198.313,220.347,197.06,213.053,1
129.337,178.481,131.159,175.089,198.313,220.347,197.06,213.053,1
129.337,178.481,131.159,175.089,198.313,220.347,197.06,213.147,1
129.337,178.481,131.159,175.089,198.313,220.347,197.11,213.147,1
129.337,178.481,131.159,175.089,198.313,220.347,197.11,213.147,1
129.337,178.481,131.136,174.974,198.313,220.347,197.11,213.147,1
129.337,178.481,131.136,174.974,198.313,220.347,197.11,213.133,1
129.337,178.481,131.136,174.974,198.313,220.347,197.193,213.133,1
129.337,178.481,131.136,174.974,198.313,220.347,197.193,213.133,1
129.337,178.481,131.071,174.848,198.313,220.347,197.193,213.133,1
129.337,178.481,131.071,174.848,198.313,220.347,197.193,213.237,1
129.337,178.481,131.071,174.848,198.313,220.347,197.171,213.237,1
129.337,178.481,131.071,174.848,198.313,220.347,197.171,213.237,1
129.337,178.481,131.011,174.795,198.313,220.347,197.171,213.237,1
129.337,178.481,131.011,174.795,198.313,220.347,197.171,213.235,1
129.337,178.481,131.011,174.795,198.313,220.347,197.005,213.235,1
129.337,178.481,131.011,174.795,198.313,220.347,197.005,213.235,1
129.337,178.481,130.886,174.741,198.313,220.347,197.005,213.235,1
129.337,178.481,130.886,174.741,198.313,220.347,197.005,213.235,1
129.337,178.481,130.886,174.741,198.313,220.347,196.997,213.214,1
129.337,178.481,130.886,174.741,198.313,220.347,196.997,213.214,1
129.337,178.481,130.754,174.755,198.313,220.347,196.997,213.214,1
129.337,178.481,130.754,174.755,198.313,220.347,196.997,213.285,1
129.337,178.481,130.754,174.755,198.313,220.347,197.019,213.285,1
129.337,178.481,130.754,174.755,198.313,220.347,197.019,213.285,1
129.337,178.481,130.607,174.801,198.313,220.347,197.019,213.285,1
129.337,178.481,130.607,174.801,198.313,220.347,197.019,213.302,1
129.337,178.481,130.607,174.801,198.313,220.347,197.077,213.302,1
129.337,178.481,130.607,174.801,198.313,220.347,197.077,213.302,1
129.337,178.481,130.469,174.884,198.313,220.347,197.077,213.302,1
129.337,178.481,130.469,174.884,198.313,220.347,197.077,213.304,1
129.337,178.481,130.469,174.884,198.313,220.347,197.118,213.304,1
129.337,178.481,130.469,174.884,198.313,220.347,197.118,213.304,1
129.337,178.481,130.347,175.006,198.313,220.347,197.118,213.304,1
129.337,178.481,130.347,175.006,198.313,220.347,197.118,213.268,1
129.337,178.481,130.347,175.006,198.313,220.347,197.195,213.268,1
129.337,178.481,130.347,175.006,198.313,220.347,197.195,213.268,1
129.337,178.481,130.255,175.115,198.313,220.347,197.195,213.268,1
129.337,178.481,130.255,175.115,198.313,220.347,197.195,213.268,1
129.337,178.481,130.255,175.115,198.313,220.347,197.255,213.327,1
129.337,178.481,130.255,175.115,198.313,220.347,197.255,213.327,1
129.337,178.481,130.179,175.209,198.313,220.347,197.255,213.327,1
129.337,178.481,130.179,175.209,198.313,220.347,197.255,213.432,1
129.337,178.481,130.179,175.209,198.313,220.347,197.454,213.432,1
129.337,178.481,130.179,175.209,198.313,220.347,197.454,213.432,1
129.337,178.481,130.145,175.276,198.313,220.347,197.454,213.432,1
129.337,178.481,130.145,175.276,198.313,220.347,197.454,213.61,1
129.337,178.481,130.145,175.276,198.313,220.347,197.601,213.61,1
129.337,178.481,130.145,175.276,198.313,220.347,197.601,213.61,1
129.337,178.481,130.12,175.211,198.313,220.347,197.601,213.61,1
129.337,178.481,130.12,175.211,198.313,220.347,197.601,213.709,1
129.337,178.481,130.12,175.211,198.313,220.347,197.735,213.709,1
129.337,178.481,130.162,175.211,198.313,220.347,197.735,213.709,1
129.337,178.481,130.162,175.235,198.313,220.347,197.735,213.709,1
129.337,178.481,130.162,175.235,198.313,220.347,197.735,213.709,1
129.337,178.481,130.162,175.235,198.313,220.347,197.735,213.8,1
129.337,178.481,130.222,175.235,198.313,220.347,197.811,213.8,1
129.337,178.481,130.222,175.142,198.313,220.347,197.811,213.8,1
129.337,178.481,130.222,175.142,198.313,220.347,197.811,213.8,1
129.337,178.481,130.222,175.142,198.313,220.347,197.881,213.996,1
129.337,178.481,130.222,175.142,198.313,220.347,197.881,213.996,1
129.337,178.481,130.291,175.068,198.313,220.347,197.881,213.996,1
129.337,178.481,130.291,175.068,198.313,220.347,197.881,214.165,1
129.337,178.481,130.291,175.068,198.313,220.347,197.768,214.165,1
129.337,178.481,130.385,175.068,198.313,220.347,197.768,214.165,1
129.337,178.481,130.385,174.894,198.313,220.347,197.768,214.165,1
129.337,178.481,130.385,174.894,198.313,220.347,197.768,214.28,1
129.337,178.481,130.385,174.894,198.313,220.347,197.843,214.28,1
129.337,178.481,130.385,174.894,198.313,220.347,197.843,214.28,1
129.337,178.481,130.475,174.748,198.313,220.347,197.843,214.28,1
129.337,178.481,130.475,174.748,198.313,220.347,197.843,214.5,1
129.337,178.481,130.475,174.748,198.313,220.347,197.832,214.5,1
129.337,178.481,130.555,174.748,198.313,220.347,197.832,214.5,1
129.337,178.481,130.555,174.618,198.313,220.347,197.832,214.5,1
129.337,178.481,130.555,174.618,198.313,220.347,197.832,214.623,1
129.337,178.481,130.555,174.618,198.313,220.347,197.775,214.623,1
129.337,178.481,130.555,174.618,198.313,220.347,197.775,214.623,1
129.337,178.481,130.61,174.49,198.313,220.347,197.775,214.623,1
129.337,178.481,130.61,174.49,198.313,220.347,197.775,214.623,1
129.337,178.481,130.61,174.49,198.313,220.347,197.723,214.656,1
129.337,178.481,130.634,174.49,198.313,220.347,197.723,214.656,1
129.337,178.481,130.634,174.385,198.313,220.347,197.723,214.656,1
129.337,178.481,130.634,174.385,198.313,220.347,197.723,214.864,1
129.337,178.481,130.634,174.385,198.313,220.347,197.686,214.864,1
129.337,178.481,130.61,174.385,198.313,220.347,197.686,214.864,1
129.337,178.481,130.61,174.321,198.313,220.347,197.686,214.864,1
129.337,178.481,130.61,174.321,198.313,220.347,197.686,214.868,1
129.337,178.481,130.61,174.321,198.313,220.347,197.654,214.868,1
129.337,178.481,130.61,174.321,198.313,220.347,197.654,214.868,1
129.337,178.481,130.599,174.357,198.313,220.347,197.654,214.868,1
129.337,178.481,130.599,174.357,198.313,220.347,197.654,214.921,1
129.337,178.481,130.599,174.357,198.313,220.347,197.609,214.921,1
129.337,178.481,130.514,174.357,198.313,220.347,197.609,214.921,1
129.337,178.481,130.514,174.424,198.313,220.347,197.609,214.921,1
129.337,178.481,130.514,174.424,198.313,220.347,197.609,214.92,1
129.337,178.481,130.514,174.424,198.313,220.347,197.604,214.92,1
129.337,178.481,130.421,174.424,198.313,220.347,197.604,214.92,1
129.337,178.481,130.421,174.56,198.313,220.347,197.604,214.92,1
129.337,178.481,130.421,174.56,198.313,220.347,197.604,214.92,1
129.337,178.481,130.421,174.56,198.313,220.347,197.646,214.903,1
129.337,178.481,130.318,174.56,198.313,220.347,197.646,214.903,1
129.337,178.481,130.318,174.723,198.313,220.347,197.646,214.903,1
129.337,178.481,130.318,174.723,198.313,220.347,197.646,214.92,1
129.337,178.481,130.318,174.723,198.313,220.347,197.609,214.92,1
129.337,178.481,130.212,174.723,198.313,220.347,197.609,214.92,1
129.337,178.481,130.212,174.924,198.313,220.347,197.609,214.92,1
129.337,178.481,130.212,174.924,198.313,220.347,197.609,214.872,1
129.337,178.481,130.212,174.924,198.313,220.347,197.641,214.872,1
129.337,178.481,130.212,174.924,198.313,220.347,197.641,214.872,1
129.337,178.481,130.145,175.179,198.313,220.347,197.641,214.872,1
129.337,178.481,130.145,175.179,198.313,220.347,197.641,214.852,1
129.337,178.481,130.145,175.179,198.313,220.347,197.706,214.852,1
129.337,178.481,130.099,175.179,198.313,220.347,197.706,214.852,1
129.337,178.481,130.099,175.47,198.313,220.347,197.706,214.852,1
129.337,178.481,130.099,175.47,198.313,220.347,197.706,214.846,1
129.337,178.481,130.099,175.47,198.313,220.347,197.785,214.846,1
129.337,178.481,130.063,175.653,198.313,220.347,197.785,214.846,1
129.337,178.481,130.063,175.653,198.313,220.347,197.785,214.846,1
129.337,178.481,130.063,175.653,198.313,220.347,197.785,214.846,1
129.337,178.481,130.063,175.653,198.313,220.347,197.925,214.802,1
129.337,178.481,130.042,175.653,198.313,220.347,197.925,214.802,1
129.337,178.481,130.042,175.818,198.313,220.347,197.925,214.802,1
129.337,178.481,130.042,175.818,198.313,220.347,197.925,214.841,1
129.337,178.481,130.042,175.818,198.313,220.347,197.95,214.841,1
129.337,178.481,130.049,175.818,198.313,220.347,197.95,214.841,1
129.337,178.481,130.049,175.955,198.313,220.347,197.95,214.841,1
129.337,178.481,130.049,175.955,198.313,220.347,197.95,214.892,1
129.337,178.481,130.049,175.955,198.313,220.347,197.932,214.892,1
129.337,178.481,130.049,175.955,198.313,220.347,197.932,214.892,1
129.337,178.481,130.06,176.051,198.313,220.347,197.932,214.892,1
129.337,178.481,130.06,176.051,198.313,220.347,197.932,214.957,1
129.337,178.481,130.06,176.051,198.313,220.347,197.975,214.957,1
129.337,178.481,130.097,176.051,198.313,220.347,197.975,214.957,1
129.337,178.481,130.097,176.089,198.313,220.347,197.975,214.957,1
129.337,178.481,130.097,176.089,198.313,220.347,197.975,214.954,1
129.337,178.481,130.097,176.089,198.313,220.347,198.058,214.954,1
129.337,178.481,130.123,176.089,198.313,220.347,198.058,214.954,1
129.337,178.481,130.123,176.063,198.313,220.347,198.058,214.954,1
129.337,178.481,130.123,176.063,198.313,220.347,198.058,214.954,1
129.337,178.481,130.123,176.063,198.313,220.347,198.11,214.932,1
129.337,178.481,130.056,176.063,198.313,220.347,198.11,214.932,1
129.337,178.481,130.056,175.999,198.313,220.347,198.11,214.932,1
129.337,178.481,130.056,175.999,198.313,220.347,198.11,214.971,1
129.337,178.481,130.056,175.999,198.313,220.347,198.097,214.971,1
129.337,178.481,130.068,175.999,198.313,220.347,198.097,214.971,1
129.337,178.481,130.068,175.891,198.313,220.347,198.097,214.971,1
129.337,178.481,130.068,175.891,198.313,220.347,198.097,215.03,1
129.337,178.481,130.068,175.891,198.313,220.347,198.063,215.03,1
129.337,178.481,130.068,175.891,198.313,220.347,198.063,215.03,1
129.337,178.481,130.042,175.755,198.313,220.347,198.063,215.03,1
129.337,178.481,130.042,175.755,198.313,220.347,198.063,215.111,1
129.337,178.481,130.042,175.755,198.313,220.347,198.054,215.111,1
129.337,178.481,129.997,175.755,198.313,220.347,198.054,215.111,1
129.337,178.481,129.997,175.592,198.313,220.347,198.054,215.111,1
129.337,178.481,129.997,175.592,198.313,220.347,198.054,215.106,1
129.337,178.481,129.997,175.592,198.313,220.347,198.009,215.106,1
129.337,178.481,129.885,175.592,198.313,220.347,198.009,215.106,1
129.337,178.481,129.885,175.492,198.313,220.347,198.009,215.106,1
129.337,178.481,129.885,175.492,198.313,220.347,198.009,215.106,1
129.337,178.481,129.885,175.492,198.313,220.347,197.937,215.018,1
129.337,178.481,129.775,175.492,198.313,220.347,197.937,215.018,1
129.337,178.481,129.775,175.448,198.313,220.347,197.937,215.018,1
129.337,178.481,129.775,175.448,198.313,220.347,197.937,214.999,1
129.337,178.481,129.775,175.448,198.313,220.347,197.824,214.999,1
129.337,178.481,129.641,175.471,198.313,220.347,197.824,214.999,1
129.337,178.481,129.641,175.471,198.313,220.347,197.824,214.999,1
129.337,178.481,129.641,175.471,198.313,220.347,197.824,215.015,1
129.337,178.481,129.641,175.471,198.313,220.347,197.697,215.015,1
129.337,178.481,129.641,175.471,198.313,220.347,197.697,215.015,1
129.337,178.481,129.492,175.478,198.313,220.347,197.697,215.015,1
129.337,178.481,129.492,175.478,198.313,220.347,197.697,215.029,1
129.337,178.481,129.492,175.478,198.313,220.347,197.838,215.029,1
129.337,178.481,129.38,175.478,198.313,220.347,197.838,215.029,1
129.337,178.481,129.38,175.576,198.313,220.347,197.838,215.029,1
129.337,178.481,129.38,175.576,198.313,220.347,197.838,215.001,1
129.337,178.481,129.38,175.576,198.313,220.347,197.9,215.001,1
129.337,178.481,129.185,175.576,198.313,220.347,197.9,215.001,1
129.337,178.481,129.185,175.748,198.313,220.347,197.9,215.001,1
129.337,178.481,129.185,175.748,198.313,220.347,197.9,215.001,1
129.337,178.481,129.185,175.748,198.313,220.347,197.902,214.976,1
129.337,178.481,129.095,175.748,198.313,220.347,197.902,214.976,1
129.337,178.481,129.095,175.919,198.313,220.347,197.902,214.976,1
129.337,178.481,129.095,175.919,198.313,220.347,197.902,214.903,1
129.337,178.481,129.095,175.919,198.313,220.347,198.033,214.903,1
129.337,178.481,129.072,175.919,198.313,220.347,198.033,214.903,1
129.337,178.481,129.072,176.109,198.313,220.347,198.033,214.903,1
129.337,178.481,129.072,176.109,198.313,220.347,198.033,214.908,1
129.337,178.481,129.072,176.109,198.313,220.347,198.219,214.908,1
129.337,178.481,129.072,176.109,198.313,220.347,198.219,214.908,1
129.337,178.481,129.061,176.219,198.313,220.347,198.219,214.908,1
129.337,178.481,129.061,176.219,198.313,220.347,198.219,214.911,1
129.337,178.481,129.061,176.219,198.313,220.347,198.414,214.911,1
129.337,178.481,129.081,176.219,198.313,220.347,198.414,214.911,1
129.337,178.481,129.081,176.363,198.313,220.347,198.414,214.911,1
129.337,178.481,129.081,176.363,198.313,220.347,198.414,214.919,1
129.337,178.481,129.081,176.363,198.313,220.347,198.439,214.919,1
129.337,178.481,129.153,176.363,198.313,220.347,198.439,214.919,1
129.337,178.481,129.153,176.44,198.313,220.347,198.439,214.919,1
129.337,178.481,129.153,176.44,198.313,220.347,198.439,214.919,1
129.337,178.481,129.153,176.44,198.313,220.347,198.428,215.002,1
129.337,178.481,129.225,176.44,198.313,220.347,198.428,215.002,1
129.337,178.481,129.225,176.439,198.313,220.347,198.428,215.002,1
129.337,178.481,129.225,176.439,198.313,220.347,198.428,215.13,1
129.337,178.481,129.225,176.439,198.313,220.347,198.455,215.13,1
129.337,178.481,129.368,176.439,198.313,220.347,198.455,215.13,1
129.337,178.481,129.368,176.479,198.313,220.347,198.455,215.13,1
129.337,178.481,129.368,176.479,198.313,220.347,198.455,215.309,1
129.337,178.481,129.368,176.479,198.313,220.347,198.485,215.309,1
129.337,178.481,129.368,176.479,198.313,220.347,198.485,215.309,1
129.337,178.481,129.502,176.394,198.313,220.347,198.485,215.309,1
129.337,178.481,129.502,176.394,198.313,220.347,198.485,215.548,1
129.337,178.481,129.502,176.394,198.313,220.347,198.375,215.548,1
129.337,178.481,129.419,176.309,198.313,220.347,198.375,215.548,1
129.337,178.481,129.419,176.309,198.313,220.347,198.375,215.548,1
129.337,178.481,129.419,176.309,198.313,220.347,198.375,215.701,1
129.337,178.481,129.419,176.309,198.313,220.347,198.258,215.701,1
129.337,178.481,129.527,176.309,198.313,220.347,198.258,215.701,1
129.337,178.481,129.527,176.085,198.313,220.347,198.258,215.701,1
129.337,178.481,129.527,176.085,198.313,220.347,198.258,215.701,1
129.337,178.481,129.527,176.085,198.313,220.347,198.202,215.795,1
129.337,178.481,129.608,176.085,198.313,220.347,198.202,215.795,1
129.337,178.481,129.608,175.882,198.313,220.347,198.202,215.795,1
129.337,178.481,129.608,175.882,198.313,220.347,198.202,215.855,1
129.337,178.481,129.608,175.882,198.313,220.347,198.038,215.855,1
129.337,178.481,129.678,175.696,198.313,220.347,198.038,215.855,1
129.337,178.481,129.678,175.696,198.313,220.347,198.038,215.855,1
129.337,178.481,129.678,175.696,198.313,220.347,198.038,215.981,1
129.337,178.481,129.678,175.696,198.313,220.347,197.948,215.981,1
129.337,178.481,129.678,175.696,198.313,220.347,197.948,215.981,1
129.337,178.481,129.658,175.54,198.313,220.347,197.948,215.981,1
129.337,178.481,129.658,175.54,198.313,220.347,197.948,216.113,1
129.337,178.481,129.658,175.54,198.313,220.347,197.806,216.113,1
129.337,178.481,129.575,175.402,198.313,220.347,197.806,216.113,1
129.337,178.481,129.575,175.402,198.313,220.347,197.806,216.113,1
129.337,178.481,129.575,175.402,198.313,220.347,197.806,216.181,1
129.337,178.481,129.575,175.402,198.313,220.347,197.689,216.181,1
129.337,178.481,129.517,175.402,198.313,220.347,197.689,216.181,1
129.337,178.481,129.517,175.32,198.313,220.347,197.689,216.181,1
129.337,178.481,129.517,175.32,198.313,220.347,197.689,216.181,1
129.337,178.481,129.517,175.32,198.313,220.347,197.709,216.189,1
129.337,178.481,129.47,175.293,198.313,220.347,197.709,216.189,1
129.337,178.481,129.47,175.293,198.313,220.347,197.709,216.189,1
129.337,178.481,129.47,175.293,198.313,220.347,197.709,216.159,1
129.337,178.481,129.47,175.293,198.313,220.347,197.657,216.159,1
129.337,178.481,129.296,175.366,198.313,220.347,197.657,216.159,1
129.337,178.481,129.296,175.366,198.313,220.347,197.657,216.159,1
129.337,178.481,129.296,175.366,198.313,220.347,197.657,216.208,1
129.337,178.481,129.296,175.366,198.313,220.347,197.629,216.208,1
129.337,178.481,129.296,175.366,198.313,220.347,197.629,216.208,1
129.337,178.481,129.214,175.444,198.313,220.347,197.629,216.208,1
129.337,178.481,129.214,175.444,198.313,220.347,197.629,216.251,1
129.337,178.481,129.214,175.444,198.313,220.347,197.672,216.251,1
129.337,178.481,129.135,175.444,198.313,220.347,197.672,216.251,1
129.337,178.481,129.135,175.571,198.313,220.347,197.672,216.251,1
129.337,178.481,129.135,175.571,198.313,220.347,197.672,216.229,1
129.337,178.481,129.135,175.571,198.313,220.347,197.692,216.229,1
129.337,178.481,129.183,175.571,198.313,220.347,197.692,216.229,1
129.337,178.481,129.183,175.571,198.313,220.347,197.692,216.229,1
129.337,178.481,129.183,175.775,198.313,220.347,197.692,216.229,1
129.337,178.481,129.183,175.775,198.313,220.347,197.764,216.122,1
129.337,178.481,129.183,175.775,198.313,220.347,197.764,216.122,1
129.337,178.481,129.26,176.009,198.313,220.347,197.764,216.122,1
129.337,178.481,129.26,176.009,198.313,220.347,197.764,216.051,1
129.337,178.481,129.26,176.009,198.313,220.347,197.764,216.051,1
129.337,178.481,129.26,176.009,198.313,220.347,197.893,216.051,1
129.337,178.481,129.384,176.223,198.313,220.347,197.893,216.051,1
129.337,178.481,129.384,176.223,198.313,220.347,197.893,215.988,1
129.337,178.481,129.384,176.223,198.313,220.347,197.957,215.988,1
129.337,178.481,129.384,176.223,198.313,220.347,197.957,215.988,1
129.337,178.481,129.517,176.393,198.313,220.347,197.957,215.988,1
129.337,178.481,129.517,176.393,198.313,220.347,197.957,215.964,1
129.337,178.481,129.517,176.393,198.313,220.347,198.144,215.964,1
129.337,178.481,129.649,176.393,198.313,220.347,198.144,215.964,1
129.337,178.481,129.649,176.529,198.313,220.347,198.144,215.964,1
129.337,178.481,129.649,176.529,198.313,220.347,198.144,216.093,1
129.337,178.481,129.649,176.529,198.313,220.347,198.16,216.093,1
129.337,178.481,129.649,176.529,198.313,220.347,198.16,216.093,1
129.337,178.481,129.882,176.689,198.313,220.347,198.16,216.093,1
129.337,178.481,129.882,176.689,198.313,220.347,198.16,216.093,1
129.337,178.481,129.882,176.689,198.313,220.347,198.199,216.084,1
129.337,178.481,130.073,176.689,198.313,220.347,198.199,216.084,1
129.337,178.481,130.073,176.755,198.313,220.347,198.199,216.084,1
129.337,178.481,130.073,176.755,198.313,220.347,198.199,216.104,1
129.337,178.481,130.073,176.755,198.313,220.347,198.186,216.104,1
129.337,178.481,130.254,176.727,198.313,220.347,198.186,216.104,1
129.337,178.481,130.254,176.727,198.313,220.347,198.186,216.104,1
129.337,178.481,130.254,176.727,198.313,220.347,198.186,216.179,1
129.337,178.481,130.254,176.727,198.313,220.347,198.097,216.179,1
129.337,178.481,130.254,176.727,198.313,220.347,198.097,216.179,1
129.337,178.481,130.405,176.702,198.313,220.347,198.097,216.179,1
129.337,178.481,130.405,176.702,198.313,220.347,198.097,216.341,1
129.337,178.481,130.405,176.702,198.313,220.347,198,216.341,1
129.337,178.481,130.527,176.702,198.313,220.347,198,216.341,1
129.337,178.481,130.527,176.643,198.313,220.347,198,216.341,1
129.337,178.481,130.527,176.643,198.313,220.347,198,216.358,1
129.337,178.481,130.527,176.643,198.313,220.347,197.947,216.358,1
129.337,178.481,130.637,176.6,198.313,220.347,197.947,216.358,1
129.337,178.481,130.637,176.6,198.313,220.347,197.947,216.358,1
129.337,178.481,130.637,176.6,198.313,220.347,197.947,216.358,1
129.337,178.481,130.637,176.6,198.313,220.347,197.868,216.371,1
129.337,178.481,130.653,176.526,198.313,220.347,197.868,216.371,1
129.337,178.481,130.653,176.526,198.313,220.347,197.868,216.371,1
129.337,178.481,130.653,176.526,198.313,220.347,197.868,216.477,1
129.337,178.481,130.653,176.526,198.313,220.347,197.868,216.477,1
129.337,178.481,130.653,176.526,198.313,220.347,197.798,216.477,1
129.337,178.481,130.638,176.461,198.313,220.347,197.798,216.477,1
129.337,178.481,130.638,176.461,198.313,220.347,197.798,216.535,1
129.337,178.481,130.638,176.461,198.313,220.347,197.803,216.535,1
129.337,178.481,130.638,176.461,198.313,220.347,197.803,216.535,1
129.337,178.481,130.554,176.412,198.313,220.347,197.803,216.535,1
129.337,178.481,130.554,176.412,198.313,220.347,197.803,216.596,1
129.337,178.481,130.554,176.412,198.313,220.347,197.809,216.596,1
129.337,178.481,130.467,176.412,198.313,220.347,197.809,216.596,1
129.337,178.481,130.467,176.403,198.313,220.347,197.809,216.596,1
129.337,178.481,130.467,176.403,198.313,220.347,197.809,216.649,1
129.337,178.481,130.467,176.403,198.313,220.347,197.78,216.649,1
129.337,178.481,130.317,176.403,198.313,220.347,197.78,216.649,1
129.337,178.481,130.317,176.457,198.313,220.347,197.78,216.649,1
129.337,178.481,130.317,176.457,198.313,220.347,197.78,216.649,1
129.337,178.481,130.317,176.457,198.313,220.347,197.827,216.623,1
129.337,178.481,130.173,176.513,198.313,220.347,197.827,216.623,1
129.337,178.481,130.173,176.513,198.313,220.347,197.827,216.623,1
129.337,178.481,130.173,176.513,198.313,220.347,197.827,216.575,1
129.337,178.481,130.173,176.513,198.313,220.347,197.922,216.575,1
129.337,178.481,130.08,176.637,198.313,220.347,197.922,216.575,1
129.337,178.481,130.08,176.637,198.313,220.347,197.922,216.575,1
129.337,178.481,130.08,176.637,198.313,220.347,197.922,216.716,1
129.337,178.481,130.08,176.637,198.313,220.347,198.046,216.716,1
129.337,178.481,130.08,176.637,198.313,220.347,198.046,216.716,1
129.337,178.481,129.973,176.757,198.313,220.347,198.046,216.716,1
129.337,178.481,129.973,176.757,198.313,220.347,198.046,216.884,1
129.337,178.481,129.973,176.757,198.313,220.347,198.168,216.884,1
129.337,178.481,129.869,176.893,198.313,220.347,198.168,216.884,1
129.337,178.481,129.869,176.893,198.313,220.347,198.168,216.884,1
129.337,178.481,129.869,176.893,198.313,220.347,198.168,217.01,1
129.337,178.481,129.869,176.893,198.313,220.347,198.294,217.01,1
129.337,178.481,129.862,177.03,198.313,220.347,198.294,217.01,1
129.337,178.481,129.862,177.03,198.313,220.347,198.294,217.01,1
129.337,178.481,129.862,177.03,198.313,220.347,198.294,217.01,1
129.337,178.481,129.862,177.03,198.313,220.347,198.466,217.067,1
129.337,178.481,129.871,177.149,198.313,220.347,198.466,217.067,1
129.337,178.481,129.871,177.149,198.313,220.347,198.466,217.067,1
129.337,178.481,129.871,177.149,198.313,220.347,198.466,217.162,1
129.337,178.481,129.871,177.149,198.313,220.347,198.466,217.162,1
129.337,178.481,129.871,177.149,198.313,220.347,198.539,217.162,1
129.337,178.481,129.904,177.228,198.313,220.347,198.539,217.162,1
129.337,178.481,129.904,177.228,198.313,220.347,198.539,217.222,1
129.337,178.481,129.904,177.228,198.313,220.347,198.661,217.222,1
129.337,178.481,129.904,177.228,198.313,220.347,198.661,217.222,1
129.337,178.481,129.973,177.283,198.313,220.347,198.661,217.222,1
129.337,178.481,129.973,177.283,198.313,220.347,198.661,217.362,1
129.337,178.481,129.973,177.283,198.313,220.347,198.814,217.362,1
129.337,178.481,130.056,177.283,198.313,220.347,198.814,217.362,1
129.337,178.481,130.056,177.306,198.313,220.347,198.814,217.362,1
129.337,178.481,130.056,177.306,198.313,220.347,198.936,217.511,1
129.337,178.481,130.056,177.306,198.313,220.347,198.936,217.511,1
129.337,178.481,130.163,177.319,198.313,220.347,198.936,217.511,1
129.337,178.481,130.163,177.319,198.313,220.347,198.936,217.511,1
129.337,178.481,130.163,177.319,198.313,220.347,198.936,217.511,1
129.337,178.481,130.163,177.319,198.313,220.347,198.999,217.603,1
129.337,178.481,130.211,177.243,198.313,220.347,198.999,217.603,1
129.337,178.481,130.211,177.243,198.313,220.347,198.999,217.603,1
129.337,178.481,130.211,177.243,198.313,220.347,199.132,217.693,1
129.337,178.481,130.211,177.243,198.313,220.347,199.132,217.693,1
129.337,178.481,130.223,177.135,198.313,220.347,199.132,217.693,1
129.337,178.481,130.223,177.135,198.313,220.347,199.132,217.693,1
129.337,178.481,130.223,177.135,198.313,220.347,199.234,217.785,1
129.337,178.481,130.223,177.135,198.313,220.347,199.234,217.785,1
129.337,178.481,130.223,177.135,198.313,220.347,199.234,217.785,1
129.337,178.481,130.224,177.092,198.313,220.347,199.234,217.785,1
129.337,178.481,130.224,177.092,198.313,220.347,199.234,218.001,1
129.337,178.481,130.224,177.092,198.313,220.347,199.339,218.001,1
129.337,178.481,130.195,177.008,198.313,220.347,199.339,218.001,1
129.337,178.481,130.195,177.008,198.313,220.347,199.339,218.001,1
129.337,178.481,130.195,177.008,198.313,220.347,199.304,218.237,1
129.337,178.481,130.195,177.008,198.313,220.347,199.304,218.237,1
129.337,178.481,130.071,176.872,198.313,220.347,199.304,218.237,1
129.337,178.481,130.071,176.872,198.313,220.347,199.304,218.237,1
129.337,178.481,130.071,176.872,198.313,220.347,199.304,218.237,1
129.337,178.481,130.071,176.872,198.313,220.347,199.312,218.364,1
129.337,178.481,129.955,176.836,198.313,220.347,199.312,218.364,1
129.337,178.481,129.955,176.836,198.313,220.347,199.312,218.364,1
129.337,178.481,129.955,176.836,198.313,220.347,199.312,218.428,1
129.337,178.481,129.955,176.836,198.313,220.347,199.294,218.428,1
129.337,178.481,129.811,176.819,198.313,220.347,199.294,218.428,1
129.337,178.481,129.811,176.819,198.313,220.347,199.294,218.428,1
129.337,178.481,129.811,176.819,198.313,220.347,199.347,218.495,1
129.337,178.481,129.811,176.819,198.313,220.347,199.347,218.495,1
129.337,178.481,129.811,176.819,198.313,220.347,199.347,218.495,1
129.337,178.481,129.598,176.838,198.313,220.347,199.347,218.495,1
129.337,178.481,129.598,176.838,198.313,220.347,199.347,218.572,1
129.337,178.481,129.598,176.838,198.313,220.347,199.259,218.572,1
129.337,178.481,129.369,176.924,198.313,220.347,199.259,218.572,1
129.337,178.481,129.369,176.924,198.313,220.347,199.259,218.572,1
129.337,178.481,129.369,176.924,198.313,220.347,199.365,218.695,1
129.337,178.481,129.369,176.924,198.313,220.347,199.365,218.695,1
129.337,178.481,129.189,177.063,198.313,220.347,199.365,218.695,1
129.337,178.481,129.189,177.063,198.313,220.347,199.365,218.695,1
129.337,178.481,129.189,177.063,198.313,220.347,199.365,218.695,1
129.337,178.481,129.189,177.063,198.313,220.347,199.558,218.729,1
129.337,178.481,129.034,177.185,198.313,220.347,199.558,218.729,1
129.337,178.481,129.034,177.185,198.313,220.347,199.558,218.729,1
129.337,178.481,129.034,177.185,198.313,220.347,199.657,218.724,1
129.337,178.481,129.034,177.185,198.313,220.347,199.657,218.724,1
129.337,178.481,128.911,177.321,198.313,220.347,199.657,218.724,1
129.337,178.481,128.911,177.321,198.313,220.347,199.657,218.724,1
129.337,178.481,128.911,177.321,198.313,220.347,199.99,218.706,1
129.337,178.481,128.911,177.321,198.313,220.347,199.99,218.706,1
129.337,178.481,128.911,177.321,198.313,220.347,199.99,218.706,1
129.337,178.481,128.836,177.479,198.313,220.347,199.99,218.706,1
129.337,178.481,128.836,177.479,198.313,220.347,200.101,218.668,1
129.337,178.481,128.836,177.479,198.313,220.347,200.101,218.668,1
129.337,178.481,128.827,177.64,198.313,220.347,200.101,218.668,1
129.337,178.481,128.827,177.64,198.313,220.347,200.101,218.668,1
129.337,178.481,128.827,177.64,198.313,220.347,200.147,218.737,1
129.337,178.481,128.827,177.64,198.313,220.347,200.147,218.737,1
129.337,178.481,128.893,177.772,198.313,220.347,200.147,218.737,1
129.337,178.481,128.893,177.772,198.313,220.347,200.147,218.737,1
129.337,178.481,128.893,177.772,198.313,220.347,200.147,218.737,1
129.337,178.481,128.893,177.772,198.313,220.347,200.213,218.728,1
129.337,178.481,129.02,177.889,198.313,220.347,200.213,218.728,1
129.337,178.481,129.02,177.889,198.313,220.347,200.213,218.728,1
129.337,178.481,129.02,177.889,198.313,220.347,200.313,218.743,1
129.337,178.481,129.02,177.889,198.313,220.347,200.313,218.743,1
129.337,178.481,129.14,177.949,198.313,220.347,200.313,218.743,1
129.337,178.481,129.14,177.949,198.313,220.347,200.313,218.743,1
129.337,178.481,129.14,177.949,198.313,220.347,200.384,218.72,1
129.337,178.481,129.14,177.949,198.313,220.347,200.384,218.72,1
129.337,178.481,129.14,177.949,198.313,220.347,200.384,218.72,1
129.337,178.481,129.28,177.951,198.313,220.347,200.384,218.72,1
129.337,178.481,129.28,177.951,198.313,220.347,200.36,218.714,1
129.337,178.481,129.28,177.951,198.313,220.347,200.36,218.714,1
129.337,178.481,129.426,177.929,198.313,220.347,200.36,218.714,1
129.337,178.481,129.426,177.929,198.313,220.347,200.36,218.714,1
129.337,178.481,129.426,177.929,198.313,220.347,200.316,218.693,1
129.337,178.481,129.426,177.929,198.313,220.347,200.316,218.693,1
129.337,178.481,129.586,177.83,198.313,220.347,200.316,218.693,1
129.337,178.481,129.586,177.83,198.313,220.347,200.316,218.693,1
129.337,178.481,129.586,177.83,198.313,220.347,200.316,218.693,1
129.337,178.481,129.586,177.83,198.313,220.347,200.208,218.693,1
129.337,178.481,129.702,177.716,198.313,220.347,200.208,218.693,1
129.337,178.481,129.702,177.716,198.313,220.347,200.208,218.693,1
129.337,178.481,129.702,177.716,198.313,220.347,200.043,218.818,1
129.337,178.481,129.702,177.716,198.313,220.347,200.043,218.818,1
129.337,178.481,129.742,177.575,198.313,220.347,200.043,218.818,1
129.337,178.481,129.742,177.575,198.313,220.347,200.043,218.818,1
129.337,178.481,129.742,177.575,198.313,220.347,199.893,218.947,1
129.337,178.481,129.742,177.575,198.313,220.347,199.893,218.947,1
129.337,178.481,129.742,177.575,198.313,220.347,199.893,218.947,1
129.337,178.481,129.828,177.459,198.313,220.347,199.893,218.947,1
129.337,178.481,129.828,177.459,198.313,220.347,199.727,219.005,1
129.337,178.481,129.828,177.459,198.313,220.347,199.727,219.005,1
129.337,178.481,129.856,177.369,198.313,220.347,199.727,219.005,1
129.337,178.481,129.856,177.369,198.313,220.347,199.727,219.005,1
129.337,178.481,129.856,177.369,198.313,220.347,199.566,219.107,1
129.337,178.481,129.856,177.369,198.313,220.347,199.566,219.107,1
129.337,178.481,129.852,177.277,198.313,220.347,199.566,219.107,1
129.337,178.481,129.852,177.277,198.313,220.347,199.566,219.107,1
129.337,178.481,129.852,177.277,198.313,220.347,199.566,219.107,1
129.337,178.481,129.852,177.277,198.313,220.347,199.468,219.191,1
129.337,178.481,129.79,177.168,198.313,220.347,199.468,219.191,1
129.337,178.481,129.79,177.168,198.313,220.347,199.468,219.191,1
129.337,178.481,129.79,177.168,198.313,220.347,199.223,219.329,1
129.337,178.481,129.79,177.168,198.313,220.347,199.223,219.329,1
129.337,178.481,129.746,177.11,198.313,220.347,199.223,219.329,1
129.337,178.481,129.746,177.11,198.313,220.347,199.223,219.329,1
129.337,178.481,129.746,177.11,198.313,220.347,199.143,219.391,1
129.337,178.481,129.746,177.11,198.313,220.347,199.143,219.391,1
129.337,178.481,129.746,177.11,198.313,220.347,199.143,219.391,1
129.337,178.481,129.671,177.151,198.313,220.347,199.143,219.391,1
129.337,178.481,129.671,177.151,198.313,220.347,199.056,219.392,1
129.337,178.481,129.671,177.151,198.313,220.347,199.056,219.392,1
129.337,178.481,129.641,177.238,198.313,220.347,199.056,219.392,1
129.337,178.481,129.641,177.238,198.313,220.347,199.056,219.392,1
129.337,178.481,129.641,177.238,198.313,220.347,198.952,219.334,1
129.337,178.481,129.641,177.238,198.313,220.347,198.952,219.334,1
129.337,178.481,129.642,177.346,198.313,220.347,198.952,219.334,1
129.337,178.481,129.642,177.346,198.313,220.347,198.952,219.334,1
129.337,178.481,129.642,177.346,198.313,220.347,198.952,219.334,1
129.337,178.481,129.642,177.346,198.313,220.347,198.923,219.303,1
129.337,178.481,129.642,177.466,198.313,220.347,198.923,219.303,1
129.337,178.481,129.642,177.466,198.313,220.347,198.923,219.303,1
129.337,178.481,129.642,177.466,198.313,220.347,198.849,219.185,1
129.337,178.481,129.642,177.466,198.313,220.347,198.849,219.185,1
129.337,178.481,129.701,177.616,198.313,220.347,198.849,219.185,1
129.337,178.481,129.701,177.616,198.313,220.347,198.849,219.185,1
129.337,178.481,129.701,177.616,198.313,220.347,198.793,219.058,1
129.337,178.481,129.701,177.616,198.313,220.347,198.793,219.058,1
129.337,178.481,129.701,177.616,198.313,220.347,198.793,219.058,1
129.337,178.481,129.817,177.759,198.313,220.347,198.793,219.058,1
129.337,178.481,129.817,177.759,198.313,220.347,198.865,218.866,1
129.337,178.481,129.817,177.759,198.313,220.347,198.865,218.866,1
129.337,178.481,129.919,177.897,198.313,220.347,198.865,218.866,1
129.337,178.481,129.919,177.897,198.313,220.347,198.865,218.866,1
129.337,178.481,129.919,177.897,198.313,220.347,198.869,218.658,1
129.337,178.481,129.919,177.897,198.313,220.347,198.869,218.658,1
129.337,178.481,130.062,178.031,198.313,220.347,198.869,218.658,1
129.337,178.481,130.062,178.031,198.313,220.347,198.869,218.658,1
129.337,178.481,130.062,178.031,198.313,220.347,198.869,218.658,1
129.337,178.481,130.062,178.031,198.313,220.347,198.895,218.509,1
129.337,178.481,130.186,178.158,198.313,220.347,198.895,218.509,1
129.337,178.481,130.186,178.158,198.313,220.347,198.895,218.509,1
129.337,178.481,130.186,178.158,198.313,220.347,198.88,218.334,1
129.337,178.481,130.186,178.158,198.313,220.347,198.88,218.334,1
129.337,178.481,130.306,178.299,198.313,220.347,198.88,218.334,1
129.337,178.481,130.306,178.299,198.313,220.347,198.88,218.334,1
129.337,178.481,130.306,178.299,198.313,220.347,198.885,218.236,1
129.337,178.481,130.306,178.299,198.313,220.347,198.885,218.236,1
129.337,178.481,130.306,178.299,198.313,220.347,198.885,218.236,1
129.337,178.481,130.375,178.361,198.313,220.347,198.885,218.236,1
129.337,178.481,130.375,178.361,198.313,220.347,198.854,218.159,1
129.337,178.481,130.375,178.361,198.313,220.347,198.854,218.159,1
129.337,178.481,130.418,178.387,198.313,220.347,198.854,218.159,1
129.337,178.481,130.418,178.387,198.313,220.347,198.854,218.159,1
129.337,178.481,130.418,178.387,198.313,220.347,198.829,218.014,1
129.337,178.481,130.418,178.387,198.313,220.347,198.829,218.014,1
129.337,178.481,130.467,178.489,198.313,220.347,198.829,218.014,1
129.337,178.481,130.467,178.489,198.313,220.347,198.829,218.014,1
129.337,178.481,130.467,178.489,198.313,220.347,198.829,218.014,1
129.337,178.481,130.467,178.489,198.313,220.347,198.927,217.924,1
129.337,178.481,130.473,178.572,198.313,220.347,198.927,217.924,1
129.337,178.481,130.473,178.572,198.313,220.347,198.927,217.924,1
129.337,178.481,130.473,178.572,198.313,220.347,198.937,217.84,1
129.337,178.481,130.473,178.572,198.313,220.347,198.937,217.84,1
129.337,178.481,130.36,178.606,198.313,220.347,198.937,217.84,1
129.337,178.481,130.36,178.606,198.313,220.347,198.937,217.84,1
129.337,178.481,130.36,178.606,198.313,220.347,198.888,217.823,1
129.337,178.481,130.36,178.606,198.313,220.347,198.888,217.823,1
129.337,178.481,130.36,178.606,198.313,220.347,198.888,217.823,1
129.337,178.481,130.292,178.646,198.313,220.347,198.888,217.823,1
129.337,178.481,130.292,178.646,198.313,220.347,198.949,217.726,1
129.337,178.481,130.292,178.646,198.313,220.347,198.949,217.726,1
129.337,178.481,130.339,178.645,198.313,220.347,198.949,217.726,1
129.337,178.481,130.339,178.645,198.313,220.347,198.949,217.726,1
129.337,178.481,130.339,178.645,198.313,220.347,198.968,217.754,1
129.337,178.481,130.339,178.645,198.313,220.347,198.968,217.754,1
129.337,178.481,130.163,178.726,198.313,220.347,198.968,217.754,1
129.337,178.481,130.163,178.726,198.313,220.347,198.968,217.754,1
129.337,178.481,130.163,178.726,198.313,220.347,198.968,217.754,1
129.337,178.481,130.163,178.726,198.313,220.347,199.006,217.764,1
129.337,178.481,130.088,178.827,198.313,220.347,199.006,217.764,1
129.337,178.481,130.088,178.827,198.313,220.347,199.006,217.764,1
129.337,178.481,130.088,178.827,198.313,220.347,199.111,217.784,1
129.337,178.481,130.088,178.827,198.313,220.347,199.111,217.784,1
129.337,178.481,129.998,178.986,198.313,220.347,199.111,217.784,1
129.337,178.481,129.998,178.986,198.313,220.347,199.111,217.784,1
129.337,178.481,129.998,178.986,198.313,220.347,199.28,217.83,1
129.337,178.481,129.998,178.986,198.313,220.347,199.28,217.83,1
129.337,178.481,129.998,178.986,198.313,220.347,199.28,217.83,1
129.337,178.481,129.864,179.102,198.313,220.347,199.28,217.83,1
129.337,178.481,129.864,179.102,198.313,220.347,199.438,217.903,1
129.337,178.481,129.864,179.102,198.313,220.347,199.438,217.903,1
129.337,178.481,129.784,179.232,198.313,220.347,199.438,217.903,1
129.337,178.481,129.784,179.232,198.313,220.347,199.438,217.903,1
129.337,178.481,129.784,179.232,198.313,220.347,199.537,217.984,1
129.337,178.481,129.784,179.232,198.313,220.347,199.537,217.984,1
129.337,178.481,129.78,179.341,198.313,220.347,199.537,217.984,1
129.337,178.481,129.78,179.341,198.313,220.347,199.537,217.984,1
129.337,178.481,129.78,179.341,198.313,220.347,199.537,217.984,1
129.337,178.481,129.78,179.341,198.313,220.347,199.63,218.017,1
129.337,178.481,129.851,179.426,198.313,220.347,199.63,218.017,1
129.337,178.481,129.851,179.426,198.313,220.347,199.63,218.017,1
129.337,178.481,129.851,179.426,198.313,220.347,199.652,218.097,1
129.337,178.481,129.851,179.426,198.313,220.347,199.652,218.097,1
129.337,178.481,129.916,179.426,198.313,220.347,199.652,218.097,1
129.337,178.481,129.916,179.426,198.313,220.347,199.652,218.097,1
129.337,178.481,129.916,179.426,198.313,220.347,199.694,218.117,1
129.337,178.481,129.916,179.426,198.313,220.347,199.694,218.117,1
129.337,178.481,129.916,179.426,198.313,220.347,199.694,218.117,1
129.337,178.481,130,179.381,198.313,220.347,199.694,218.117,1
129.337,178.481,130,179.381,198.313,220.347,199.662,218.236,1
129.337,178.481,130,179.381,198.313,220.347,199.662,218.236,1
129.337,178.481,130.069,179.307,198.313,220.347,199.662,218.236,1
129.337,178.481,130.069,179.307,198.313,220.347,199.662,218.236,1
129.337,178.481,130.069,179.307,198.313,220.347,199.552,218.287,1
129.337,178.481,130.069,179.307,198.313,220.347,199.552,218.287,1
129.337,178.481,130.178,179.18,198.313,220.347,199.552,218.287,1
129.337,178.481,130.178,179.18,198.313,220.347,199.552,218.287,1
129.337,178.481,130.178,179.18,198.313,220.347,199.552,218.287,1
129.337,178.481,130.178,179.18,198.313,220.347,199.475,218.382,1
129.337,178.481,130.288,179.029,198.313,220.347,199.475,218.382,1
129.337,178.481,130.288,179.029,198.313,220.347,199.475,218.382,1
129.337,178.481,130.288,179.029,198.313,220.347,199.408,218.486,1
129.337,178.481,130.288,179.029,198.313,220.347,199.408,218.486,1
129.337,178.481,130.333,178.877,198.313,220.347,199.408,218.486,1
129.337,178.481,130.333,178.877,198.313,220.347,199.408,218.486,1
129.337,178.481,130.333,178.877,198.313,220.347,199.369,218.634,1
129.337,178.481,130.333,178.877,198.313,220.347,199.369,218.634,1
129.337,178.481,130.333,178.877,198.313,220.347,199.369,218.634,1
129.337,178.481,130.332,178.65,198.313,220.347,199.369,218.634,1
129.337,178.481,130.332,178.65,198.313,220.347,199.286,218.816,1
129.337,178.481,130.332,178.65,198.313,220.347,199.286,218.816,1
129.337,178.481,130.297,178.434,198.313,220.347,199.286,218.816,1
129.337,178.481,130.297,178.434,198.313,220.347,199.286,218.816,1
129.337,178.481,130.297,178.434,198.313,220.347,199.197,219.016,1
129.337,178.481,130.297,178.434,198.313,220.347,199.197,219.016,1
129.337,178.481,130.173,178.182,198.313,220.347,199.197,219.016,1
129.337,178.481,130.173,178.182,198.313,220.347,199.197,219.016,1
129.337,178.481,130.173,178.182,198.313,220.347,199.197,219.016,1
129.337,178.481,130.173,178.182,198.313,220.347,199.154,219.185,1
129.337,178.481,130.034,177.994,198.313,220.347,199.154,219.185,1
129.337,178.481,130.034,177.994,198.313,220.347,199.154,219.185,1
129.337,178.481,130.034,177.994,198.313,220.347,199.115,219.326,1
129.337,178.481,130.034,177.994,198.313,220.347,199.115,219.326,1
129.337,178.481,129.867,177.893,198.313,220.347,199.115,219.326,1
129.337,178.481,129.867,177.893,198.313,220.347,199.115,219.326,1
129.337,178.481,129.867,177.893,198.313,220.347,199.109,219.465,1
129.337,178.481,129.867,177.893,198.313,220.347,199.109,219.465,1
129.337,178.481,129.867,177.893,198.313,220.347,199.109,219.465,1
129.337,178.481,129.63,177.761,198.313,220.347,199.109,219.465,1
129.337,178.481,129.63,177.761,198.313,220.347,199.165,219.659,1
129.337,178.481,129.63,177.761,198.313,220.347,199.165,219.659,1
129.337,178.481,129.418,177.715,198.313,220.347,199.165,219.659,1
129.337,178.481,129.418,177.715,198.313,220.347,199.165,219.659,1
129.337,178.481,129.418,177.715,198.313,220.347,199.222,219.859,1
129.337,178.481,129.418,177.715,198.313,220.347,199.222,219.859,1
129.337,178.481,129.212,177.663,198.313,220.347,199.222,219.859,1
129.337,178.481,129.212,177.663,198.313,220.347,199.222,219.859,1
129.337,178.481,129.212,177.663,198.313,220.347,199.222,219.859,1
129.337,178.481,129.212,177.663,198.313,220.347,199.351,220.052,1
129.337,178.481,129.021,177.627,198.313,220.347,199.351,220.052,1
129.337,178.481,129.021,177.627,198.313,220.347,199.351,220.052,1
129.337,178.481,129.021,177.627,198.313,220.347,199.51,220.135,1
129.337,178.481,129.021,177.627,198.313,220.347,199.51,220.135,1
129.337,178.481,128.869,177.628,198.313,220.347,199.51,220.135,1
129.337,178.481,128.869,177.628,198.313,220.347,199.51,220.135,1
129.337,178.481,128.869,177.628,198.313,220.347,199.566,220.469,1
129.337,178.481,128.869,177.628,198.313,220.347,199.566,220.469,1
129.337,178.481,128.869,177.628,198.313,220.347,199.566,220.469,1
129.337,178.481,128.75,177.632,198.313,220.347,199.566,220.469,1
129.337,178.481,128.75,177.632,198.313,220.347,199.699,220.63,1
129.337,178.481,128.75,177.632,198.313,220.347,199.699,220.63,1
129.337,178.481,128.739,177.687,198.313,220.347,199.699,220.63,1
129.337,178.481,128.739,177.687,198.313,220.347,199.699,220.63,1
129.337,178.481,128.739,177.687,198.313,220.347,199.717,220.738,1
129.337,178.481,128.739,177.687,198.313,220.347,199.717,220.738,1
129.337,178.481,128.768,177.751,198.313,220.347,199.717,220.738,1
129.337,178.481,128.768,177.751,198.313,220.347,199.717,220.738,1
129.337,178.481,128.768,177.751,198.313,220.347,199.717,220.738,1
129.337,178.481,128.768,177.751,198.313,220.347,199.734,220.827,1
129.337,178.481,128.819,177.74,198.313,220.347,199.734,220.827,1
129.337,178.481,128.819,177.74,198.313,220.347,199.734,220.827,1
129.337,178.481,128.819,177.74,198.313,220.347,199.74,220.935,1
129.337,178.481,128.819,177.74,198.313,220.347,199.74,220.935,1
129.337,178.481,128.875,177.709,198.313,220.347,199.74,220.935,1
129.337,178.481,128.875,177.709,198.313,220.347,199.74,220.935,1
129.337,178.481,128.875,177.709,198.313,220.347,199.698,220.93,1
129.337,178.481,128.875,177.709,198.313,220.347,199.698,220.93,1
129.337,178.481,128.875,177.709,198.313,220.347,199.698,220.93,1
129.337,178.481,128.947,177.662,198.313,220.347,199.698,220.93,1
129.337,178.481,128.947,177.662,198.313,220.347,199.612,220.935,1
129.337,178.481,128.947,177.662,198.313,220.347,199.612,220.935,1
129.337,178.481,128.998,177.568,198.313,220.347,199.612,220.935,1
129.337,178.481,128.998,177.568,198.313,220.347,199.612,220.935,1
129.337,178.481,128.998,177.568,198.313,220.347,199.562,221.031,1
129.337,178.481,128.998,177.568,198.313,220.347,199.562,221.031,1
129.337,178.481,129.05,177.454,198.313,220.347,199.562,221.031,1
129.337,178.481,129.05,177.454,198.313,220.347,199.562,221.031,1
129.337,178.481,129.05,177.454,198.313,220.347,199.562,221.031,1
129.337,178.481,129.05,177.454,198.313,220.347,199.446,220.985,1
129.337,178.481,128.946,177.287,198.313,220.347,199.446,220.985,1
129.337,178.481,128.946,177.287,198.313,220.347,199.446,220.985,1
129.337,178.481,128.946,177.287,198.313,220.347,199.481,221.073,1
129.337,178.481,128.946,177.287,198.313,220.347,199.481,221.073,1
129.337,178.481,128.862,176.958,198.313,220.347,199.481,221.073,1
129.337,178.481,128.862,176.958,198.313,220.347,199.481,221.073,1
129.337,178.481,128.862,176.958,198.313,220.347,199.353,221.059,1
129.337,178.481,128.862,176.958,198.313,220.347,199.353,221.059,1
129.337,178.481,128.862,176.958,198.313,220.347,199.353,221.059,1
129.337,178.481,128.751,176.875,198.313,220.347,199.353,221.059,1
129.337,178.481,128.751,176.875,198.313,220.347,199.339,221.029,1
129.337,178.481,128.751,176.875,198.313,220.347,199.339,221.029,1
129.337,178.481,128.614,176.693,198.313,220.347,199.339,221.029,1
129.337,178.481,128.614,176.693,198.313,220.347,199.339,221.029,1
129.337,178.481,128.614,176.693,198.313,220.347,199.27,221.041,1
129.337,178.481,128.614,176.693,198.313,220.347,199.27,221.041,1
129.337,178.481,128.434,176.484,198.313,220.347,199.27,221.041,1
129.337,178.481,128.434,176.484,198.313,220.347,199.27,221.041,1
129.337,178.481,128.434,176.484,198.313,220.347,199.27,221.041,1
129.337,178.481,128.434,176.484,198.313,220.347,199.274,221.032,1
129.337,178.481,128.256,176.452,198.313,220.347,199.274,221.032,1
129.337,178.481,128.256,176.452,198.313,220.347,199.274,221.032,1
129.337,178.481,128.256,176.452,198.313,220.347,199.387,220.991,1
129.337,178.481,128.256,176.452,198.313,220.347,199.387,220.991,1
129.337,178.481,128.051,176.369,198.313,220.347,199.387,220.991,1
129.337,178.481,128.051,176.369,198.313,220.347,199.387,220.991,1
129.337,178.481,128.051,176.369,198.313,220.347,199.476,220.965,1
129.337,178.481,128.051,176.369,198.313,220.347,199.476,220.965,1
129.337,178.481,128.051,176.369,198.313,220.347,199.476,220.965,1
129.337,178.481,127.896,176.401,198.313,220.347,199.476,220.965,1
129.337,178.481,127.896,176.401,198.313,220.347,199.626,221,1
129.337,178.481,127.896,176.401,198.313,220.347,199.626,221,1
129.337,178.481,127.785,176.469,198.313,220.347,199.626,221,1
129.337,178.481,127.785,176.469,198.313,220.347,199.626,221,1
129.337,178.481,127.785,176.469,198.313,220.347,199.703,220.948,1
129.337,178.481,127.785,176.469,198.313,220.347,199.703,220.948,1
129.337,178.481,127.748,176.494,198.313,220.347,199.703,220.948,1
129.337,178.481,127.748,176.494,198.313,220.347,199.703,220.948,1
129.337,178.481,127.748,176.494,198.313,220.347,199.703,220.948,1
129.337,178.481,127.748,176.494,198.313,220.347,199.775,220.881,1
129.337,178.481,127.742,176.647,198.313,220.347,199.775,220.881,1
129.337,178.481,127.742,176.647,198.313,220.347,199.775,220.885,1
129.337,178.481,127.742,176.647,198.313,220.347,199.845,220.885,1
129.337,178.481,127.742,176.647,198.313,220.347,199.845,220.885,1
129.337,178.481,127.825,176.781,198.313,220.347,199.845,220.885,1
129.337,178.481,127.825,176.781,198.313,220.347,199.845,220.885,1
129.337,178.481,127.825,176.781,198.313,220.347,199.889,220.834,1
129.337,178.481,127.825,176.781,198.313,220.347,199.889,220.834,1
129.337,178.481,127.825,176.781,198.313,220.347,199.889,220.834,1
129.337,178.481,127.936,176.864,198.313,220.347,199.889,220.834,1
129.337,178.481,127.936,176.864,198.313,220.347,199.919,220.756,1
129.337,178.481,127.936,176.864,198.313,220.347,199.919,220.756,1
129.337,178.481,128.122,176.947,198.313,220.347,199.919,220.756,1
129.337,178.481,128.122,176.947,198.313,220.347,199.919,220.756,1
129.337,178.481,128.122,176.947,198.313,220.347,199.854,220.741,1
129.337,178.481,128.122,176.947,198.313,220.347,199.854,220.741,1
129.337,178.481,128.378,177.011,198.313,220.347,199.854,220.741,1
129.337,178.481,128.378,177.011,198.313,220.347,199.854,220.741,1
129.337,178.481,128.378,177.011,198.313,220.347,199.854,220.741,1
129.337,178.481,128.378,177.011,198.313,220.347,199.846,220.632,1
129.337,178.481,128.649,177.036,198.313,220.347,199.846,220.632,1
129.337,178.481,128.649,177.036,198.313,220.347,199.846,220.632,1
129.337,178.481,128.649,177.036,198.313,220.347,199.772,220.446,1
129.337,178.481,128.649,177.036,198.313,220.347,199.772,220.446,1
129.337,178.481,128.896,177.116,198.313,220.347,199.772,220.446,1
129.337,178.481,128.896,177.116,198.313,220.347,199.772,220.446,1
129.337,178.481,128.896,177.116,198.313,220.347,199.648,220.261,1
129.337,178.481,128.896,177.116,198.313,220.347,199.648,220.261,1
129.337,178.481,128.896,177.116,198.313,220.347,199.648,220.261,1
129.337,178.481,129.106,177.091,198.313,220.347,199.648,220.261,1
129.337,178.481,129.106,177.091,198.313,220.347,199.466,220.1,1
129.337,178.481,129.106,177.091,198.313,220.347,199.466,220.1,1
129.337,178.481,129.294,177.049,198.313,220.347,199.466,220.1,1
129.337,178.481,129.294,177.049,198.313,220.347,199.466,219.941,1
129.337,178.481,129.294,177.049,198.313,220.347,199.258,219.941,1
129.337,178.481,129.294,177.049,198.313,220.347,199.258,219.941,1
129.337,178.481,129.471,177.134,198.313,220.347,199.258,219.941,1
129.337,178.481,129.471,177.134,198.313,220.347,199.258,219.941,1
129.337,178.481,129.471,177.134,198.313,220.347,199.258,219.941,1
129.337,178.481,129.471,177.134,198.313,220.347,199.084,219.73,1
129.337,178.481,129.589,177.175,198.313,220.347,199.084,219.73,1
129.337,178.481,129.589,177.175,198.313,220.347,199.084,219.73,1
129.337,178.481,129.589,177.175,198.313,220.347,199.023,219.484,1
129.337,178.481,129.589,177.175,198.313,220.347,199.023,219.484,1
129.337,178.481,129.582,177.205,198.313,220.347,199.023,219.484,1
129.337,178.481,129.582,177.205,198.313,220.347,199.023,219.484,1
129.337,178.481,129.582,177.205,198.313,220.347,198.808,219.442,1
129.337,178.481,129.582,177.205,198.313,220.347,198.808,219.442,1
129.337,178.481,129.582,177.205,198.313,220.347,198.808,219.442,1
129.337,178.481,129.564,177.256,198.313,220.347,198.808,219.442,1
129.337,178.481,129.564,177.256,198.313,220.347,198.698,219.355,1
129.337,178.481,129.564,177.256,198.313,220.347,198.698,219.355,1
129.337,178.481,129.533,177.281,198.313,220.347,198.698,219.355,1
129.337,178.481,129.533,177.281,198.313,220.347,198.698,219.355,1
129.337,178.481,129.533,177.281,198.313,220.347,198.674,219.348,1
129.337,178.481,129.533,177.281,198.313,220.347,198.674,219.348,1
129.337,178.481,129.477,177.378,198.313,220.347,198.674,219.348,1
129.337,178.481,129.477,177.378,198.313,220.347,198.674,219.231,1
129.337,178.481,129.477,177.378,198.313,220.347,198.674,219.231,1
129.337,178.481,129.477,177.378,198.313,220.347,198.587,219.231,1
129.337,178.481,129.392,177.431,198.313,220.347,198.587,219.231,1
129.337,178.481,129.392,177.431,198.313,220.347,198.587,219.231,1
129.337,178.481,129.392,177.431,198.313,220.347,198.595,219.152,1
129.337,178.481,129.392,177.431,198.313,220.347,198.595,219.152,1
129.337,178.481,129.286,177.462,198.313,220.347,198.595,219.152,1
129.337,178.481,129.286,177.462,198.313,220.347,198.595,219.152,1
129.337,178.481,129.286,177.462,198.313,220.347,198.654,219.114,1
129.337,178.481,129.286,177.462,198.313,220.347,198.654,219.114,1
129.337,178.481,129.286,177.462,198.313,220.347,198.654,219.114,1
129.337,178.481,129.249,177.577,198.313,220.347,198.654,219.114,1
129.337,178.481,129.249,177.577,198.313,220.347,198.698,219.018,1
129.337,178.481,129.249,177.577,198.313,220.347,198.698,219.018,1
129.337,178.481,129.248,177.654,198.313,220.347,198.698,219.018,1
129.337,178.481,129.248,177.654,198.313,220.347,198.698,219.018,1
129.337,178.481,129.248,177.654,198.313,220.347,198.605,219.018,1
129.337,178.481,129.248,177.654,198.313,220.347,198.605,219.018,1
129.337,178.481,129.292,177.695,198.313,220.347,198.605,219.018,1
129.337,178.481,129.292,177.695,198.313,220.347,198.605,219.018,1
129.337,178.481,129.292,177.695,198.313,220.347,198.605,219.018,1
129.337,178.481,129.292,177.695,198.313,220.347,198.741,218.962,1
129.337,178.481,129.336,177.735,198.313,220.347,198.741,218.962,1
129.337,178.481,129.336,177.735,198.313,220.347,198.741,218.962,1
129.337,178.481,129.336,177.735,198.313,220.347,198.77,218.961,1
129.337,178.481,129.336,177.735,198.313,220.347,198.77,218.961,1
129.337,178.481,129.432,177.749,198.313,220.347,198.77,218.961,1
129.337,178.481,129.432,177.749,198.313,220.347,198.77,219.052,1
129.337,178.481,129.432,177.749,198.313,220.347,198.853,219.052,1
129.337,178.481,129.432,177.749,198.313,220.347,198.853,219.052,1
129.337,178.481,129.432,177.749,198.313,220.347,198.853,219.052,1
129.337,178.481,129.572,177.833,198.313,220.347,198.853,219.052,1
129.337,178.481,129.572,177.833,198.313,220.347,198.985,219.128,1
129.337,178.481,129.572,177.833,198.313,220.347,198.985,219.128,1
129.337,178.481,129.743,177.873,198.313,220.347,198.985,219.128,1
129.337,178.481,129.743,177.873,198.313,220.347,198.985,219.128,1
129.337,178.481,129.743,177.873,198.313,220.347,198.966,219.16,1
129.337,178.481,129.743,177.873,198.313,220.347,198.966,219.16,1
129.337,178.481,129.908,177.852,198.313,220.347,198.966,219.16,1
129.337,178.481,129.908,177.852,198.313,220.347,198.966,219.137,1
129.337,178.481,129.908,177.852,198.313,220.347,198.966,219.137,1
129.337,178.481,129.908,177.852,198.313,220.347,199.026,219.137,1
129.337,178.481,129.999,177.83,198.313,220.347,199.026,219.137,1
129.337,178.481,129.999,177.83,198.313,220.347,199.026,219.212,1
129.337,178.481,129.999,177.83,198.313,220.347,199.033,219.212,1
129.337,178.481,129.999,177.83,198.313,220.347,199.033,219.212,1
129.337,178.481,130.035,177.852,198.313,220.347,199.033,219.212,1
129.337,178.481,130.035,177.852,198.313,220.347,199.033,219.188,1
129.337,178.481,130.035,177.852,198.313,220.347,198.876,219.188,1
129.337,178.481,130.035,177.852,198.313,220.347,198.876,219.188,1
129.337,178.481,130.035,177.852,198.313,220.347,198.876,219.188,1
129.337,178.481,130.068,177.886,198.313,220.347,198.876,219.188,1
129.337,178.481,130.068,177.886,198.313,220.347,198.824,219.127,1
129.337,178.481,130.068,177.886,198.313,220.347,198.824,219.127,1
129.337,178.481,130.108,177.946,198.313,220.347,198.824,219.127,1
129.337,178.481,130.108,177.946,198.313,220.347,198.824,219.107,1
129.337,178.481,130.108,177.946,198.313,220.347,198.699,219.107,1
129.337,178.481,130.108,177.946,198.313,220.347,198.699,219.107,1
129.337,178.481,130.054,177.999,198.313,220.347,198.699,219.107,1
129.337,178.481,130.054,177.999,198.313,220.347,198.699,219.121,1
129.337,178.481,130.054,177.999,198.313,220.347,198.699,219.121,1
129.337,178.481,130.054,177.999,198.313,220.347,198.723,219.121,1
129.337,178.481,129.944,178.065,198.313,220.347,198.723,219.121,1
129.337,178.481,129.944,178.065,198.313,220.347,198.723,219.121,1
129.337,178.481,129.944,178.065,198.313,220.347,198.723,219.121,1
129.337,178.481,129.944,178.065,198.313,220.347,198.791,219.113,1
129.337,178.481,129.774,178.152,198.313,220.347,198.791,219.113,1
129.337,178.481,129.774,178.152,198.313,220.347,198.791,219.144,1
129.337,178.481,129.774,178.152,198.313,220.347,198.836,219.144,1
129.337,178.481,129.774,178.152,198.313,220.347,198.836,219.144,1
129.337,178.481,129.774,178.152,198.313,220.347,198.836,219.144,1
129.337,178.481,129.652,178.291,198.313,220.347,198.836,219.144,1
129.337,178.481,129.652,178.291,198.313,220.347,198.965,219.116,1
129.337,178.481,129.652,178.291,198.313,220.347,198.965,219.116,1
129.337,178.481,129.543,178.41,198.313,220.347,198.965,219.116,1
129.337,178.481,129.543,178.41,198.313,220.347,198.965,219.197,1
129.337,178.481,129.543,178.41,198.313,220.347,199.052,219.197,1
129.337,178.481,129.543,178.41,198.313,220.347,199.052,219.197,1
129.337,178.481,129.414,178.55,198.313,220.347,199.052,219.197,1
129.337,178.481,129.414,178.55,198.313,220.347,199.052,219.4,1
129.337,178.481,129.414,178.55,198.313,220.347,199.052,219.4,1
129.337,178.481,129.414,178.55,198.313,220.347,199.053,219.4,1
129.337,178.481,129.288,178.654,198.313,220.347,199.053,219.4,1
129.337,178.481,129.288,178.654,198.313,220.347,199.053,219.4,1
129.337,178.481,129.288,178.654,198.313,220.347,199.246,219.552,1
129.337,178.481,129.288,178.654,198.313,220.347,199.246,219.552,1
129.337,178.481,129.189,178.663,198.313,220.347,199.246,219.552,1
129.337,178.481,129.189,178.663,198.313,220.347,199.246,219.798,1
129.337,178.481,129.189,178.663,198.313,220.347,199.461,219.798,1
129.337,178.481,129.189,178.663,198.313,220.347,199.461,219.798,1
129.337,178.481,129.189,178.663,198.313,220.347,199.461,219.798,1
129.337,178.481,129.156,178.733,198.313,220.347,199.461,219.798,1
129.337,178.481,129.156,178.733,198.313,220.347,199.633,220.054,1
129.337,178.481,129.156,178.733,198.313,220.347,199.633,220.054,1
129.337,178.481,129.291,178.714,198.313,220.347,199.633,220.054,1
129.337,178.481,129.291,178.714,198.313,220.347,199.633,220.054,1
129.337,178.481,129.291,178.714,198.313,220.347,199.674,220.293,1
129.337,178.481,129.291,178.714,198.313,220.347,199.674,220.293,1
129.337,178.481,129.275,178.741,198.313,220.347,199.674,220.293,1
129.337,178.481,129.275,178.741,198.313,220.347,199.674,220.396,1
129.337,178.481,129.275,178.741,198.313,220.347,199.674,220.396,1
129.337,178.481,129.275,178.741,198.313,220.347,199.622,220.396,1
129.337,178.481,129.284,178.701,198.313,220.347,199.622,220.396,1
129.337,178.481,129.284,178.701,198.313,220.347,199.622,220.396,1
129.337,178.481,129.284,178.701,198.313,220.347,199.715,220.639,1
129.337,178.481,129.284,178.701,198.313,220.347,199.715,220.639,1
129.337,178.481,129.344,178.653,198.313,220.347,199.715,220.639,1
129.337,178.481,129.344,178.653,198.313,220.347,199.715,220.91,1
129.337,178.481,129.344,178.653,198.313,220.347,199.703,220.91,1
129.337,178.481,129.344,178.653,198.313,220.347,199.703,220.91,1
129.337,178.481,129.344,178.653,198.313,220.347,199.703,220.91,1
129.337,178.481,129.402,178.6,198.313,220.347,199.703,221.061,1
129.337,178.481,129.402,178.6,198.313,220.347,199.789,221.061,1
129.337,178.481,129.402,178.6,198.313,220.347,199.789,221.061,1
129.337,178.481,129.382,178.558,198.313,220.347,199.789,221.061,1
129.337,178.481,129.382,178.558,198.313,220.347,199.789,221.264,1
129.337,178.481,129.382,178.558,198.313,220.347,199.789,221.264,1
129.337,178.481,129.382,178.558,198.313,220.347,199.822,221.264,1
129.337,178.481,129.367,178.511,198.313,220.347,199.822,221.264,1
129.337,178.481,129.367,178.511,198.313,220.347,199.822,221.323,1
129.337,178.481,129.367,178.511,198.313,220.347,199.822,221.323,1
129.337,178.481,129.367,178.511,198.313,220.347,199.794,221.323,1
129.337,178.481,129.303,178.47,198.313,220.347,199.794,221.323,1
129.337,178.481,129.303,178.47,198.313,220.347,199.794,221.412,1
